Timestamp,Epoch,Symbol,Price,Delta_Change,Change_Percent
2026-09-11 19:40:46.649,1789135846,R_10,4833.8650,0.0000,0.000
2026-09-11 19:40:48.751,1789135848,R_10,4833.9600,0.0000,0.000
2026-09-11 19:40:50.489,1789135850,R_10,4833.9080,0.0000,0.000
2026-09-11 19:40:52.595,1789135852,R_10,4833.9790,0.0000,0.000
2026-09-11 19:40:54.599,1789135854,R_10,4834.0650,0.0000,0.000
2026-09-11 19:40:56.539,1789135856,R_10,4834.1780,0.0000,0.000
2026-09-11 19:40:58.592,1789135858,R_10,4834.2550,0.0000,0.000
2026-09-11 19:41:00.536,1789135860,R_10,4834.2410,0.0000,0.000
2026-09-11 19:41:02.528,1789135862,R_10,4834.3400,0.0000,0.000
2026-09-11 19:41:04.594,1789135864,R_10,4834.3260,0.0000,0.000
2026-09-11 19:41:06.492,1789135866,R_10,4834.2140,0.0000,0.000
2026-09-11 19:41:08.697,1789135868,R_10,4834.2430,0.0000,0.000
2026-09-11 19:41:10.671,1789135870,R_10,4834.1330,0.0000,0.000
2026-09-11 19:41:12.613,1789135872,R_10,4834.2470,0.0000,0.000
2026-09-11 19:41:14.519,1789135874,R_10,4834.0620,0.0000,0.000
2026-09-11 19:41:16.549,1789135876,R_10,4834.0070,0.0000,0.000
2026-09-11 19:41:18.631,1789135878,R_10,4833.9600,0.0000,0.000
2026-09-11 19:41:20.525,1789135880,R_10,4833.7530,0.0000,0.000
2026-09-11 19:41:22.568,1789135882,R_10,4833.7390,0.0000,0.000
2026-09-11 19:41:24.504,1789135884,R_10,4833.4420,0.0000,0.000
2026-09-11 19:41:26.499,1789135886,R_10,4833.3210,0.0000,0.000
2026-09-11 19:41:28.699,1789135888,R_10,4833.4130,0.0000,0.000
2026-09-11 19:41:30.551,1789135890,R_10,4833.4740,0.0000,0.000
2026-09-11 19:41:32.486,1789135892,R_10,4833.4280,0.0000,0.000
2026-09-11 19:41:34.493,1789135894,R_10,4833.4500,0.0000,0.000
2026-09-11 19:41:36.583,1789135896,R_10,4833.2930,0.0000,0.000
2026-09-11 19:41:38.701,1789135898,R_10,4833.5180,0.0000,0.000
2026-09-11 19:41:40.673,1789135900,R_10,4833.1690,0.0000,0.000
2026-09-11 19:41:42.609,1789135902,R_10,4833.2540,0.0000,0.000
2026-09-11 19:41:44.514,1789135904,R_10,4833.1250,0.0000,0.000
2026-09-11 19:41:46.587,1789135906,R_10,4833.2310,0.0000,0.000
2026-09-11 19:41:48.594,1789135908,R_10,4833.0070,0.0000,0.000
2026-09-11 19:41:50.565,1789135910,R_10,4833.1600,0.0000,0.000
2026-09-11 19:41:52.557,1789135912,R_10,4833.0990,0.0000,0.000
2026-09-11 19:41:54.528,1789135914,R_10,4833.3370,0.0000,0.000
2026-09-11 19:41:56.550,1789135916,R_10,4833.5070,0.0000,0.000
2026-09-11 19:41:58.509,1789135918,R_10,4833.6500,0.0000,0.000
2026-09-11 19:42:00.497,1789135920,R_10,4833.6360,0.0000,0.000
2026-09-11 19:42:02.549,1789135922,R_10,4833.4020,0.0000,0.000
2026-09-11 19:42:04.488,1789135924,R_10,4833.4400,0.0000,0.000
2026-09-11 19:42:06.528,1789135926,R_10,4833.4480,0.0000,0.000
2026-09-11 19:42:08.688,1789135928,R_10,4833.7330,0.0000,0.000
2026-09-11 19:42:10.632,1789135930,R_10,4833.7230,0.0000,0.000
2026-09-11 19:42:12.577,1789135932,R_10,4833.9220,0.0000,0.000
2026-09-11 19:42:14.494,1789135934,R_10,4833.9680,0.0000,0.000
2026-09-11 19:42:16.806,1789135936,R_10,4833.9290,0.0000,0.000
2026-09-11 19:42:18.567,1789135938,R_10,4833.9750,0.0000,0.000
2026-09-11 19:42:20.519,1789135940,R_10,4834.0650,0.0000,0.000
2026-09-11 19:42:22.593,1789135942,R_10,4833.8740,0.0000,0.000
2026-09-11 19:42:24.507,1789135944,R_10,4834.0030,0.0000,0.000
2026-09-11 19:42:26.529,1789135946,R_10,4833.9670,0.0000,0.000
2026-09-11 19:42:28.774,1789135948,R_10,4833.8010,0.0000,0.000
2026-09-11 19:42:30.548,1789135950,R_10,4833.6960,0.0000,0.000
2026-09-11 19:42:32.484,1789135952,R_10,4833.6040,0.0000,0.000
2026-09-11 19:42:34.492,1789135954,R_10,4833.6630,0.0000,0.000
2026-09-11 19:42:36.565,1789135956,R_10,4833.6430,0.0000,0.000
2026-09-11 19:42:38.465,1789135958,R_10,4833.7950,0.0000,0.000
2026-09-11 19:42:40.637,1789135960,R_10,4833.8530,0.0000,0.000
2026-09-11 19:42:42.632,1789135962,R_10,4833.9940,0.0000,0.000
2026-09-11 19:42:44.678,1789135964,R_10,4833.8690,0.0000,0.000
2026-09-11 19:42:46.522,1789135966,R_10,4833.7550,0.0000,0.000
2026-09-11 19:42:48.511,1789135968,R_10,4834.1270,0.0000,0.000
2026-09-11 19:42:50.492,1789135970,R_10,4833.9760,0.0000,0.000
2026-09-11 19:42:52.564,1789135972,R_10,4833.7850,0.0000,0.000
2026-09-11 19:42:54.867,1789135974,R_10,4833.6520,0.0000,0.000
2026-09-11 19:42:56.492,1789135976,R_10,4833.6260,0.0000,0.000
2026-09-11 19:42:58.541,1789135978,R_10,4833.9010,0.0000,0.000
2026-09-11 19:43:00.526,1789135980,R_10,4834.1380,0.0000,0.000
2026-09-11 19:43:02.578,1789135982,R_10,4834.3210,0.0000,0.000
2026-09-11 19:43:04.544,1789135984,R_10,4834.1790,0.0000,0.000
2026-09-11 19:43:06.484,1789135986,R_10,4834.3890,0.0000,0.000
2026-09-11 19:43:08.852,1789135988,R_10,4834.3260,0.0000,0.000
2026-09-11 19:43:10.645,1789135990,R_10,4834.4100,0.0000,0.000
2026-09-11 19:43:12.593,1789135992,R_10,4834.5000,0.0000,0.000
2026-09-11 19:43:14.502,1789135994,R_10,4834.4460,0.0000,0.000
2026-09-11 19:43:16.508,1789135996,R_10,4834.4840,0.0000,0.000
2026-09-11 19:43:18.528,1789135998,R_10,4834.6150,0.0000,0.000
2026-09-11 19:43:20.535,1789136000,R_10,4834.6810,0.0000,0.000
2026-09-11 19:43:22.483,1789136002,R_10,4834.8460,0.0000,0.000
2026-09-11 19:43:24.563,1789136004,R_10,4835.0230,0.0000,0.000
2026-09-11 19:43:26.561,1789136006,R_10,4834.9070,0.0000,0.000
2026-09-11 19:43:28.522,1789136008,R_10,4834.7690,0.0000,0.000
2026-09-11 19:43:30.553,1789136010,R_10,4834.7770,0.0000,0.000
2026-09-11 19:43:32.499,1789136012,R_10,4834.7230,0.0000,0.000
2026-09-11 19:43:34.526,1789136014,R_10,4834.7610,0.0000,0.000
2026-09-11 19:43:36.529,1789136016,R_10,4834.5760,0.0000,0.000
2026-09-11 19:43:38.688,1789136018,R_10,4834.4980,0.0000,0.000
2026-09-11 19:43:40.637,1789136020,R_10,4834.6960,0.0000,0.000
2026-09-11 19:43:43.062,1789136022,R_10,4834.8700,0.0000,0.000
2026-09-11 19:43:44.561,1789136024,R_10,4834.8370,0.0000,0.000
2026-09-11 19:43:46.593,1789136026,R_10,4834.7670,0.0000,0.000
2026-09-11 19:43:48.508,1789136028,R_10,4834.8490,0.0000,0.000
2026-09-11 19:43:50.495,1789136030,R_10,4834.8390,0.0000,0.000
2026-09-11 19:43:52.570,1789136032,R_10,4834.8740,0.0000,0.000
2026-09-11 19:43:54.526,1789136034,R_10,4834.7550,0.0000,0.000
2026-09-11 19:43:56.558,1789136036,R_10,4834.6030,0.0000,0.000
2026-09-11 19:43:58.528,1789136038,R_10,4834.7020,0.0000,0.000
2026-09-11 19:44:02.872,1789136040,R_10,4835.0600,0.0000,0.000
2026-09-11 19:44:02.892,1789136042,R_10,4835.1390,0.0000,0.000
2026-09-11 19:44:04.548,1789136044,R_10,4835.0580,0.0000,0.000
2026-09-11 19:44:06.599,1789136046,R_10,4835.0070,0.0000,0.000
2026-09-11 19:44:08.494,1789136048,R_10,4835.0110,0.0000,0.000
2026-09-11 19:44:10.644,1789136050,R_10,4834.9140,0.0000,0.000
2026-09-11 19:44:12.590,1789136052,R_10,4835.0050,0.0000,0.000
2026-09-11 19:44:14.497,1789136054,R_10,4835.1990,0.0000,0.000
2026-09-11 19:44:16.506,1789136056,R_10,4835.1530,0.0000,0.000
2026-09-11 19:44:18.511,1789136058,R_10,4835.3240,0.0000,0.000
2026-09-11 19:44:20.503,1789136060,R_10,4835.2930,0.0000,0.000
2026-09-11 19:44:22.570,1789136062,R_10,4835.4160,0.0000,0.000
2026-09-11 19:44:24.521,1789136064,R_10,4835.2460,0.0000,0.000
2026-09-11 19:44:26.564,1789136066,R_10,4835.1530,0.0000,0.000
2026-09-11 19:44:28.533,1789136068,R_10,4835.2430,0.0000,0.000
2026-09-11 19:44:30.512,1789136070,R_10,4835.4320,0.0000,0.000
2026-09-11 19:44:32.735,1789136072,R_10,4835.3910,0.0000,0.000
2026-09-11 19:44:34.491,1789136074,R_10,4835.4030,0.0000,0.000
2026-09-11 19:44:36.518,1789136076,R_10,4835.2620,0.0000,0.000
2026-09-11 19:44:38.470,1789136078,R_10,4835.2770,0.0000,0.000
2026-09-11 19:44:40.629,1789136080,R_10,4835.2580,0.0000,0.000
2026-09-11 19:44:42.581,1789136082,R_10,4835.4750,0.0000,0.000
2026-09-11 19:44:44.549,1789136084,R_10,4835.4120,0.0000,0.000
2026-09-11 19:44:46.543,1789136086,R_10,4835.2650,0.0000,0.000
2026-09-11 19:44:48.589,1789136088,R_10,4835.5530,0.0000,0.000
2026-09-11 19:44:50.602,1789136090,R_10,4835.3630,0.0000,0.000
2026-09-11 19:44:52.569,1789136092,R_10,4835.3830,0.0000,0.000
2026-09-11 19:44:54.611,1789136094,R_10,4835.5450,0.0000,0.000
2026-09-11 19:44:56.571,1789136096,R_10,4835.7610,0.0000,0.000
2026-09-11 19:44:58.528,1789136098,R_10,4835.5530,0.0000,0.000
2026-09-11 19:45:00.510,1789136100,R_10,4835.6110,0.0000,0.000
2026-09-11 19:45:02.538,1789136102,R_10,4835.7230,0.0000,0.000
2026-09-11 19:45:04.509,1789136104,R_10,4835.4790,0.0000,0.000
2026-09-11 19:45:06.504,1789136106,R_10,4835.6010,0.0000,0.000
2026-09-11 19:45:08.700,1789136108,R_10,4835.6480,0.0000,0.000
2026-09-11 19:45:10.643,1789136110,R_10,4835.5660,0.0000,0.000
2026-09-11 19:45:12.620,1789136112,R_10,4835.2560,0.0000,0.000
2026-09-11 19:45:14.592,1789136114,R_10,4835.2750,0.0000,0.000
2026-09-11 19:45:16.640,1789136116,R_10,4835.2070,0.0000,0.000
2026-09-11 19:45:18.498,1789136118,R_10,4835.2450,0.0000,0.000
2026-09-11 19:45:20.839,1789136120,R_10,4835.2950,0.0000,0.000
2026-09-11 19:45:22.597,1789136122,R_10,4835.2210,0.0000,0.000
2026-09-11 19:45:24.535,1789136124,R_10,4835.4310,0.0000,0.000
2026-09-11 19:45:26.502,1789136126,R_10,4835.3640,0.0000,0.000
2026-09-11 19:45:28.481,1789136128,R_10,4835.3010,0.0000,0.000
2026-09-11 19:45:30.546,1789136130,R_10,4835.1460,0.0000,0.000
2026-09-11 19:45:32.540,1789136132,R_10,4835.3440,0.0000,0.000
2026-09-11 19:45:34.511,1789136134,R_10,4835.2010,0.0000,0.000
2026-09-11 19:45:36.482,1789136136,R_10,4835.1750,0.0000,0.000
2026-09-11 19:45:38.685,1789136138,R_10,4835.2520,0.0000,0.000
2026-09-11 19:45:40.630,1789136140,R_10,4835.2390,0.0000,0.000
2026-09-11 19:45:42.581,1789136142,R_10,4834.9330,0.0000,0.000
2026-09-11 19:45:44.620,1789136144,R_10,4834.8460,0.0000,0.000
2026-09-11 19:45:46.542,1789136146,R_10,4834.7220,0.0000,0.000
2026-09-11 19:45:48.573,1789136148,R_10,4834.7830,0.0000,0.000
2026-09-11 19:45:50.492,1789136150,R_10,4834.6570,0.0000,0.000
2026-09-11 19:45:52.532,1789136152,R_10,4834.4030,0.0000,0.000
2026-09-11 19:45:54.626,1789136154,R_10,4834.4770,0.0000,0.000
2026-09-11 19:45:56.556,1789136156,R_10,4834.5350,0.0000,0.000
2026-09-11 19:45:58.626,1789136158,R_10,4834.5840,0.0000,0.000
2026-09-11 19:46:00.572,1789136160,R_10,4834.5330,0.0000,0.000
2026-09-11 19:46:03.746,1789136162,R_10,4834.5300,0.0000,0.000
2026-09-11 19:46:04.667,1789136164,R_10,4834.4730,0.0000,0.000
2026-09-11 19:46:06.712,1789136166,R_10,4834.7730,0.0000,0.000
2026-09-11 19:46:08.875,1789136168,R_10,4834.9140,0.0000,0.000
2026-09-11 19:46:10.641,1789136170,R_10,4834.9020,0.0000,0.000
2026-09-11 19:46:12.589,1789136172,R_10,4834.7400,0.0000,0.000
2026-09-11 19:46:14.555,1789136174,R_10,4834.5950,0.0000,0.000
2026-09-11 19:46:16.564,1789136176,R_10,4834.5810,0.0000,0.000
2026-09-11 19:46:18.567,1789136178,R_10,4834.5960,0.0000,0.000
2026-09-11 19:46:20.551,1789136180,R_10,4834.4820,0.0000,0.000
2026-09-11 19:46:22.586,1789136182,R_10,4834.3320,0.0000,0.000
2026-09-11 19:46:24.507,1789136184,R_10,4834.5410,0.0000,0.000
2026-09-11 19:46:26.485,1789136186,R_10,4834.5950,0.0000,0.000
2026-09-11 19:46:28.547,1789136188,R_10,4834.2140,0.0000,0.000
2026-09-11 19:46:30.550,1789136190,R_10,4834.4090,0.0000,0.000
2026-09-11 19:46:32.592,1789136192,R_10,4834.4010,0.0000,0.000
2026-09-11 19:46:34.593,1789136194,R_10,4834.4330,0.0000,0.000
2026-09-11 19:46:36.481,1789136196,R_10,4834.4690,0.0000,0.000
2026-09-11 19:46:38.689,1789136198,R_10,4834.3590,0.0000,0.000
2026-09-11 19:46:40.637,1789136200,R_10,4834.3400,0.0000,0.000
2026-09-11 19:46:42.601,1789136202,R_10,4834.4930,0.0000,0.000
2026-09-11 19:46:44.553,1789136204,R_10,4834.5000,0.0000,0.000
2026-09-11 19:46:46.501,1789136206,R_10,4834.4620,0.0000,0.000
2026-09-11 19:46:48.595,1789136208,R_10,4834.6090,0.0000,0.000
2026-09-11 19:46:50.560,1789136210,R_10,4834.5570,0.0000,0.000
2026-09-11 19:46:52.593,1789136212,R_10,4834.3900,0.0000,0.000
2026-09-11 19:46:54.512,1789136214,R_10,4834.4440,0.0000,0.000
2026-09-11 19:46:56.583,1789136216,R_10,4834.4350,0.0000,0.000
2026-09-11 19:46:58.529,1789136218,R_10,4834.5300,0.0000,0.000
2026-09-11 19:47:00.593,1789136220,R_10,4834.4060,0.0000,0.000
2026-09-11 19:47:02.489,1789136222,R_10,4834.6990,0.0000,0.000
2026-09-11 19:47:04.495,1789136224,R_10,4834.6510,0.0000,0.000
2026-09-11 19:47:06.568,1789136226,R_10,4834.7070,0.0000,0.000
2026-09-11 19:47:08.689,1789136228,R_10,4834.6050,0.0000,0.000
2026-09-11 19:47:10.629,1789136230,R_10,4834.6290,0.0000,0.000
2026-09-11 19:47:12.660,1789136232,R_10,4834.7130,0.0000,0.000
2026-09-11 19:47:14.606,1789136234,R_10,4834.6150,0.0000,0.000
2026-09-11 19:47:16.482,1789136236,R_10,4834.4490,0.0000,0.000
2026-09-11 19:47:18.496,1789136238,R_10,4834.5910,0.0000,0.000
2026-09-11 19:47:20.546,1789136240,R_10,4834.5980,0.0000,0.000
2026-09-11 19:47:22.490,1789136242,R_10,4834.5720,0.0000,0.000
2026-09-11 19:47:24.545,1789136244,R_10,4834.5120,0.0000,0.000
2026-09-11 19:47:26.545,1789136246,R_10,4834.5190,0.0000,0.000
2026-09-11 19:47:28.532,1789136248,R_10,4834.7010,0.0000,0.000
2026-09-11 19:47:30.483,1789136250,R_10,4834.8240,0.0000,0.000
2026-09-11 19:47:32.488,1789136252,R_10,4834.5640,0.0000,0.000
2026-09-11 19:47:34.488,1789136254,R_10,4834.6940,0.0000,0.000
2026-09-11 19:47:36.518,1789136256,R_10,4834.5630,0.0000,0.000
2026-09-11 19:47:38.689,1789136258,R_10,4834.5130,0.0000,0.000
2026-09-11 19:47:40.634,1789136260,R_10,4834.3900,0.0000,0.000
2026-09-11 19:47:42.573,1789136262,R_10,4834.4130,0.0000,0.000
2026-09-11 19:47:44.540,1789136264,R_10,4834.4820,0.0000,0.000
2026-09-11 19:47:46.448,1789136266,R_10,4834.4050,0.0000,0.000
2026-09-11 19:47:48.524,1789136268,R_10,4834.4400,0.0000,0.000
2026-09-11 19:47:50.549,1789136270,R_10,4834.2970,0.0000,0.000
2026-09-11 19:47:52.595,1789136272,R_10,4834.2750,0.0000,0.000
2026-09-11 19:47:54.514,1789136274,R_10,4834.4870,0.0000,0.000
2026-09-11 19:47:56.567,1789136276,R_10,4834.5820,0.0000,0.000
2026-09-11 19:47:58.552,1789136278,R_10,4834.6890,0.0000,0.000
2026-09-11 19:48:00.558,1789136280,R_10,4834.6110,0.0000,0.000
2026-09-11 19:48:02.632,1789136282,R_10,4834.6230,0.0000,0.000
2026-09-11 19:48:04.556,1789136284,R_10,4834.6940,0.0000,0.000
2026-09-11 19:48:06.593,1789136286,R_10,4834.7330,0.0000,0.000
2026-09-11 19:48:08.689,1789136288,R_10,4834.6380,0.0000,0.000
2026-09-11 19:48:10.648,1789136290,R_10,4834.6160,0.0000,0.000
2026-09-11 19:48:12.594,1789136292,R_10,4834.3900,0.0000,0.000
2026-09-11 19:48:14.555,1789136294,R_10,4834.1720,0.0000,0.000
2026-09-11 19:48:16.558,1789136296,R_10,4834.1220,0.0000,0.000
2026-09-11 19:48:18.519,1789136298,R_10,4834.2930,0.0000,0.000
2026-09-11 19:48:20.529,1789136300,R_10,4834.3660,0.0000,0.000
2026-09-11 19:48:22.532,1789136302,R_10,4834.3660,0.0000,0.000
2026-09-11 19:48:24.592,1789136304,R_10,4834.3170,0.0000,0.000
2026-09-11 19:48:26.592,1789136306,R_10,4834.4920,0.0000,0.000
2026-09-11 19:48:28.592,1789136308,R_10,4834.4820,0.0000,0.000
2026-09-11 19:48:30.535,1789136310,R_10,4834.6100,0.0000,0.000
2026-09-11 19:48:32.608,1789136312,R_10,4834.6490,0.0000,0.000
2026-09-11 19:48:34.514,1789136314,R_10,4834.4610,0.0000,0.000
2026-09-11 19:48:36.594,1789136316,R_10,4834.4460,0.0000,0.000
2026-09-11 19:48:38.681,1789136318,R_10,4834.4510,0.0000,0.000
2026-09-11 19:48:40.629,1789136320,R_10,4834.3710,0.0000,0.000
2026-09-11 19:48:42.584,1789136322,R_10,4834.3690,0.0000,0.000
2026-09-11 19:48:44.540,1789136324,R_10,4834.5360,0.0000,0.000
2026-09-11 19:48:46.547,1789136326,R_10,4834.5180,0.0000,0.000
2026-09-11 19:48:48.497,1789136328,R_10,4834.6050,0.0000,0.000
2026-09-11 19:48:50.553,1789136330,R_10,4834.7560,0.0000,0.000
2026-09-11 19:48:52.490,1789136332,R_10,4834.6990,0.0000,0.000
2026-09-11 19:48:54.533,1789136334,R_10,4834.5910,0.0000,0.000
2026-09-11 19:48:56.597,1789136336,R_10,4834.7510,0.0000,0.000
2026-09-11 19:48:58.521,1789136338,R_10,4834.8040,0.0000,0.000
2026-09-11 19:49:00.618,1789136340,R_10,4834.7610,0.0000,0.000
2026-09-11 19:49:02.554,1789136342,R_10,4834.5770,0.0000,0.000
2026-09-11 19:49:04.499,1789136344,R_10,4834.5160,0.0000,0.000
2026-09-11 19:49:06.624,1789136346,R_10,4834.4320,0.0000,0.000
2026-09-11 19:49:08.697,1789136348,R_10,4834.2370,0.0000,0.000
2026-09-11 19:49:10.648,1789136350,R_10,4834.3130,0.0000,0.000
2026-09-11 19:49:12.609,1789136352,R_10,4834.2690,0.0000,0.000
2026-09-11 19:49:14.574,1789136354,R_10,4834.2940,0.0000,0.000
2026-09-11 19:49:17.622,1789136356,R_10,4834.3700,0.0000,0.000
2026-09-11 19:49:18.509,1789136358,R_10,4834.4450,0.0000,0.000
2026-09-11 19:49:20.549,1789136360,R_10,4834.2730,0.0000,0.000
2026-09-11 19:49:22.692,1789136362,R_10,4834.2700,0.0000,0.000
2026-09-11 19:49:24.502,1789136364,R_10,4834.2740,0.0000,0.000
2026-09-11 19:49:26.516,1789136366,R_10,4834.3880,0.0000,0.000
2026-09-11 19:49:28.557,1789136368,R_10,4834.5770,0.0000,0.000
2026-09-11 19:49:30.499,1789136370,R_10,4834.7160,0.0000,0.000
2026-09-11 19:49:32.523,1789136372,R_10,4834.7800,0.0000,0.000
2026-09-11 19:49:34.518,1789136374,R_10,4834.8610,0.0000,0.000
2026-09-11 19:49:36.492,1789136376,R_10,4834.9340,0.0000,0.000
2026-09-11 19:49:38.685,1789136378,R_10,4834.9120,0.0000,0.000
2026-09-11 19:49:40.629,1789136380,R_10,4835.0420,0.0000,0.000
2026-09-11 19:49:42.581,1789136382,R_10,4835.1130,0.0000,0.000
2026-09-11 19:49:44.529,1789136384,R_10,4835.1330,0.0000,0.000
2026-09-11 19:49:46.568,1789136386,R_10,4835.0120,0.0000,0.000
2026-09-11 19:49:48.616,1789136388,R_10,4834.9610,0.0000,0.000
2026-09-11 19:49:50.533,1789136390,R_10,4834.9590,0.0000,0.000
2026-09-11 19:49:52.595,1789136392,R_10,4835.0370,0.0000,0.000
2026-09-11 19:49:54.506,1789136394,R_10,4834.9340,0.0000,0.000
2026-09-11 19:49:56.501,1789136396,R_10,4834.8950,0.0000,0.000
2026-09-11 19:49:58.504,1789136398,R_10,4835.0260,0.0000,0.000
2026-09-11 19:50:00.597,1789136400,R_10,4834.9560,0.0000,0.000
2026-09-11 19:50:02.646,1789136402,R_10,4834.8940,0.0000,0.000
2026-09-11 19:50:04.507,1789136404,R_10,4834.9700,0.0000,0.000
2026-09-11 19:50:06.531,1789136406,R_10,4834.9970,0.0000,0.000
2026-09-11 19:50:08.697,1789136408,R_10,4834.9000,0.0000,0.000
2026-09-11 19:50:10.795,1789136410,R_10,4834.8280,0.0000,0.000
2026-09-11 19:50:12.632,1789136412,R_10,4834.8300,0.0000,0.000
2026-09-11 19:50:14.528,1789136414,R_10,4834.7850,0.0000,0.000
2026-09-11 19:50:16.527,1789136416,R_10,4835.0070,0.0000,0.000
2026-09-11 19:50:18.479,1789136418,R_10,4834.9890,0.0000,0.000
2026-09-11 19:50:20.552,1789136420,R_10,4834.9770,0.0000,0.000
2026-09-11 19:50:22.608,1789136422,R_10,4834.8890,0.0000,0.000
2026-09-11 19:50:24.537,1789136424,R_10,4834.8000,0.0000,0.000
2026-09-11 19:50:26.525,1789136426,R_10,4834.7880,0.0000,0.000
2026-09-11 19:50:28.527,1789136428,R_10,4834.7650,0.0000,0.000
2026-09-11 19:50:30.599,1789136430,R_10,4834.6320,0.0000,0.000
2026-09-11 19:50:32.560,1789136432,R_10,4834.5010,0.0000,0.000
2026-09-11 19:50:34.520,1789136434,R_10,4834.3460,0.0000,0.000
2026-09-11 19:50:36.523,1789136436,R_10,4834.3520,0.0000,0.000
2026-09-11 19:50:38.491,1789136438,R_10,4834.3090,0.0000,0.000
2026-09-11 19:50:40.632,1789136440,R_10,4834.3800,0.0000,0.000
2026-09-11 19:50:42.582,1789136442,R_10,4834.4440,0.0000,0.000
2026-09-11 19:50:44.527,1789136444,R_10,4834.3820,0.0000,0.000
2026-09-11 19:50:46.575,1789136446,R_10,4834.4510,0.0000,0.000
2026-09-11 19:50:48.520,1789136448,R_10,4834.4920,0.0000,0.000
2026-09-11 19:50:50.593,1789136450,R_10,4834.5220,0.0000,0.000
2026-09-11 19:50:52.541,1789136452,R_10,4834.4420,0.0000,0.000
2026-09-11 19:50:54.542,1789136454,R_10,4834.5640,0.0000,0.000
2026-09-11 19:50:56.517,1789136456,R_10,4834.6090,0.0000,0.000
2026-09-11 19:50:58.517,1789136458,R_10,4834.7360,0.0000,0.000
2026-09-11 19:51:00.523,1789136460,R_10,4834.8640,0.0000,0.000
2026-09-11 19:51:02.616,1789136462,R_10,4834.8560,0.0000,0.000
2026-09-11 19:51:04.479,1789136464,R_10,4834.9430,0.0000,0.000
2026-09-11 19:51:06.568,1789136466,R_10,4835.0030,0.0000,0.000
2026-09-11 19:51:08.693,1789136468,R_10,4834.8370,0.0000,0.000
2026-09-11 19:51:10.518,1789136470,R_10,4834.7480,0.0000,0.000
2026-09-11 19:51:12.633,1789136472,R_10,4834.9990,0.0000,0.000
2026-09-11 19:51:14.509,1789136474,R_10,4834.9300,0.0000,0.000
2026-09-11 19:51:16.499,1789136476,R_10,4834.9300,0.0000,0.000
2026-09-11 19:51:18.486,1789136478,R_10,4834.8050,0.0000,0.000
2026-09-11 19:51:20.485,1789136480,R_10,4834.7790,0.0000,0.000
2026-09-11 19:51:22.521,1789136482,R_10,4834.8950,0.0000,0.000
2026-09-11 19:51:24.621,1789136484,R_10,4835.2660,0.0000,0.000
2026-09-11 19:51:26.531,1789136486,R_10,4835.3270,0.0000,0.000
2026-09-11 19:51:28.557,1789136488,R_10,4835.3140,0.0000,0.000
2026-09-11 19:51:30.483,1789136490,R_10,4835.3080,0.0000,0.000
2026-09-11 19:51:32.549,1789136492,R_10,4835.3120,0.0000,0.000
2026-09-11 19:51:34.531,1789136494,R_10,4835.3210,0.0000,0.000
2026-09-11 19:51:36.561,1789136496,R_10,4835.1850,0.0000,0.000
2026-09-11 19:51:38.692,1789136498,R_10,4835.2810,0.0000,0.000
2026-09-11 19:51:40.629,1789136500,R_10,4835.2120,0.0000,0.000
2026-09-11 19:51:42.577,1789136502,R_10,4835.3170,0.0000,0.000
2026-09-11 19:51:44.535,1789136504,R_10,4835.2640,0.0000,0.000
2026-09-11 19:51:46.500,1789136506,R_10,4835.2790,0.0000,0.000
2026-09-11 19:51:48.469,1789136508,R_10,4835.1910,0.0000,0.000
2026-09-11 19:51:50.515,1789136510,R_10,4835.3370,0.0000,0.000
2026-09-11 19:51:52.509,1789136512,R_10,4835.3210,0.0000,0.000
2026-09-11 19:51:54.569,1789136514,R_10,4835.3170,0.0000,0.000
2026-09-11 19:51:56.488,1789136516,R_10,4835.2560,0.0000,0.000
2026-09-11 19:51:58.531,1789136518,R_10,4835.2540,0.0000,0.000
2026-09-11 19:52:00.472,1789136520,R_10,4835.3630,0.0000,0.000
2026-09-11 19:52:02.460,1789136522,R_10,4835.6840,0.0000,0.000
2026-09-11 19:52:04.694,1789136524,R_10,4835.7050,0.0000,0.000
2026-09-11 19:52:06.510,1789136526,R_10,4835.6690,0.0000,0.000
2026-09-11 19:52:08.481,1789136528,R_10,4835.7420,0.0000,0.000
2026-09-11 19:52:10.641,1789136530,R_10,4835.7150,0.0000,0.000
2026-09-11 19:52:12.580,1789136532,R_10,4835.6550,0.0000,0.000
2026-09-11 19:52:14.537,1789136534,R_10,4835.6980,0.0000,0.000
2026-09-11 19:52:16.478,1789136536,R_10,4835.6770,0.0000,0.000
2026-09-11 19:52:18.486,1789136538,R_10,4835.6900,0.0000,0.000
2026-09-11 19:52:20.482,1789136540,R_10,4835.7350,0.0000,0.000
2026-09-11 19:52:22.473,1789136542,R_10,4835.6180,0.0000,0.000
2026-09-11 19:52:24.477,1789136544,R_10,4835.7100,0.0000,0.000
2026-09-11 19:52:26.537,1789136546,R_10,4835.6620,0.0000,0.000
2026-09-11 19:52:28.511,1789136548,R_10,4835.7130,0.0000,0.000
2026-09-11 19:52:30.548,1789136550,R_10,4835.8010,0.0000,0.000
2026-09-11 19:52:32.559,1789136552,R_10,4835.9030,0.0000,0.000
2026-09-11 19:52:34.489,1789136554,R_10,4835.7630,0.0000,0.000
2026-09-11 19:52:36.474,1789136556,R_10,4835.7290,0.0000,0.000
2026-09-11 19:52:38.472,1789136558,R_10,4835.8070,0.0000,0.000
2026-09-11 19:52:40.645,1789136560,R_10,4835.8690,0.0000,0.000
2026-09-11 19:52:42.584,1789136562,R_10,4835.8990,0.0000,0.000
2026-09-11 19:52:44.529,1789136564,R_10,4835.8280,0.0000,0.000
2026-09-11 19:52:46.511,1789136566,R_10,4835.9670,0.0000,0.000
2026-09-11 19:52:48.475,1789136568,R_10,4835.8870,0.0000,0.000
2026-09-11 19:52:50.453,1789136570,R_10,4835.9410,0.0000,0.000
2026-09-11 19:52:52.546,1789136572,R_10,4836.0650,0.0000,0.000
2026-09-11 19:52:54.572,1789136574,R_10,4836.0330,0.0000,0.000
2026-09-11 19:52:56.521,1789136576,R_10,4835.8710,0.0000,0.000
2026-09-11 19:52:58.569,1789136578,R_10,4835.7930,0.0000,0.000
2026-09-11 19:53:00.517,1789136580,R_10,4835.7160,0.0000,0.000
2026-09-11 19:53:02.548,1789136582,R_10,4835.6820,0.0000,0.000
2026-09-11 19:53:04.503,1789136584,R_10,4835.5660,0.0000,0.000
2026-09-11 19:53:10.345,1789136586,R_10,4835.6600,0.0000,0.000
2026-09-11 19:53:10.365,1789136588,R_10,4835.6090,0.0000,0.000
2026-09-11 19:53:10.641,1789136590,R_10,4835.8090,0.0000,0.000
2026-09-11 19:53:12.603,1789136592,R_10,4835.6880,0.0000,0.000
2026-09-11 19:53:14.545,1789136594,R_10,4835.9100,0.0000,0.000
2026-09-11 19:53:16.484,1789136596,R_10,4836.0220,0.0000,0.000
2026-09-11 19:53:18.463,1789136598,R_10,4835.8820,0.0000,0.000
2026-09-11 19:53:20.498,1789136600,R_10,4836.0050,0.0000,0.000
2026-09-11 19:53:22.531,1789136602,R_10,4836.2230,0.0000,0.000
2026-09-11 19:53:24.475,1789136604,R_10,4836.2750,0.0000,0.000
2026-09-11 19:53:26.460,1789136606,R_10,4836.4760,0.0000,0.000
2026-09-11 19:53:28.472,1789136608,R_10,4836.5480,0.0000,0.000
2026-09-11 19:53:30.482,1789136610,R_10,4836.6060,0.0000,0.000
2026-09-11 19:53:32.479,1789136612,R_10,4836.6440,0.0000,0.000
2026-09-11 19:53:34.491,1789136614,R_10,4836.7600,0.0000,0.000
2026-09-11 19:53:36.560,1789136616,R_10,4836.6940,0.0000,0.000
2026-09-11 19:53:38.496,1789136618,R_10,4836.7870,0.0000,0.000
2026-09-11 19:53:40.629,1789136620,R_10,4836.9810,0.0000,0.000
2026-09-11 19:53:42.568,1789136622,R_10,4836.9060,0.0000,0.000
2026-09-11 19:53:44.450,1789136624,R_10,4837.1420,0.0000,0.000
2026-09-11 19:53:46.473,1789136626,R_10,4837.2560,0.0000,0.000
2026-09-11 19:53:48.541,1789136628,R_10,4837.6740,0.0000,0.000
2026-09-11 19:53:50.529,1789136630,R_10,4837.7670,0.0000,0.000
2026-09-11 19:53:52.602,1789136632,R_10,4837.5830,0.0000,0.000
2026-09-11 19:53:54.507,1789136634,R_10,4837.4080,0.0000,0.000
2026-09-11 19:53:56.801,1789136636,R_10,4837.4500,0.0000,0.000
2026-09-11 19:53:58.532,1789136638,R_10,4837.7000,0.0000,0.000
2026-09-11 19:54:00.478,1789136640,R_10,4837.7270,0.0000,0.000
2026-09-11 19:54:02.526,1789136642,R_10,4837.6370,0.0000,0.000
2026-09-11 19:54:04.458,1789136644,R_10,4837.6890,0.0000,0.000
2026-09-11 19:54:06.536,1789136646,R_10,4837.7650,0.0000,0.000
2026-09-11 19:54:08.681,1789136648,R_10,4837.5550,0.0000,0.000
2026-09-11 19:54:10.644,1789136650,R_10,4837.5600,0.0000,0.000
2026-09-11 19:54:12.572,1789136652,R_10,4837.5580,0.0000,0.000
2026-09-11 19:54:15.249,1789136654,R_10,4837.6280,0.0000,0.000
2026-09-11 19:54:16.488,1789136656,R_10,4837.8510,0.0000,0.000
2026-09-11 19:54:18.637,1789136658,R_10,4837.8770,0.0000,0.000
2026-09-11 19:54:20.516,1789136660,R_10,4837.6380,0.0000,0.000
2026-09-11 19:54:22.494,1789136662,R_10,4837.6290,0.0000,0.000
2026-09-11 19:54:24.483,1789136664,R_10,4837.6210,0.0000,0.000
2026-09-11 19:54:26.472,1789136666,R_10,4837.6710,0.0000,0.000
2026-09-11 19:54:28.579,1789136668,R_10,4837.4290,0.0000,0.000
2026-09-11 19:54:30.469,1789136670,R_10,4837.2750,0.0000,0.000
2026-09-11 19:54:32.499,1789136672,R_10,4837.2640,0.0000,0.000
2026-09-11 19:54:34.531,1789136674,R_10,4837.0320,0.0000,0.000
2026-09-11 19:54:36.520,1789136676,R_10,4837.0090,0.0000,0.000
2026-09-11 19:54:38.741,1789136678,R_10,4836.8620,0.0000,0.000
2026-09-11 19:54:40.621,1789136680,R_10,4836.8160,0.0000,0.000
2026-09-11 19:54:42.582,1789136682,R_10,4836.8750,0.0000,0.000
2026-09-11 19:54:44.528,1789136684,R_10,4836.9640,0.0000,0.000
2026-09-11 19:54:46.478,1789136686,R_10,4837.1000,0.0000,0.000
2026-09-11 19:54:48.515,1789136688,R_10,4837.0630,0.0000,0.000
2026-09-11 19:54:50.541,1789136690,R_10,4836.9980,0.0000,0.000
2026-09-11 19:54:52.655,1789136692,R_10,4837.0510,0.0000,0.000
2026-09-11 19:54:54.503,1789136694,R_10,4837.1570,0.0000,0.000
2026-09-11 19:54:56.496,1789136696,R_10,4837.0020,0.0000,0.000
2026-09-11 19:54:58.519,1789136698,R_10,4837.1510,0.0000,0.000
2026-09-11 19:55:00.494,1789136700,R_10,4837.0770,0.0000,0.000
2026-09-11 19:55:02.715,1789136702,R_10,4837.0510,0.0000,0.000
2026-09-11 19:55:04.498,1789136704,R_10,4836.9250,0.0000,0.000
2026-09-11 19:55:06.598,1789136706,R_10,4836.9610,0.0000,0.000
2026-09-11 19:55:08.685,1789136708,R_10,4837.1000,0.0000,0.000
2026-09-11 19:55:10.711,1789136710,R_10,4837.1750,0.0000,0.000
2026-09-11 19:55:12.702,1789136712,R_10,4837.1410,0.0000,0.000
2026-09-11 19:55:14.591,1789136714,R_10,4837.1060,0.0000,0.000
2026-09-11 19:55:16.558,1789136716,R_10,4836.8890,0.0000,0.000
2026-09-11 19:55:18.730,1789136718,R_10,4837.1050,0.0000,0.000
2026-09-11 19:55:20.466,1789136720,R_10,4837.1530,0.0000,0.000
2026-09-11 19:55:22.511,1789136722,R_10,4837.2360,0.0000,0.000
2026-09-11 19:55:24.603,1789136724,R_10,4837.0810,0.0000,0.000
2026-09-11 19:55:26.567,1789136726,R_10,4836.9240,0.0000,0.000
2026-09-11 19:55:28.560,1789136728,R_10,4836.8310,0.0000,0.000
2026-09-11 19:55:30.506,1789136730,R_10,4836.7880,0.0000,0.000
2026-09-11 19:55:32.635,1789136732,R_10,4836.8400,0.0000,0.000
2026-09-11 19:55:34.506,1789136734,R_10,4836.9010,0.0000,0.000
2026-09-11 19:55:36.546,1789136736,R_10,4836.9810,0.0000,0.000
2026-09-11 19:55:38.684,1789136738,R_10,4837.1390,0.0000,0.000
2026-09-11 19:55:40.633,1789136740,R_10,4837.2130,0.0000,0.000
2026-09-11 19:55:42.573,1789136742,R_10,4837.1840,0.0000,0.000
2026-09-11 19:55:44.524,1789136744,R_10,4837.3610,0.0000,0.000
2026-09-11 19:55:46.521,1789136746,R_10,4837.3180,0.0000,0.000
2026-09-11 19:55:48.533,1789136748,R_10,4837.1590,0.0000,0.000
2026-09-11 19:55:50.534,1789136750,R_10,4837.1100,0.0000,0.000
2026-09-11 19:55:52.511,1789136752,R_10,4837.2570,0.0000,0.000
2026-09-11 19:55:54.542,1789136754,R_10,4837.4500,0.0000,0.000
2026-09-11 19:55:56.789,1789136756,R_10,4837.4960,0.0000,0.000
2026-09-11 19:55:58.504,1789136758,R_10,4837.6310,0.0000,0.000
2026-09-11 19:56:00.535,1789136760,R_10,4837.6070,0.0000,0.000
2026-09-11 19:56:02.546,1789136762,R_10,4837.4920,0.0000,0.000
2026-09-11 19:56:04.531,1789136764,R_10,4837.2770,0.0000,0.000
2026-09-11 19:56:06.501,1789136766,R_10,4837.3440,0.0000,0.000
2026-09-11 19:56:08.685,1789136768,R_10,4837.4280,0.0000,0.000
2026-09-11 19:56:10.625,1789136770,R_10,4837.3890,0.0000,0.000
2026-09-11 19:56:12.565,1789136772,R_10,4837.6280,0.0000,0.000
2026-09-11 19:56:14.462,1789136774,R_10,4837.7270,0.0000,0.000
2026-09-11 19:56:16.611,1789136776,R_10,4837.5870,0.0000,0.000
2026-09-11 19:56:18.536,1789136778,R_10,4837.4980,0.0000,0.000
2026-09-11 19:56:20.501,1789136780,R_10,4837.4590,0.0000,0.000
2026-09-11 19:56:22.552,1789136782,R_10,4837.2270,0.0000,0.000
2026-09-11 19:56:24.476,1789136784,R_10,4837.2710,0.0000,0.000
2026-09-11 19:56:26.545,1789136786,R_10,4837.2790,0.0000,0.000
2026-09-11 19:56:28.502,1789136788,R_10,4837.1790,0.0000,0.000
2026-09-11 19:56:30.496,1789136790,R_10,4837.1200,0.0000,0.000
2026-09-11 19:56:32.511,1789136792,R_10,4837.1800,0.0000,0.000
2026-09-11 19:56:34.514,1789136794,R_10,4837.1700,0.0000,0.000
2026-09-11 19:56:36.580,1789136796,R_10,4837.2690,0.0000,0.000
2026-09-11 19:56:38.689,1789136798,R_10,4837.2250,0.0000,0.000
2026-09-11 19:56:40.629,1789136800,R_10,4837.4510,0.0000,0.000
2026-09-11 19:56:42.574,1789136802,R_10,4837.3850,0.0000,0.000
2026-09-11 19:56:44.557,1789136804,R_10,4837.3190,0.0000,0.000
2026-09-11 19:56:46.489,1789136806,R_10,4837.3020,0.0000,0.000
2026-09-11 19:56:48.560,1789136808,R_10,4837.4280,0.0000,0.000
2026-09-11 19:56:50.527,1789136810,R_10,4837.3490,0.0000,0.000
2026-09-11 19:56:52.485,1789136812,R_10,4837.2910,0.0000,0.000
2026-09-11 19:56:54.465,1789136814,R_10,4837.3720,0.0000,0.000
2026-09-11 19:56:56.481,1789136816,R_10,4837.2250,0.0000,0.000
2026-09-11 19:56:58.516,1789136818,R_10,4837.3030,0.0000,0.000
2026-09-11 19:57:00.590,1789136820,R_10,4837.3030,0.0000,0.000
2026-09-11 19:57:02.512,1789136822,R_10,4837.2030,0.0000,0.000
2026-09-11 19:57:04.503,1789136824,R_10,4836.9600,0.0000,0.000
2026-09-11 19:57:06.468,1789136826,R_10,4836.9730,0.0000,0.000
2026-09-11 19:57:08.686,1789136828,R_10,4836.9490,0.0000,0.000
2026-09-11 19:57:10.624,1789136830,R_10,4836.9270,0.0000,0.000
2026-09-11 19:57:12.579,1789136832,R_10,4836.9550,0.0000,0.000
2026-09-11 19:57:14.460,1789136834,R_10,4836.7130,0.0000,0.000
2026-09-11 19:57:16.472,1789136836,R_10,4836.7140,0.0000,0.000
2026-09-11 19:57:18.512,1789136838,R_10,4836.8130,0.0000,0.000
2026-09-11 19:57:20.510,1789136840,R_10,4836.9600,0.0000,0.000
2026-09-11 19:57:22.468,1789136842,R_10,4837.0350,0.0000,0.000
2026-09-11 19:57:24.558,1789136844,R_10,4837.1660,0.0000,0.000
2026-09-11 19:57:26.550,1789136846,R_10,4837.1300,0.0000,0.000
2026-09-11 19:57:28.521,1789136848,R_10,4837.1170,0.0000,0.000
2026-09-11 19:57:30.544,1789136850,R_10,4837.1210,0.0000,0.000
2026-09-11 19:57:32.533,1789136852,R_10,4837.1750,0.0000,0.000
2026-09-11 19:57:34.566,1789136854,R_10,4837.1610,0.0000,0.000
2026-09-11 19:57:36.497,1789136856,R_10,4837.0660,0.0000,0.000
2026-09-11 19:57:38.842,1789136858,R_10,4837.0580,0.0000,0.000
2026-09-11 19:57:41.061,1789136860,R_10,4836.9690,0.0000,0.000
2026-09-11 19:57:42.592,1789136862,R_10,4836.8880,0.0000,0.000
2026-09-11 19:57:44.676,1789136864,R_10,4836.9520,0.0000,0.000
2026-09-11 19:57:46.564,1789136866,R_10,4837.0860,0.0000,0.000
2026-09-11 19:57:48.670,1789136868,R_10,4837.2410,0.0000,0.000
2026-09-11 19:57:50.514,1789136870,R_10,4837.2300,0.0000,0.000
2026-09-11 19:57:52.562,1789136872,R_10,4837.1470,0.0000,0.000
2026-09-11 19:57:54.611,1789136874,R_10,4837.1350,0.0000,0.000
2026-09-11 19:57:56.555,1789136876,R_10,4836.9500,0.0000,0.000
2026-09-11 19:57:58.503,1789136878,R_10,4836.9780,0.0000,0.000
2026-09-11 19:58:00.552,1789136880,R_10,4837.2410,0.0000,0.000
2026-09-11 19:58:02.597,1789136882,R_10,4837.3780,0.0000,0.000
2026-09-11 19:58:04.542,1789136884,R_10,4837.2530,0.0000,0.000
2026-09-11 19:58:06.489,1789136886,R_10,4837.1910,0.0000,0.000
2026-09-11 19:58:08.689,1789136888,R_10,4837.2500,0.0000,0.000
2026-09-11 19:58:10.633,1789136890,R_10,4837.2560,0.0000,0.000
2026-09-11 19:58:12.632,1789136892,R_10,4837.1660,0.0000,0.000
2026-09-11 19:58:14.578,1789136894,R_10,4837.3840,0.0000,0.000
2026-09-11 19:58:16.523,1789136896,R_10,4837.3770,0.0000,0.000
2026-09-11 19:58:18.570,1789136898,R_10,4837.2330,0.0000,0.000
2026-09-11 19:58:20.628,1789136900,R_10,4837.3250,0.0000,0.000
2026-09-11 19:58:22.574,1789136902,R_10,4837.2640,0.0000,0.000
2026-09-11 19:58:24.508,1789136904,R_10,4837.2020,0.0000,0.000
2026-09-11 19:58:26.814,1789136906,R_10,4837.2280,0.0000,0.000
2026-09-11 19:58:28.821,1789136908,R_10,4837.0240,0.0000,0.000
2026-09-11 19:58:30.529,1789136910,R_10,4837.0380,0.0000,0.000
2026-09-11 19:58:32.563,1789136912,R_10,4837.0900,0.0000,0.000
2026-09-11 19:58:34.546,1789136914,R_10,4837.2170,0.0000,0.000
2026-09-11 19:58:36.606,1789136916,R_10,4836.9890,0.0000,0.000
2026-09-11 19:58:38.690,1789136918,R_10,4837.0030,0.0000,0.000
2026-09-11 19:58:40.649,1789136920,R_10,4837.0530,0.0000,0.000
2026-09-11 19:58:42.597,1789136922,R_10,4836.9830,0.0000,0.000
2026-09-11 19:58:44.488,1789136924,R_10,4836.6990,0.0000,0.000
2026-09-11 19:58:46.639,1789136926,R_10,4836.5220,0.0000,0.000
2026-09-11 19:58:48.789,1789136928,R_10,4836.5680,0.0000,0.000
2026-09-11 19:58:50.556,1789136930,R_10,4836.6730,0.0000,0.000
2026-09-11 19:58:52.463,1789136932,R_10,4836.5400,0.0000,0.000
2026-09-11 19:58:54.469,1789136934,R_10,4836.3690,0.0000,0.000
2026-09-11 19:58:56.562,1789136936,R_10,4836.3830,0.0000,0.000
2026-09-11 19:58:58.620,1789136938,R_10,4836.4410,0.0000,0.000
2026-09-11 19:59:00.564,1789136940,R_10,4836.5510,0.0000,0.000
2026-09-11 19:59:02.511,1789136942,R_10,4836.3800,0.0000,0.000
2026-09-11 19:59:04.558,1789136944,R_10,4836.6010,0.0000,0.000
2026-09-11 19:59:06.607,1789136946,R_10,4836.6690,0.0000,0.000
2026-09-11 19:59:08.693,1789136948,R_10,4836.4480,0.0000,0.000
2026-09-11 19:59:10.633,1789136950,R_10,4836.4430,0.0000,0.000
2026-09-11 19:59:12.592,1789136952,R_10,4836.5660,0.0000,0.000
2026-09-11 19:59:14.478,1789136954,R_10,4836.5990,0.0000,0.000
2026-09-11 19:59:16.544,1789136956,R_10,4836.6600,0.0000,0.000
2026-09-11 19:59:18.544,1789136958,R_10,4836.6100,0.0000,0.000
2026-09-11 19:59:20.626,1789136960,R_10,4836.5720,0.0000,0.000
2026-09-11 19:59:22.580,1789136962,R_10,4836.6020,0.0000,0.000
2026-09-11 19:59:24.620,1789136964,R_10,4836.6570,0.0000,0.000
2026-09-11 19:59:26.564,1789136966,R_10,4836.4130,0.0000,0.000
2026-09-11 19:59:28.511,1789136968,R_10,4836.4710,0.0000,0.000
2026-09-11 19:59:30.670,1789136970,R_10,4836.3960,0.0000,0.000
2026-09-11 19:59:32.617,1789136972,R_10,4836.3660,0.0000,0.000
2026-09-11 19:59:34.770,1789136974,R_10,4836.3640,0.0000,0.000
2026-09-11 19:59:36.507,1789136976,R_10,4836.3680,0.0000,0.000
2026-09-11 19:59:38.472,1789136978,R_10,4836.2130,0.0000,0.000
2026-09-11 19:59:40.651,1789136980,R_10,4836.2420,0.0000,0.000
2026-09-11 19:59:42.595,1789136982,R_10,4836.2630,0.0000,0.000
2026-09-11 19:59:44.597,1789136984,R_10,4836.3990,0.0000,0.000
2026-09-11 19:59:46.646,1789136986,R_10,4836.6510,0.0000,0.000
2026-09-11 19:59:48.582,1789136988,R_10,4836.7360,0.0000,0.000
2026-09-11 19:59:50.640,1789136990,R_10,4836.8030,0.0000,0.000
2026-09-11 19:59:52.577,1789136992,R_10,4836.8720,0.0000,0.000
2026-09-11 19:59:54.626,1789136994,R_10,4836.7830,0.0000,0.000
2026-09-11 19:59:56.569,1789136996,R_10,4836.6360,0.0000,0.000
2026-09-11 19:59:58.515,1789136998,R_10,4836.6320,0.0000,0.000
2026-09-11 20:00:00.565,1789137000,R_10,4836.7670,0.0000,0.000
2026-09-11 20:00:02.611,1789137002,R_10,4836.9160,0.0000,0.000
2026-09-11 20:00:04.566,1789137004,R_10,4836.9100,0.0000,0.000
2026-09-11 20:00:06.505,1789137006,R_10,4836.9440,0.0000,0.000
2026-09-11 20:00:08.680,1789137008,R_10,4836.8700,0.0000,0.000
2026-09-11 20:00:10.634,1789137010,R_10,4836.8300,0.0000,0.000
2026-09-11 20:00:12.569,1789137012,R_10,4836.8210,0.0000,0.000
2026-09-11 20:00:14.600,1789137014,R_10,4836.8210,0.0000,0.000
2026-09-11 20:00:16.547,1789137016,R_10,4836.8510,0.0000,0.000
2026-09-11 20:00:18.587,1789137018,R_10,4836.6000,0.0000,0.000
2026-09-11 20:00:20.642,1789137020,R_10,4836.4970,0.0000,0.000
2026-09-11 20:00:22.580,1789137022,R_10,4836.5910,0.0000,0.000
2026-09-11 20:00:24.627,1789137024,R_10,4836.6250,0.0000,0.000
2026-09-11 20:00:26.572,1789137026,R_10,4836.7220,0.0000,0.000
2026-09-11 20:00:28.520,1789137028,R_10,4836.8500,0.0000,0.000
2026-09-11 20:00:30.576,1789137030,R_10,4836.8710,0.0000,0.000
2026-09-11 20:00:32.614,1789137032,R_10,4836.6680,0.0000,0.000
2026-09-11 20:00:34.569,1789137034,R_10,4836.8170,0.0000,0.000
2026-09-11 20:00:36.618,1789137036,R_10,4836.7020,0.0000,0.000
2026-09-11 20:00:38.681,1789137038,R_10,4836.6920,0.0000,0.000
2026-09-11 20:00:40.629,1789137040,R_10,4836.6580,0.0000,0.000
2026-09-11 20:00:42.569,1789137042,R_10,4836.6020,0.0000,0.000
2026-09-11 20:00:44.509,1789137044,R_10,4836.6050,0.0000,0.000
2026-09-11 20:00:46.550,1789137046,R_10,4836.6240,0.0000,0.000
2026-09-11 20:00:48.599,1789137048,R_10,4836.7400,0.0000,0.000
2026-09-11 20:00:50.533,1789137050,R_10,4836.8540,0.0000,0.000
2026-09-11 20:00:52.582,1789137052,R_10,4836.9040,0.0000,0.000
2026-09-11 20:00:54.849,1789137054,R_10,4836.9650,0.0000,0.000
2026-09-11 20:00:56.517,1789137056,R_10,4836.8020,0.0000,0.000
2026-09-11 20:00:58.525,1789137058,R_10,4836.7610,0.0000,0.000
2026-09-11 20:01:00.495,1789137060,R_10,4836.6920,0.0000,0.000
2026-09-11 20:01:02.526,1789137062,R_10,4836.5750,0.0000,0.000
2026-09-11 20:01:04.574,1789137064,R_10,4836.6310,0.0000,0.000
2026-09-11 20:01:06.539,1789137066,R_10,4836.5550,0.0000,0.000
2026-09-11 20:01:08.690,1789137068,R_10,4836.4280,0.0000,0.000
2026-09-11 20:01:10.634,1789137070,R_10,4836.2790,0.0000,0.000
2026-09-11 20:01:12.581,1789137072,R_10,4836.2900,0.0000,0.000
2026-09-11 20:01:14.597,1789137074,R_10,4836.4430,0.0000,0.000
2026-09-11 20:01:16.543,1789137076,R_10,4836.4200,0.0000,0.000
2026-09-11 20:01:18.602,1789137078,R_10,4836.7110,0.0000,0.000
2026-09-11 20:01:20.547,1789137080,R_10,4836.6400,0.0000,0.000
2026-09-11 20:01:22.483,1789137082,R_10,4836.7280,0.0000,0.000
2026-09-11 20:01:24.529,1789137084,R_10,4836.7580,0.0000,0.000
2026-09-11 20:01:26.488,1789137086,R_10,4836.6720,0.0000,0.000
2026-09-11 20:01:28.509,1789137088,R_10,4836.6360,0.0000,0.000
2026-09-11 20:01:30.583,1789137090,R_10,4836.5760,0.0000,0.000
2026-09-11 20:01:32.521,1789137092,R_10,4836.5610,0.0000,0.000
2026-09-11 20:01:34.488,1789137094,R_10,4836.5630,0.0000,0.000
2026-09-11 20:01:36.468,1789137096,R_10,4836.3630,0.0000,0.000
2026-09-11 20:01:38.477,1789137098,R_10,4836.4530,0.0000,0.000
2026-09-11 20:01:40.649,1789137100,R_10,4836.3680,0.0000,0.000
2026-09-11 20:01:42.608,1789137102,R_10,4836.3160,0.0000,0.000
2026-09-11 20:01:44.611,1789137104,R_10,4836.3430,0.0000,0.000
2026-09-11 20:01:46.556,1789137106,R_10,4836.2070,0.0000,0.000
2026-09-11 20:01:48.595,1789137108,R_10,4836.3500,0.0000,0.000
2026-09-11 20:01:50.514,1789137110,R_10,4836.4430,0.0000,0.000
2026-09-11 20:01:52.591,1789137112,R_10,4836.2430,0.0000,0.000
2026-09-11 20:01:54.537,1789137114,R_10,4836.1790,0.0000,0.000
2026-09-11 20:01:56.582,1789137116,R_10,4836.0830,0.0000,0.000
2026-09-11 20:01:58.456,1789137118,R_10,4836.1210,0.0000,0.000
2026-09-11 20:02:00.500,1789137120,R_10,4836.3620,0.0000,0.000
2026-09-11 20:02:02.525,1789137122,R_10,4836.1880,0.0000,0.000
2026-09-11 20:02:04.491,1789137124,R_10,4835.9850,0.0000,0.000
2026-09-11 20:02:06.618,1789137126,R_10,4836.0620,0.0000,0.000
2026-09-11 20:02:08.697,1789137128,R_10,4836.2670,0.0000,0.000
2026-09-11 20:02:10.638,1789137130,R_10,4836.2390,0.0000,0.000
2026-09-11 20:02:12.581,1789137132,R_10,4836.1730,0.0000,0.000
2026-09-11 20:02:14.616,1789137134,R_10,4836.5130,0.0000,0.000
2026-09-11 20:02:16.552,1789137136,R_10,4836.5480,0.0000,0.000
2026-09-11 20:02:18.607,1789137138,R_10,4836.7780,0.0000,0.000
2026-09-11 20:02:20.548,1789137140,R_10,4836.9120,0.0000,0.000
2026-09-11 20:02:22.484,1789137142,R_10,4836.9130,0.0000,0.000
2026-09-11 20:02:24.537,1789137144,R_10,4836.8680,0.0000,0.000
2026-09-11 20:02:26.796,1789137146,R_10,4837.1600,0.0000,0.000
2026-09-11 20:02:28.645,1789137148,R_10,4837.3220,0.0000,0.000
2026-09-11 20:02:30.589,1789137150,R_10,4837.3960,0.0000,0.000
2026-09-11 20:02:32.525,1789137152,R_10,4837.3220,0.0000,0.000
2026-09-11 20:02:34.573,1789137154,R_10,4837.3620,0.0000,0.000
2026-09-11 20:02:36.529,1789137156,R_10,4837.3910,0.0000,0.000
2026-09-11 20:02:38.490,1789137158,R_10,4837.4660,0.0000,0.000
2026-09-11 20:02:40.638,1789137160,R_10,4837.5730,0.0000,0.000
2026-09-11 20:02:42.582,1789137162,R_10,4837.5630,0.0000,0.000
2026-09-11 20:02:44.494,1789137164,R_10,4837.7060,0.0000,0.000
2026-09-11 20:02:46.494,1789137166,R_10,4837.5620,0.0000,0.000
2026-09-11 20:02:48.525,1789137168,R_10,4837.5840,0.0000,0.000
2026-09-11 20:02:50.547,1789137170,R_10,4837.6080,0.0000,0.000
2026-09-11 20:02:52.596,1789137172,R_10,4837.6060,0.0000,0.000
2026-09-11 20:02:54.540,1789137174,R_10,4837.5340,0.0000,0.000
2026-09-11 20:02:56.522,1789137176,R_10,4837.5810,0.0000,0.000
2026-09-11 20:02:58.851,1789137178,R_10,4837.8790,0.0000,0.000
2026-09-11 20:03:00.593,1789137180,R_10,4837.9890,0.0000,0.000
2026-09-11 20:03:02.641,1789137182,R_10,4838.0350,0.0000,0.000
2026-09-11 20:03:04.578,1789137184,R_10,4837.8760,0.0000,0.000
2026-09-11 20:03:06.521,1789137186,R_10,4837.7960,0.0000,0.000
2026-09-11 20:03:08.878,1789137188,R_10,4837.8430,0.0000,0.000
2026-09-11 20:03:10.665,1789137190,R_10,4837.8460,0.0000,0.000
2026-09-11 20:03:12.600,1789137192,R_10,4837.8560,0.0000,0.000
2026-09-11 20:03:14.621,1789137194,R_10,4837.9710,0.0000,0.000
2026-09-11 20:03:16.670,1789137196,R_10,4837.9160,0.0000,0.000
2026-09-11 20:03:18.618,1789137198,R_10,4838.1100,0.0000,0.000
2026-09-11 20:03:20.665,1789137200,R_10,4838.0280,0.0000,0.000
2026-09-11 20:03:22.609,1789137202,R_10,4837.9430,0.0000,0.000
2026-09-11 20:03:24.544,1789137204,R_10,4838.0210,0.0000,0.000
2026-09-11 20:03:26.593,1789137206,R_10,4838.0710,0.0000,0.000
2026-09-11 20:03:28.539,1789137208,R_10,4838.2830,0.0000,0.000
2026-09-11 20:03:30.595,1789137210,R_10,4838.4030,0.0000,0.000
2026-09-11 20:03:32.635,1789137212,R_10,4838.2810,0.0000,0.000
2026-09-11 20:03:34.582,1789137214,R_10,4838.3930,0.0000,0.000
2026-09-11 20:03:36.638,1789137216,R_10,4838.2040,0.0000,0.000
2026-09-11 20:03:38.689,1789137218,R_10,4838.0630,0.0000,0.000
2026-09-11 20:03:40.629,1789137220,R_10,4838.2620,0.0000,0.000
2026-09-11 20:03:42.669,1789137222,R_10,4838.3390,0.0000,0.000
2026-09-11 20:03:44.542,1789137224,R_10,4838.2770,0.0000,0.000
2026-09-11 20:03:46.493,1789137226,R_10,4838.1070,0.0000,0.000
2026-09-11 20:03:48.609,1789137228,R_10,4838.0250,0.0000,0.000
2026-09-11 20:03:50.564,1789137230,R_10,4838.1150,0.0000,0.000
2026-09-11 20:03:52.601,1789137232,R_10,4838.1740,0.0000,0.000
2026-09-11 20:03:54.548,1789137234,R_10,4838.0570,0.0000,0.000
2026-09-11 20:03:56.804,1789137236,R_10,4838.0570,0.0000,0.000
2026-09-11 20:03:58.655,1789137238,R_10,4838.1090,0.0000,0.000
2026-09-11 20:04:00.591,1789137240,R_10,4837.9470,0.0000,0.000
2026-09-11 20:04:02.643,1789137242,R_10,4837.9900,0.0000,0.000
2026-09-11 20:04:04.593,1789137244,R_10,4838.0330,0.0000,0.000
2026-09-11 20:04:06.529,1789137246,R_10,4838.0830,0.0000,0.000
2026-09-11 20:04:08.693,1789137248,R_10,4837.9680,0.0000,0.000
2026-09-11 20:04:10.633,1789137250,R_10,4837.9400,0.0000,0.000
2026-09-11 20:04:12.574,1789137252,R_10,4837.9590,0.0000,0.000
2026-09-11 20:04:14.500,1789137254,R_10,4837.8390,0.0000,0.000
2026-09-11 20:04:16.573,1789137256,R_10,4837.8680,0.0000,0.000
2026-09-11 20:04:18.627,1789137258,R_10,4837.6380,0.0000,0.000
2026-09-11 20:04:20.568,1789137260,R_10,4837.6220,0.0000,0.000
2026-09-11 20:04:22.615,1789137262,R_10,4837.7360,0.0000,0.000
2026-09-11 20:04:24.552,1789137264,R_10,4837.8150,0.0000,0.000
2026-09-11 20:04:26.600,1789137266,R_10,4837.5430,0.0000,0.000
2026-09-11 20:04:28.555,1789137268,R_10,4837.5020,0.0000,0.000
2026-09-11 20:04:30.704,1789137270,R_10,4837.4540,0.0000,0.000
2026-09-11 20:04:32.524,1789137272,R_10,4837.6480,0.0000,0.000
2026-09-11 20:04:34.595,1789137274,R_10,4837.7030,0.0000,0.000
2026-09-11 20:04:36.646,1789137276,R_10,4837.6920,0.0000,0.000
2026-09-11 20:04:38.693,1789137278,R_10,4837.7160,0.0000,0.000
2026-09-11 20:04:40.632,1789137280,R_10,4837.8130,0.0000,0.000
2026-09-11 20:04:42.577,1789137282,R_10,4837.7150,0.0000,0.000
2026-09-11 20:04:44.508,1789137284,R_10,4837.8100,0.0000,0.000
2026-09-11 20:04:46.672,1789137286,R_10,4837.6200,0.0000,0.000
2026-09-11 20:04:48.644,1789137288,R_10,4837.7460,0.0000,0.000
2026-09-11 20:04:50.570,1789137290,R_10,4837.9380,0.0000,0.000
2026-09-11 20:04:52.608,1789137292,R_10,4837.9240,0.0000,0.000
2026-09-11 20:04:54.554,1789137294,R_10,4837.6420,0.0000,0.000
2026-09-11 20:04:56.784,1789137296,R_10,4837.7650,0.0000,0.000
2026-09-11 20:04:58.490,1789137298,R_10,4837.8430,0.0000,0.000
2026-09-11 20:05:00.515,1789137300,R_10,4837.9050,0.0000,0.000
2026-09-11 20:05:02.654,1789137302,R_10,4838.0440,0.0000,0.000
2026-09-11 20:05:04.803,1789137304,R_10,4838.0090,0.0000,0.000
2026-09-11 20:05:06.638,1789137306,R_10,4838.1410,0.0000,0.000
2026-09-11 20:05:08.697,1789137308,R_10,4838.1720,0.0000,0.000
2026-09-11 20:05:10.642,1789137310,R_10,4838.0950,0.0000,0.000
2026-09-11 20:05:12.581,1789137312,R_10,4838.2440,0.0000,0.000
2026-09-11 20:05:14.627,1789137314,R_10,4838.1290,0.0000,0.000
2026-09-11 20:05:16.673,1789137316,R_10,4838.1850,0.0000,0.000
2026-09-11 20:05:18.629,1789137318,R_10,4838.1800,0.0000,0.000
2026-09-11 20:05:20.575,1789137320,R_10,4838.1680,0.0000,0.000
2026-09-11 20:05:22.595,1789137322,R_10,4838.2680,0.0000,0.000
2026-09-11 20:05:24.557,1789137324,R_10,4838.2410,0.0000,0.000
2026-09-11 20:05:26.793,1789137326,R_10,4838.4120,0.0000,0.000
2026-09-11 20:05:28.552,1789137328,R_10,4838.2900,0.0000,0.000
2026-09-11 20:05:30.609,1789137330,R_10,4838.3780,0.0000,0.000
2026-09-11 20:05:32.545,1789137332,R_10,4838.2060,0.0000,0.000
2026-09-11 20:05:34.592,1789137334,R_10,4838.3250,0.0000,0.000
2026-09-11 20:05:36.548,1789137336,R_10,4838.1340,0.0000,0.000
2026-09-11 20:05:38.689,1789137338,R_10,4838.1170,0.0000,0.000
2026-09-11 20:05:40.635,1789137340,R_10,4838.0090,0.0000,0.000
2026-09-11 20:05:42.682,1789137342,R_10,4837.9900,0.0000,0.000
2026-09-11 20:05:44.527,1789137344,R_10,4838.1410,0.0000,0.000
2026-09-11 20:05:46.574,1789137346,R_10,4838.2830,0.0000,0.000
2026-09-11 20:05:48.652,1789137348,R_10,4838.2660,0.0000,0.000
2026-09-11 20:05:50.578,1789137350,R_10,4838.2690,0.0000,0.000
2026-09-11 20:05:52.625,1789137352,R_10,4838.4360,0.0000,0.000
2026-09-11 20:05:54.561,1789137354,R_10,4838.3660,0.0000,0.000
2026-09-11 20:05:56.507,1789137356,R_10,4838.3990,0.0000,0.000
2026-09-11 20:05:58.658,1789137358,R_10,4838.5560,0.0000,0.000
2026-09-11 20:06:00.614,1789137360,R_10,4838.6430,0.0000,0.000
2026-09-11 20:06:02.559,1789137362,R_10,4838.6930,0.0000,0.000
2026-09-11 20:06:04.608,1789137364,R_10,4838.6040,0.0000,0.000
2026-09-11 20:06:06.552,1789137366,R_10,4838.4840,0.0000,0.000
2026-09-11 20:06:08.689,1789137368,R_10,4838.5500,0.0000,0.000
2026-09-11 20:06:10.639,1789137370,R_10,4838.7220,0.0000,0.000
2026-09-11 20:06:12.584,1789137372,R_10,4838.6950,0.0000,0.000
2026-09-11 20:06:14.540,1789137374,R_10,4838.8280,0.0000,0.000
2026-09-11 20:06:16.594,1789137376,R_10,4838.8590,0.0000,0.000
2026-09-11 20:06:18.635,1789137378,R_10,4838.8670,0.0000,0.000
2026-09-11 20:06:20.573,1789137380,R_10,4839.0410,0.0000,0.000
2026-09-11 20:06:22.630,1789137382,R_10,4839.2060,0.0000,0.000
2026-09-11 20:06:24.564,1789137384,R_10,4839.2560,0.0000,0.000
2026-09-11 20:06:26.789,1789137386,R_10,4839.2330,0.0000,0.000
2026-09-11 20:06:28.561,1789137388,R_10,4839.2340,0.0000,0.000
2026-09-11 20:06:30.617,1789137390,R_10,4839.2980,0.0000,0.000
2026-09-11 20:06:32.666,1789137392,R_10,4839.4320,0.0000,0.000
2026-09-11 20:06:34.508,1789137394,R_10,4839.3730,0.0000,0.000
2026-09-11 20:06:36.557,1789137396,R_10,4839.1490,0.0000,0.000
2026-09-11 20:06:38.697,1789137398,R_10,4839.1410,0.0000,0.000
2026-09-11 20:06:40.624,1789137400,R_10,4839.0440,0.0000,0.000
2026-09-11 20:06:42.587,1789137402,R_10,4839.1230,0.0000,0.000
2026-09-11 20:06:44.635,1789137404,R_10,4839.2460,0.0000,0.000
2026-09-11 20:06:46.694,1789137406,R_10,4839.2440,0.0000,0.000
2026-09-11 20:06:48.639,1789137408,R_10,4839.1700,0.0000,0.000
2026-09-11 20:06:50.587,1789137410,R_10,4839.1020,0.0000,0.000
2026-09-11 20:06:52.631,1789137412,R_10,4838.9390,0.0000,0.000
2026-09-11 20:06:54.567,1789137414,R_10,4838.8460,0.0000,0.000
2026-09-11 20:06:56.536,1789137416,R_10,4838.8310,0.0000,0.000
2026-09-11 20:06:58.673,1789137418,R_10,4838.9740,0.0000,0.000
2026-09-11 20:07:00.608,1789137420,R_10,4838.8410,0.0000,0.000
2026-09-11 20:07:02.565,1789137422,R_10,4838.9680,0.0000,0.000
2026-09-11 20:07:04.613,1789137424,R_10,4838.8200,0.0000,0.000
2026-09-11 20:07:06.863,1789137426,R_10,4838.7350,0.0000,0.000
2026-09-11 20:07:09.076,1789137428,R_10,4838.7410,0.0000,0.000
2026-09-11 20:07:10.633,1789137430,R_10,4838.6910,0.0000,0.000
2026-09-11 20:07:12.590,1789137432,R_10,4838.7060,0.0000,0.000
2026-09-11 20:07:14.546,1789137434,R_10,4838.7210,0.0000,0.000
2026-09-11 20:07:16.584,1789137436,R_10,4838.6200,0.0000,0.000
2026-09-11 20:07:18.539,1789137438,R_10,4838.4890,0.0000,0.000
2026-09-11 20:07:20.588,1789137440,R_10,4838.4000,0.0000,0.000
2026-09-11 20:07:22.534,1789137442,R_10,4838.4340,0.0000,0.000
2026-09-11 20:07:24.849,1789137444,R_10,4838.4260,0.0000,0.000
2026-09-11 20:07:26.517,1789137446,R_10,4838.3200,0.0000,0.000
2026-09-11 20:07:28.574,1789137448,R_10,4838.3250,0.0000,0.000
2026-09-11 20:07:30.623,1789137450,R_10,4838.5710,0.0000,0.000
2026-09-11 20:07:32.559,1789137452,R_10,4838.3750,0.0000,0.000
2026-09-11 20:07:35.016,1789137454,R_10,4838.3800,0.0000,0.000
2026-09-11 20:07:36.665,1789137456,R_10,4838.2530,0.0000,0.000
2026-09-11 20:07:38.685,1789137458,R_10,4838.3190,0.0000,0.000
2026-09-11 20:07:40.650,1789137460,R_10,4838.2220,0.0000,0.000
2026-09-11 20:07:42.595,1789137462,R_10,4838.4490,0.0000,0.000
2026-09-11 20:07:44.542,1789137464,R_10,4838.6520,0.0000,0.000
2026-09-11 20:07:46.803,1789137466,R_10,4838.7270,0.0000,0.000
2026-09-11 20:07:48.645,1789137468,R_10,4838.6680,0.0000,0.000
2026-09-11 20:07:50.591,1789137470,R_10,4838.3790,0.0000,0.000
2026-09-11 20:07:52.640,1789137472,R_10,4838.4960,0.0000,0.000
2026-09-11 20:07:54.579,1789137474,R_10,4838.5250,0.0000,0.000
2026-09-11 20:07:56.793,1789137476,R_10,4838.5280,0.0000,0.000
2026-09-11 20:07:58.579,1789137478,R_10,4838.6100,0.0000,0.000
2026-09-11 20:08:00.617,1789137480,R_10,4838.5460,0.0000,0.000
2026-09-11 20:08:02.572,1789137482,R_10,4838.7720,0.0000,0.000
2026-09-11 20:08:04.508,1789137484,R_10,4838.9020,0.0000,0.000
2026-09-11 20:08:06.670,1789137486,R_10,4838.7810,0.0000,0.000
2026-09-11 20:08:08.688,1789137488,R_10,4838.7740,0.0000,0.000
2026-09-11 20:08:10.629,1789137490,R_10,4838.5900,0.0000,0.000
2026-09-11 20:08:12.600,1789137492,R_10,4838.7950,0.0000,0.000
2026-09-11 20:08:14.885,1789137494,R_10,4838.8700,0.0000,0.000
2026-09-11 20:08:16.704,1789137496,R_10,4838.9060,0.0000,0.000
2026-09-11 20:08:18.539,1789137498,R_10,4838.8980,0.0000,0.000
2026-09-11 20:08:20.594,1789137500,R_10,4838.9450,0.0000,0.000
2026-09-11 20:08:22.644,1789137502,R_10,4838.8400,0.0000,0.000
2026-09-11 20:08:24.578,1789137504,R_10,4838.5410,0.0000,0.000
2026-09-11 20:08:26.797,1789137506,R_10,4838.5690,0.0000,0.000
2026-09-11 20:08:28.755,1789137508,R_10,4838.2830,0.0000,0.000
2026-09-11 20:08:30.636,1789137510,R_10,4838.1520,0.0000,0.000
2026-09-11 20:08:32.679,1789137512,R_10,4838.1630,0.0000,0.000
2026-09-11 20:08:34.624,1789137514,R_10,4838.4150,0.0000,0.000
2026-09-11 20:08:36.593,1789137516,R_10,4838.6490,0.0000,0.000
2026-09-11 20:08:38.688,1789137518,R_10,4838.6210,0.0000,0.000
2026-09-11 20:08:40.633,1789137520,R_10,4838.5080,0.0000,0.000
2026-09-11 20:08:42.600,1789137522,R_10,4838.4980,0.0000,0.000
2026-09-11 20:08:44.659,1789137524,R_10,4838.4590,0.0000,0.000
2026-09-11 20:08:46.594,1789137526,R_10,4838.5750,0.0000,0.000
2026-09-11 20:08:48.653,1789137528,R_10,4838.6130,0.0000,0.000
2026-09-11 20:08:50.598,1789137530,R_10,4838.7630,0.0000,0.000
2026-09-11 20:08:52.534,1789137532,R_10,4838.9590,0.0000,0.000
2026-09-11 20:08:54.580,1789137534,R_10,4838.8880,0.0000,0.000
2026-09-11 20:08:56.792,1789137536,R_10,4839.0140,0.0000,0.000
2026-09-11 20:08:58.586,1789137538,R_10,4838.9140,0.0000,0.000
2026-09-11 20:09:00.634,1789137540,R_10,4838.9770,0.0000,0.000
2026-09-11 20:09:02.579,1789137542,R_10,4838.9710,0.0000,0.000
2026-09-11 20:09:04.627,1789137544,R_10,4838.9260,0.0000,0.000
2026-09-11 20:09:06.563,1789137546,R_10,4839.0620,0.0000,0.000
2026-09-11 20:09:08.693,1789137548,R_10,4839.1350,0.0000,0.000
2026-09-11 20:09:10.637,1789137550,R_10,4839.0010,0.0000,0.000
2026-09-11 20:09:12.581,1789137552,R_10,4838.9870,0.0000,0.000
2026-09-11 20:09:14.551,1789137554,R_10,4838.9060,0.0000,0.000
2026-09-11 20:09:16.534,1789137556,R_10,4838.9590,0.0000,0.000
2026-09-11 20:09:18.553,1789137558,R_10,4839.1060,0.0000,0.000
2026-09-11 20:09:20.592,1789137560,R_10,4839.0580,0.0000,0.000
2026-09-11 20:09:22.537,1789137562,R_10,4838.9390,0.0000,0.000
2026-09-11 20:09:24.589,1789137564,R_10,4838.8890,0.0000,0.000
2026-09-11 20:09:26.531,1789137566,R_10,4838.8410,0.0000,0.000
2026-09-11 20:09:28.578,1789137568,R_10,4838.9650,0.0000,0.000
2026-09-11 20:09:30.630,1789137570,R_10,4839.0800,0.0000,0.000
2026-09-11 20:09:32.470,1789137572,R_10,4838.8030,0.0000,0.000
2026-09-11 20:09:34.623,1789137574,R_10,4838.9060,0.0000,0.000
2026-09-11 20:09:36.576,1789137576,R_10,4839.2410,0.0000,0.000
2026-09-11 20:09:38.689,1789137578,R_10,4839.1400,0.0000,0.000
2026-09-11 20:09:40.629,1789137580,R_10,4838.9310,0.0000,0.000
2026-09-11 20:09:42.607,1789137582,R_10,4838.6720,0.0000,0.000
2026-09-11 20:09:44.562,1789137584,R_10,4838.8710,0.0000,0.000
2026-09-11 20:09:46.610,1789137586,R_10,4838.7590,0.0000,0.000
2026-09-11 20:09:48.558,1789137588,R_10,4838.6870,0.0000,0.000
2026-09-11 20:09:50.808,1789137590,R_10,4838.7360,0.0000,0.000
2026-09-11 20:09:52.654,1789137592,R_10,4838.6550,0.0000,0.000
2026-09-11 20:09:54.588,1789137594,R_10,4838.6840,0.0000,0.000
2026-09-11 20:09:56.789,1789137596,R_10,4838.7200,0.0000,0.000
2026-09-11 20:09:58.582,1789137598,R_10,4838.8680,0.0000,0.000
2026-09-11 20:10:00.639,1789137600,R_10,4838.8470,0.0000,0.000
2026-09-11 20:10:02.586,1789137602,R_10,4838.9670,0.0000,0.000
2026-09-11 20:10:04.640,1789137604,R_10,4838.7960,0.0000,0.000
2026-09-11 20:10:06.682,1789137606,R_10,4838.8930,0.0000,0.000
2026-09-11 20:10:08.681,1789137608,R_10,4838.9320,0.0000,0.000
2026-09-11 20:10:10.621,1789137610,R_10,4839.0350,0.0000,0.000
2026-09-11 20:10:12.611,1789137612,R_10,4838.8590,0.0000,0.000
2026-09-11 20:10:14.567,1789137614,R_10,4839.1100,0.0000,0.000
2026-09-11 20:10:16.513,1789137616,R_10,4839.1930,0.0000,0.000
2026-09-11 20:10:18.560,1789137618,R_10,4839.1700,0.0000,0.000
2026-09-11 20:10:20.608,1789137620,R_10,4839.1920,0.0000,0.000
2026-09-11 20:10:22.954,1789137622,R_10,4839.2850,0.0000,0.000
2026-09-11 20:10:24.592,1789137624,R_10,4839.1610,0.0000,0.000
2026-09-11 20:10:26.789,1789137626,R_10,4838.8800,0.0000,0.000
2026-09-11 20:10:28.588,1789137628,R_10,4839.1540,0.0000,0.000
2026-09-11 20:10:30.644,1789137630,R_10,4839.4180,0.0000,0.000
2026-09-11 20:10:32.579,1789137632,R_10,4839.4260,0.0000,0.000
2026-09-11 20:10:34.628,1789137634,R_10,4839.3310,0.0000,0.000
2026-09-11 20:10:36.583,1789137636,R_10,4839.3010,0.0000,0.000
2026-09-11 20:10:38.689,1789137638,R_10,4839.3710,0.0000,0.000
2026-09-11 20:10:40.628,1789137640,R_10,4839.2260,0.0000,0.000
2026-09-11 20:10:42.613,1789137642,R_10,4839.0220,0.0000,0.000
2026-09-11 20:10:44.672,1789137644,R_10,4839.1850,0.0000,0.000
2026-09-11 20:10:46.618,1789137646,R_10,4839.0350,0.0000,0.000
2026-09-11 20:10:48.564,1789137648,R_10,4838.9090,0.0000,0.000
2026-09-11 20:10:50.611,1789137650,R_10,4838.9010,0.0000,0.000
2026-09-11 20:10:52.550,1789137652,R_10,4839.0960,0.0000,0.000
2026-09-11 20:10:54.597,1789137654,R_10,4839.0440,0.0000,0.000
2026-09-11 20:10:56.797,1789137656,R_10,4839.1220,0.0000,0.000
2026-09-11 20:10:58.600,1789137658,R_10,4839.3030,0.0000,0.000
2026-09-11 20:11:00.545,1789137660,R_10,4839.2760,0.0000,0.000
2026-09-11 20:11:02.592,1789137662,R_10,4839.2030,0.0000,0.000
2026-09-11 20:11:04.538,1789137664,R_10,4839.1670,0.0000,0.000
2026-09-11 20:11:06.790,1789137666,R_10,4839.1420,0.0000,0.000
2026-09-11 20:11:08.726,1789137668,R_10,4839.2540,0.0000,0.000
2026-09-11 20:11:10.628,1789137670,R_10,4839.2250,0.0000,0.000
2026-09-11 20:11:12.617,1789137672,R_10,4839.3270,0.0000,0.000
2026-09-11 20:11:14.676,1789137674,R_10,4839.1490,0.0000,0.000
2026-09-11 20:11:16.621,1789137676,R_10,4839.1440,0.0000,0.000
2026-09-11 20:11:18.874,1789137678,R_10,4839.0550,0.0000,0.000
2026-09-11 20:11:20.718,1789137680,R_10,4838.9150,0.0000,0.000
2026-09-11 20:11:22.656,1789137682,R_10,4838.7730,0.0000,0.000
2026-09-11 20:11:24.598,1789137684,R_10,4838.7320,0.0000,0.000
2026-09-11 20:11:26.545,1789137686,R_10,4838.6450,0.0000,0.000
2026-09-11 20:11:28.602,1789137688,R_10,4838.7440,0.0000,0.000
2026-09-11 20:11:30.650,1789137690,R_10,4838.7020,0.0000,0.000
2026-09-11 20:11:32.585,1789137692,R_10,4838.7690,0.0000,0.000
2026-09-11 20:11:34.644,1789137694,R_10,4838.7370,0.0000,0.000
2026-09-11 20:11:36.589,1789137696,R_10,4838.7450,0.0000,0.000
2026-09-11 20:11:38.689,1789137698,R_10,4838.5980,0.0000,0.000
2026-09-11 20:11:40.677,1789137700,R_10,4838.6390,0.0000,0.000
2026-09-11 20:11:42.569,1789137702,R_10,4838.6150,0.0000,0.000
2026-09-11 20:11:44.679,1789137704,R_10,4838.7640,0.0000,0.000
2026-09-11 20:11:46.624,1789137706,R_10,4838.7770,0.0000,0.000
2026-09-11 20:11:48.772,1789137708,R_10,4838.6300,0.0000,0.000
2026-09-11 20:11:50.619,1789137710,R_10,4838.7640,0.0000,0.000
2026-09-11 20:11:52.555,1789137712,R_10,4838.9840,0.0000,0.000
2026-09-11 20:11:54.499,1789137714,R_10,4839.0540,0.0000,0.000
2026-09-11 20:11:56.549,1789137716,R_10,4838.9770,0.0000,0.000
2026-09-11 20:11:58.605,1789137718,R_10,4839.1130,0.0000,0.000
2026-09-11 20:12:00.656,1789137720,R_10,4839.2140,0.0000,0.000
2026-09-11 20:12:02.599,1789137722,R_10,4839.2870,0.0000,0.000
2026-09-11 20:12:04.545,1789137724,R_10,4839.4520,0.0000,0.000
2026-09-11 20:12:06.583,1789137726,R_10,4839.2660,0.0000,0.000
2026-09-11 20:12:08.712,1789137728,R_10,4839.2480,0.0000,0.000
2026-09-11 20:12:10.629,1789137730,R_10,4839.1520,0.0000,0.000
2026-09-11 20:12:12.625,1789137732,R_10,4839.3090,0.0000,0.000
2026-09-11 20:12:14.776,1789137734,R_10,4839.2330,0.0000,0.000
2026-09-11 20:12:16.517,1789137736,R_10,4839.4210,0.0000,0.000
2026-09-11 20:12:18.572,1789137738,R_10,4839.2370,0.0000,0.000
2026-09-11 20:12:20.519,1789137740,R_10,4839.1600,0.0000,0.000
2026-09-11 20:12:22.670,1789137742,R_10,4839.2410,0.0000,0.000
2026-09-11 20:12:24.605,1789137744,R_10,4839.3880,0.0000,0.000
2026-09-11 20:12:26.789,1789137746,R_10,4839.4250,0.0000,0.000
2026-09-11 20:12:28.609,1789137748,R_10,4839.4580,0.0000,0.000
2026-09-11 20:12:30.555,1789137750,R_10,4839.4920,0.0000,0.000
2026-09-11 20:12:32.592,1789137752,R_10,4839.3570,0.0000,0.000
2026-09-11 20:12:34.549,1789137754,R_10,4839.3900,0.0000,0.000
2026-09-11 20:12:36.597,1789137756,R_10,4839.3350,0.0000,0.000
2026-09-11 20:12:38.688,1789137758,R_10,4839.3010,0.0000,0.000
2026-09-11 20:12:40.628,1789137760,R_10,4839.4690,0.0000,0.000
2026-09-11 20:12:42.568,1789137762,R_10,4839.6820,0.0000,0.000
2026-09-11 20:12:44.582,1789137764,R_10,4839.7810,0.0000,0.000
2026-09-11 20:12:46.529,1789137766,R_10,4839.9750,0.0000,0.000
2026-09-11 20:12:48.578,1789137768,R_10,4839.9320,0.0000,0.000
2026-09-11 20:12:50.625,1789137770,R_10,4839.8530,0.0000,0.000
2026-09-11 20:12:52.565,1789137772,R_10,4839.7500,0.0000,0.000
2026-09-11 20:12:54.506,1789137774,R_10,4839.8400,0.0000,0.000
2026-09-11 20:12:56.553,1789137776,R_10,4840.0290,0.0000,0.000
2026-09-11 20:12:58.503,1789137778,R_10,4839.9660,0.0000,0.000
2026-09-11 20:13:00.557,1789137780,R_10,4839.8770,0.0000,0.000
2026-09-11 20:13:02.495,1789137782,R_10,4840.1000,0.0000,0.000
2026-09-11 20:13:04.552,1789137784,R_10,4840.1680,0.0000,0.000
2026-09-11 20:13:06.496,1789137786,R_10,4840.0500,0.0000,0.000
2026-09-11 20:13:08.689,1789137788,R_10,4840.2210,0.0000,0.000
2026-09-11 20:13:11.021,1789137790,R_10,4840.1700,0.0000,0.000
2026-09-11 20:13:12.573,1789137792,R_10,4839.9440,0.0000,0.000
2026-09-11 20:13:14.689,1789137794,R_10,4839.8680,0.0000,0.000
2026-09-11 20:13:16.533,1789137796,R_10,4839.6080,0.0000,0.000
2026-09-11 20:13:18.580,1789137798,R_10,4839.5560,0.0000,0.000
2026-09-11 20:13:20.629,1789137800,R_10,4839.5060,0.0000,0.000
2026-09-11 20:13:22.677,1789137802,R_10,4839.7170,0.0000,0.000
2026-09-11 20:13:24.474,1789137804,R_10,4839.9060,0.0000,0.000
2026-09-11 20:13:26.558,1789137806,R_10,4839.8300,0.0000,0.000
2026-09-11 20:13:28.616,1789137808,R_10,4839.6910,0.0000,0.000
2026-09-11 20:13:30.561,1789137810,R_10,4839.5870,0.0000,0.000
2026-09-11 20:13:32.600,1789137812,R_10,4839.5600,0.0000,0.000
2026-09-11 20:13:34.555,1789137814,R_10,4839.5520,0.0000,0.000
2026-09-11 20:13:36.602,1789137816,R_10,4839.4330,0.0000,0.000
2026-09-11 20:13:38.688,1789137818,R_10,4839.4180,0.0000,0.000
2026-09-11 20:13:40.629,1789137820,R_10,4839.4840,0.0000,0.000
2026-09-11 20:13:42.639,1789137822,R_10,4839.3750,0.0000,0.000
2026-09-11 20:13:44.686,1789137824,R_10,4839.4880,0.0000,0.000
2026-09-11 20:13:46.535,1789137826,R_10,4839.6510,0.0000,0.000
2026-09-11 20:13:48.574,1789137828,R_10,4839.8030,0.0000,0.000
2026-09-11 20:13:50.632,1789137830,R_10,4839.9260,0.0000,0.000
2026-09-11 20:13:52.568,1789137832,R_10,4840.1650,0.0000,0.000
2026-09-11 20:13:54.617,1789137834,R_10,4840.0450,0.0000,0.000
2026-09-11 20:13:56.560,1789137836,R_10,4840.2080,0.0000,0.000
2026-09-11 20:13:58.609,1789137838,R_10,4840.2790,0.0000,0.000
2026-09-11 20:14:00.565,1789137840,R_10,4840.3730,0.0000,0.000
2026-09-11 20:14:02.511,1789137842,R_10,4840.3770,0.0000,0.000
2026-09-11 20:14:04.526,1789137844,R_10,4840.4520,0.0000,0.000
2026-09-11 20:14:06.811,1789137846,R_10,4840.6400,0.0000,0.000
2026-09-11 20:14:08.689,1789137848,R_10,4840.6870,0.0000,0.000
2026-09-11 20:14:10.632,1789137850,R_10,4840.7870,0.0000,0.000
2026-09-11 20:14:12.574,1789137852,R_10,4840.6700,0.0000,0.000
2026-09-11 20:14:14.696,1789137854,R_10,4840.7430,0.0000,0.000
2026-09-11 20:14:16.539,1789137856,R_10,4841.0850,0.0000,0.000
2026-09-11 20:14:18.691,1789137858,R_10,4841.1990,0.0000,0.000
2026-09-11 20:14:20.636,1789137860,R_10,4841.2150,0.0000,0.000
2026-09-11 20:14:22.582,1789137862,R_10,4841.3710,0.0000,0.000
2026-09-11 20:14:24.619,1789137864,R_10,4841.2810,0.0000,0.000
2026-09-11 20:14:26.785,1789137866,R_10,4841.0120,0.0000,0.000
2026-09-11 20:14:28.622,1789137868,R_10,4840.9660,0.0000,0.000
2026-09-11 20:14:30.670,1789137870,R_10,4841.0550,0.0000,0.000
2026-09-11 20:14:32.606,1789137872,R_10,4841.1160,0.0000,0.000
2026-09-11 20:14:34.664,1789137874,R_10,4841.2060,0.0000,0.000
2026-09-11 20:14:36.609,1789137876,R_10,4841.4260,0.0000,0.000
2026-09-11 20:14:38.689,1789137878,R_10,4841.2580,0.0000,0.000
2026-09-11 20:14:40.631,1789137880,R_10,4841.3480,0.0000,0.000
2026-09-11 20:14:42.641,1789137882,R_10,4841.3650,0.0000,0.000
2026-09-11 20:14:44.589,1789137884,R_10,4841.4280,0.0000,0.000
2026-09-11 20:14:46.543,1789137886,R_10,4841.4060,0.0000,0.000
2026-09-11 20:14:48.591,1789137888,R_10,4841.4660,0.0000,0.000
2026-09-11 20:14:50.638,1789137890,R_10,4841.6250,0.0000,0.000
2026-09-11 20:14:52.574,1789137892,R_10,4841.6120,0.0000,0.000
2026-09-11 20:14:54.521,1789137894,R_10,4841.6500,0.0000,0.000
2026-09-11 20:14:56.568,1789137896,R_10,4841.7860,0.0000,0.000
2026-09-11 20:14:58.625,1789137898,R_10,4841.6290,0.0000,0.000
2026-09-11 20:15:00.666,1789137900,R_10,4841.8100,0.0000,0.000
2026-09-11 20:15:02.516,1789137902,R_10,4841.8940,0.0000,0.000
2026-09-11 20:15:04.566,1789137904,R_10,4841.8900,0.0000,0.000
2026-09-11 20:15:06.510,1789137906,R_10,4842.0140,0.0000,0.000
2026-09-11 20:15:08.689,1789137908,R_10,4841.9730,0.0000,0.000
2026-09-11 20:15:10.629,1789137910,R_10,4841.9930,0.0000,0.000
2026-09-11 20:15:12.580,1789137912,R_10,4841.8790,0.0000,0.000
2026-09-11 20:15:14.600,1789137914,R_10,4841.8400,0.0000,0.000
2026-09-11 20:15:16.639,1789137916,R_10,4841.7420,0.0000,0.000
2026-09-11 20:15:18.594,1789137918,R_10,4841.7770,0.0000,0.000
2026-09-11 20:15:20.539,1789137920,R_10,4841.6770,0.0000,0.000
2026-09-11 20:15:22.587,1789137922,R_10,4841.7530,0.0000,0.000
2026-09-11 20:15:24.523,1789137924,R_10,4841.5140,0.0000,0.000
2026-09-11 20:15:26.571,1789137926,R_10,4841.4180,0.0000,0.000
2026-09-11 20:15:28.833,1789137928,R_10,4841.5250,0.0000,0.000
2026-09-11 20:15:30.677,1789137930,R_10,4841.5920,0.0000,0.000
2026-09-11 20:15:32.612,1789137932,R_10,4841.4880,0.0000,0.000
2026-09-11 20:15:34.671,1789137934,R_10,4841.5990,0.0000,0.000
2026-09-11 20:15:36.616,1789137936,R_10,4841.6900,0.0000,0.000
2026-09-11 20:15:38.696,1789137938,R_10,4841.6560,0.0000,0.000
2026-09-11 20:15:40.702,1789137940,R_10,4841.6970,0.0000,0.000
2026-09-11 20:15:42.593,1789137942,R_10,4841.7800,0.0000,0.000
2026-09-11 20:15:44.606,1789137944,R_10,4841.6030,0.0000,0.000
2026-09-11 20:15:46.652,1789137946,R_10,4841.4590,0.0000,0.000
2026-09-11 20:15:48.700,1789137948,R_10,4841.5380,0.0000,0.000
2026-09-11 20:15:50.646,1789137950,R_10,4841.7160,0.0000,0.000
2026-09-11 20:15:52.908,1789137952,R_10,4841.6800,0.0000,0.000
2026-09-11 20:15:54.853,1789137954,R_10,4841.5160,0.0000,0.000
2026-09-11 20:15:56.792,1789137956,R_10,4841.5810,0.0000,0.000
2026-09-11 20:15:58.633,1789137958,R_10,4841.7380,0.0000,0.000
2026-09-11 20:16:00.578,1789137960,R_10,4841.9400,0.0000,0.000
2026-09-11 20:16:02.602,1789137962,R_10,4841.7890,0.0000,0.000
2026-09-11 20:16:04.675,1789137964,R_10,4841.7260,0.0000,0.000
2026-09-11 20:16:06.620,1789137966,R_10,4841.6360,0.0000,0.000
2026-09-11 20:16:08.688,1789137968,R_10,4841.6420,0.0000,0.000
2026-09-11 20:16:10.706,1789137970,R_10,4841.7130,0.0000,0.000
2026-09-11 20:16:12.568,1789137972,R_10,4841.8610,0.0000,0.000
2026-09-11 20:16:14.597,1789137974,R_10,4841.9490,0.0000,0.000
2026-09-11 20:16:16.659,1789137976,R_10,4841.9020,0.0000,0.000
2026-09-11 20:16:18.602,1789137978,R_10,4841.7670,0.0000,0.000
2026-09-11 20:16:20.649,1789137980,R_10,4841.8830,0.0000,0.000
2026-09-11 20:16:22.595,1789137982,R_10,4841.9650,0.0000,0.000
2026-09-11 20:16:24.559,1789137984,R_10,4841.9210,0.0000,0.000
2026-09-11 20:16:26.578,1789137986,R_10,4842.0780,0.0000,0.000
2026-09-11 20:16:28.534,1789137988,R_10,4841.9760,0.0000,0.000
2026-09-11 20:16:30.582,1789137990,R_10,4841.8800,0.0000,0.000
2026-09-11 20:16:32.518,1789137992,R_10,4841.9010,0.0000,0.000
2026-09-11 20:16:34.576,1789137994,R_10,4841.9230,0.0000,0.000
2026-09-11 20:16:36.623,1789137996,R_10,4841.8790,0.0000,0.000
2026-09-11 20:16:38.689,1789137998,R_10,4841.9050,0.0000,0.000
2026-09-11 20:16:40.629,1789138000,R_10,4842.1530,0.0000,0.000
2026-09-11 20:16:42.568,1789138002,R_10,4842.3030,0.0000,0.000
2026-09-11 20:16:44.611,1789138004,R_10,4842.4730,0.0000,0.000
2026-09-11 20:16:46.556,1789138006,R_10,4842.6630,0.0000,0.000
2026-09-11 20:16:48.596,1789138008,R_10,4842.6300,0.0000,0.000
2026-09-11 20:16:50.653,1789138010,R_10,4842.7710,0.0000,0.000
2026-09-11 20:16:52.588,1789138012,R_10,4842.7310,0.0000,0.000
2026-09-11 20:16:54.637,1789138014,R_10,4842.9170,0.0000,0.000
2026-09-11 20:16:56.583,1789138016,R_10,4842.9020,0.0000,0.000
2026-09-11 20:16:58.536,1789138018,R_10,4842.8740,0.0000,0.000
2026-09-11 20:17:00.588,1789138020,R_10,4842.8460,0.0000,0.000
2026-09-11 20:17:02.633,1789138022,R_10,4842.9320,0.0000,0.000
2026-09-11 20:17:04.579,1789138024,R_10,4842.8700,0.0000,0.000
2026-09-11 20:17:06.627,1789138026,R_10,4842.8740,0.0000,0.000
2026-09-11 20:17:08.688,1789138028,R_10,4842.9280,0.0000,0.000
2026-09-11 20:17:10.628,1789138030,R_10,4842.9370,0.0000,0.000
2026-09-11 20:17:12.966,1789138032,R_10,4842.9780,0.0000,0.000
2026-09-11 20:17:14.614,1789138034,R_10,4842.9090,0.0000,0.000
2026-09-11 20:17:16.663,1789138036,R_10,4842.6640,0.0000,0.000
2026-09-11 20:17:18.543,1789138038,R_10,4842.7500,0.0000,0.000
2026-09-11 20:17:20.656,1789138040,R_10,4842.5760,0.0000,0.000
2026-09-11 20:17:22.601,1789138042,R_10,4842.5750,0.0000,0.000
2026-09-11 20:17:24.648,1789138044,R_10,4842.6520,0.0000,0.000
2026-09-11 20:17:26.585,1789138046,R_10,4842.8380,0.0000,0.000
2026-09-11 20:17:28.534,1789138048,R_10,4842.7600,0.0000,0.000
2026-09-11 20:17:30.591,1789138050,R_10,4842.6960,0.0000,0.000
2026-09-11 20:17:32.637,1789138052,R_10,4842.7190,0.0000,0.000
2026-09-11 20:17:34.583,1789138054,R_10,4842.7780,0.0000,0.000
2026-09-11 20:17:36.630,1789138056,R_10,4842.7120,0.0000,0.000
2026-09-11 20:17:38.681,1789138058,R_10,4842.7280,0.0000,0.000
2026-09-11 20:17:40.621,1789138060,R_10,4842.7130,0.0000,0.000
2026-09-11 20:17:42.565,1789138062,R_10,4842.6830,0.0000,0.000
2026-09-11 20:17:44.618,1789138064,R_10,4842.7120,0.0000,0.000
2026-09-11 20:17:46.671,1789138066,R_10,4842.8130,0.0000,0.000
2026-09-11 20:17:48.611,1789138068,R_10,4842.8210,0.0000,0.000
2026-09-11 20:17:50.766,1789138070,R_10,4842.8090,0.0000,0.000
2026-09-11 20:17:52.595,1789138072,R_10,4842.6560,0.0000,0.000
2026-09-11 20:17:54.643,1789138074,R_10,4842.5460,0.0000,0.000
2026-09-11 20:17:56.589,1789138076,R_10,4842.4120,0.0000,0.000
2026-09-11 20:17:58.535,1789138078,R_10,4842.3140,0.0000,0.000
2026-09-11 20:18:00.592,1789138080,R_10,4842.2430,0.0000,0.000
2026-09-11 20:18:02.537,1789138082,R_10,4841.9010,0.0000,0.000
2026-09-11 20:18:04.679,1789138084,R_10,4841.7290,0.0000,0.000
2026-09-11 20:18:06.634,1789138086,R_10,4841.9700,0.0000,0.000
2026-09-11 20:18:08.681,1789138088,R_10,4841.8590,0.0000,0.000
2026-09-11 20:18:10.621,1789138090,R_10,4841.8260,0.0000,0.000
2026-09-11 20:18:12.667,1789138092,R_10,4841.9490,0.0000,0.000
2026-09-11 20:18:14.622,1789138094,R_10,4841.9100,0.0000,0.000
2026-09-11 20:18:16.670,1789138096,R_10,4841.9740,0.0000,0.000
2026-09-11 20:18:18.513,1789138098,R_10,4842.0190,0.0000,0.000
2026-09-11 20:18:20.654,1789138100,R_10,4841.9700,0.0000,0.000
2026-09-11 20:18:22.609,1789138102,R_10,4841.8860,0.0000,0.000
2026-09-11 20:18:24.648,1789138104,R_10,4841.9430,0.0000,0.000
2026-09-11 20:18:26.793,1789138106,R_10,4841.7510,0.0000,0.000
2026-09-11 20:18:28.643,1789138108,R_10,4841.6940,0.0000,0.000
2026-09-11 20:18:30.698,1789138110,R_10,4841.7350,0.0000,0.000
2026-09-11 20:18:32.532,1789138112,R_10,4841.9120,0.0000,0.000
2026-09-11 20:18:34.692,1789138114,R_10,4841.7930,0.0000,0.000
2026-09-11 20:18:36.639,1789138116,R_10,4841.6630,0.0000,0.000
2026-09-11 20:18:38.471,1789138118,R_10,4841.8110,0.0000,0.000
2026-09-11 20:18:40.624,1789138120,R_10,4841.7910,0.0000,0.000
2026-09-11 20:18:42.568,1789138122,R_10,4841.7740,0.0000,0.000
2026-09-11 20:18:44.523,1789138124,R_10,4841.6970,0.0000,0.000
2026-09-11 20:18:46.570,1789138126,R_10,4841.6700,0.0000,0.000
2026-09-11 20:18:48.824,1789138128,R_10,4841.8550,0.0000,0.000
2026-09-11 20:18:50.461,1789138130,R_10,4841.7860,0.0000,0.000
2026-09-11 20:18:52.503,1789138132,R_10,4842.0210,0.0000,0.000
2026-09-11 20:18:54.548,1789138134,R_10,4842.0000,0.0000,0.000
2026-09-11 20:18:56.596,1789138136,R_10,4842.0160,0.0000,0.000
2026-09-11 20:18:58.551,1789138138,R_10,4841.9980,0.0000,0.000
2026-09-11 20:19:00.497,1789138140,R_10,4841.9360,0.0000,0.000
2026-09-11 20:19:02.545,1789138142,R_10,4841.8620,0.0000,0.000
2026-09-11 20:19:04.491,1789138144,R_10,4842.0840,0.0000,0.000
2026-09-11 20:19:06.539,1789138146,R_10,4842.0110,0.0000,0.000
2026-09-11 20:19:08.687,1789138148,R_10,4841.9150,0.0000,0.000
2026-09-11 20:19:10.428,1789138150,R_10,4842.0330,0.0000,0.000
2026-09-11 20:19:12.980,1789138152,R_10,4842.3700,0.0000,0.000
2026-09-11 20:19:14.528,1789138154,R_10,4842.3610,0.0000,0.000
2026-09-11 20:19:16.576,1789138156,R_10,4842.2150,0.0000,0.000
2026-09-11 20:19:18.520,1789138158,R_10,4842.4200,0.0000,0.000
2026-09-11 20:19:20.567,1789138160,R_10,4842.5480,0.0000,0.000
2026-09-11 20:19:22.552,1789138162,R_10,4842.6060,0.0000,0.000
2026-09-11 20:19:24.859,1789138164,R_10,4842.7840,0.0000,0.000
2026-09-11 20:19:26.603,1789138166,R_10,4842.8560,0.0000,0.000
2026-09-11 20:19:28.659,1789138168,R_10,4842.6750,0.0000,0.000
2026-09-11 20:19:30.604,1789138170,R_10,4842.7400,0.0000,0.000
2026-09-11 20:19:32.875,1789138172,R_10,4843.0000,0.0000,0.000
2026-09-11 20:19:35.861,1789138174,R_10,4843.0180,0.0000,0.000
2026-09-11 20:19:36.910,1789138176,R_10,4843.0680,0.0000,0.000
2026-09-11 20:19:38.684,1789138178,R_10,4843.1300,0.0000,0.000
2026-09-11 20:19:40.713,1789138180,R_10,4843.2210,0.0000,0.000
2026-09-11 20:19:43.012,1789138182,R_10,4843.3230,0.0000,0.000
2026-09-11 20:19:46.493,1789138184,R_10,4843.4230,0.0000,0.000
2026-09-11 20:19:47.617,1789138186,R_10,4843.4050,0.0000,0.000
2026-09-11 20:19:49.073,1789138188,R_10,4843.3100,0.0000,0.000
2026-09-11 20:19:50.529,1789138190,R_10,4843.3070,0.0000,0.000
2026-09-11 20:19:54.093,1789138192,R_10,4843.1990,0.0000,0.000
2026-09-11 20:19:54.553,1789138194,R_10,4843.1510,0.0000,0.000
2026-09-11 20:19:56.603,1789138196,R_10,4843.2160,0.0000,0.000
2026-09-11 20:19:58.767,1789138198,R_10,4843.4490,0.0000,0.000
2026-09-11 20:20:00.800,1789138200,R_10,4843.4900,0.0000,0.000
2026-09-11 20:20:02.849,1789138202,R_10,4843.4600,0.0000,0.000
2026-09-11 20:20:04.590,1789138204,R_10,4843.3500,0.0000,0.000
2026-09-11 20:20:06.738,1789138206,R_10,4843.4190,0.0000,0.000
2026-09-11 20:20:08.682,1789138208,R_10,4843.5280,0.0000,0.000
2026-09-11 20:20:10.625,1789138210,R_10,4843.7390,0.0000,0.000
2026-09-11 20:20:12.577,1789138212,R_10,4843.6650,0.0000,0.000
2026-09-11 20:20:14.626,1789138214,R_10,4843.6760,0.0000,0.000
2026-09-11 20:20:16.570,1789138216,R_10,4843.5980,0.0000,0.000
2026-09-11 20:20:18.535,1789138218,R_10,4843.6690,0.0000,0.000
2026-09-11 20:20:20.564,1789138220,R_10,4843.8700,0.0000,0.000
2026-09-11 20:20:22.545,1789138222,R_10,4843.8690,0.0000,0.000
2026-09-11 20:20:25.013,1789138224,R_10,4843.9800,0.0000,0.000
2026-09-11 20:20:26.543,1789138226,R_10,4844.0540,0.0000,0.000
2026-09-11 20:20:28.475,1789138228,R_10,4844.0740,0.0000,0.000
2026-09-11 20:20:30.613,1789138230,R_10,4844.1270,0.0000,0.000
2026-09-11 20:20:32.702,1789138232,R_10,4844.2900,0.0000,0.000
2026-09-11 20:20:34.486,1789138234,R_10,4844.3150,0.0000,0.000
2026-09-11 20:20:36.526,1789138236,R_10,4844.2870,0.0000,0.000
2026-09-11 20:20:38.758,1789138238,R_10,4844.3050,0.0000,0.000
2026-09-11 20:20:40.448,1789138240,R_10,4844.2020,0.0000,0.000
2026-09-11 20:20:43.062,1789138242,R_10,4844.4330,0.0000,0.000
2026-09-11 20:20:44.454,1789138244,R_10,4844.5920,0.0000,0.000
2026-09-11 20:20:46.432,1789138246,R_10,4844.7510,0.0000,0.000
2026-09-11 20:20:48.515,1789138248,R_10,4844.7400,0.0000,0.000
2026-09-11 20:20:50.568,1789138250,R_10,4844.8700,0.0000,0.000
2026-09-11 20:20:52.496,1789138252,R_10,4845.0290,0.0000,0.000
2026-09-11 20:20:54.480,1789138254,R_10,4845.0700,0.0000,0.000
2026-09-11 20:20:56.466,1789138256,R_10,4845.1210,0.0000,0.000
2026-09-11 20:20:58.432,1789138258,R_10,4845.1150,0.0000,0.000
2026-09-11 20:21:00.445,1789138260,R_10,4845.0420,0.0000,0.000
2026-09-11 20:21:02.490,1789138262,R_10,4845.0760,0.0000,0.000
2026-09-11 20:21:04.523,1789138264,R_10,4845.1170,0.0000,0.000
2026-09-11 20:21:06.543,1789138266,R_10,4844.9630,0.0000,0.000
2026-09-11 20:21:08.689,1789138268,R_10,4845.1060,0.0000,0.000
2026-09-11 20:21:10.641,1789138270,R_10,4845.2080,0.0000,0.000
2026-09-11 20:21:12.581,1789138272,R_10,4845.0550,0.0000,0.000
2026-09-11 20:21:14.449,1789138274,R_10,4844.9140,0.0000,0.000
2026-09-11 20:21:16.476,1789138276,R_10,4845.0330,0.0000,0.000
2026-09-11 20:21:18.462,1789138278,R_10,4845.2480,0.0000,0.000
2026-09-11 20:21:20.577,1789138280,R_10,4845.0860,0.0000,0.000
2026-09-11 20:21:22.519,1789138282,R_10,4845.2940,0.0000,0.000
2026-09-11 20:21:24.569,1789138284,R_10,4845.5630,0.0000,0.000
2026-09-11 20:21:26.801,1789138286,R_10,4845.4300,0.0000,0.000
2026-09-11 20:21:28.559,1789138288,R_10,4845.5910,0.0000,0.000
2026-09-11 20:21:30.497,1789138290,R_10,4845.5410,0.0000,0.000
2026-09-11 20:21:32.553,1789138292,R_10,4845.2650,0.0000,0.000
2026-09-11 20:21:34.499,1789138294,R_10,4845.3940,0.0000,0.000
2026-09-11 20:21:36.546,1789138296,R_10,4845.3380,0.0000,0.000
2026-09-11 20:21:38.685,1789138298,R_10,4845.4320,0.0000,0.000
2026-09-11 20:21:40.640,1789138300,R_10,4845.3690,0.0000,0.000
2026-09-11 20:21:42.583,1789138302,R_10,4845.3450,0.0000,0.000
2026-09-11 20:21:44.449,1789138304,R_10,4845.2320,0.0000,0.000
2026-09-11 20:21:46.481,1789138306,R_10,4845.1420,0.0000,0.000
2026-09-11 20:21:48.795,1789138308,R_10,4845.2180,0.0000,0.000
2026-09-11 20:21:50.496,1789138310,R_10,4845.0200,0.0000,0.000
2026-09-11 20:21:52.509,1789138312,R_10,4845.2230,0.0000,0.000
2026-09-11 20:21:54.624,1789138314,R_10,4845.2150,0.0000,0.000
2026-09-11 20:21:56.828,1789138316,R_10,4845.2390,0.0000,0.000
2026-09-11 20:21:58.562,1789138318,R_10,4845.3290,0.0000,0.000
2026-09-11 20:22:00.611,1789138320,R_10,4845.4350,0.0000,0.000
2026-09-11 20:22:02.618,1789138322,R_10,4845.5380,0.0000,0.000
2026-09-11 20:22:04.705,1789138324,R_10,4845.4760,0.0000,0.000
2026-09-11 20:22:06.766,1789138326,R_10,4845.6320,0.0000,0.000
2026-09-11 20:22:08.684,1789138328,R_10,4845.7150,0.0000,0.000
2026-09-11 20:22:10.660,1789138330,R_10,4845.5950,0.0000,0.000
2026-09-11 20:22:12.715,1789138332,R_10,4845.6000,0.0000,0.000
2026-09-11 20:22:14.506,1789138334,R_10,4845.4480,0.0000,0.000
2026-09-11 20:22:16.526,1789138336,R_10,4845.4860,0.0000,0.000
2026-09-11 20:22:18.447,1789138338,R_10,4845.7430,0.0000,0.000
2026-09-11 20:22:20.492,1789138340,R_10,4845.6820,0.0000,0.000
2026-09-11 20:22:22.491,1789138342,R_10,4845.7190,0.0000,0.000
2026-09-11 20:22:24.500,1789138344,R_10,4845.8530,0.0000,0.000
2026-09-11 20:22:26.520,1789138346,R_10,4845.8130,0.0000,0.000
2026-09-11 20:22:28.660,1789138348,R_10,4845.9100,0.0000,0.000
2026-09-11 20:22:30.510,1789138350,R_10,4845.9000,0.0000,0.000
2026-09-11 20:22:32.567,1789138352,R_10,4846.0190,0.0000,0.000
2026-09-11 20:22:34.484,1789138354,R_10,4846.0590,0.0000,0.000
2026-09-11 20:22:36.448,1789138356,R_10,4845.8530,0.0000,0.000
2026-09-11 20:22:38.680,1789138358,R_10,4845.7670,0.0000,0.000
2026-09-11 20:22:40.629,1789138360,R_10,4845.6800,0.0000,0.000
2026-09-11 20:22:42.573,1789138362,R_10,4845.7480,0.0000,0.000
2026-09-11 20:22:44.542,1789138364,R_10,4845.9550,0.0000,0.000
2026-09-11 20:22:46.589,1789138366,R_10,4845.7760,0.0000,0.000
2026-09-11 20:22:48.637,1789138368,R_10,4845.7120,0.0000,0.000
2026-09-11 20:22:50.504,1789138370,R_10,4845.8770,0.0000,0.000
2026-09-11 20:22:52.630,1789138372,R_10,4845.9560,0.0000,0.000
2026-09-11 20:22:54.509,1789138374,R_10,4846.0800,0.0000,0.000
2026-09-11 20:22:56.474,1789138376,R_10,4846.1480,0.0000,0.000
2026-09-11 20:22:58.571,1789138378,R_10,4846.1360,0.0000,0.000
2026-09-11 20:23:00.516,1789138380,R_10,4846.1600,0.0000,0.000
2026-09-11 20:23:02.461,1789138382,R_10,4846.2660,0.0000,0.000
2026-09-11 20:23:04.509,1789138384,R_10,4846.3330,0.0000,0.000
2026-09-11 20:23:06.558,1789138386,R_10,4846.3680,0.0000,0.000
2026-09-11 20:23:08.681,1789138388,R_10,4846.4590,0.0000,0.000
2026-09-11 20:23:10.637,1789138390,R_10,4846.3230,0.0000,0.000
2026-09-11 20:23:12.598,1789138392,R_10,4846.5490,0.0000,0.000
2026-09-11 20:23:14.544,1789138394,R_10,4846.4270,0.0000,0.000
2026-09-11 20:23:16.592,1789138396,R_10,4846.4380,0.0000,0.000
2026-09-11 20:23:18.541,1789138398,R_10,4846.7410,0.0000,0.000
2026-09-11 20:23:20.508,1789138400,R_10,4846.7490,0.0000,0.000
2026-09-11 20:23:22.544,1789138402,R_10,4846.6600,0.0000,0.000
2026-09-11 20:23:24.580,1789138404,R_10,4846.6390,0.0000,0.000
2026-09-11 20:23:26.512,1789138406,R_10,4846.8760,0.0000,0.000
2026-09-11 20:23:28.687,1789138408,R_10,4846.9180,0.0000,0.000
2026-09-11 20:23:30.519,1789138410,R_10,4846.8360,0.0000,0.000
2026-09-11 20:23:32.492,1789138412,R_10,4846.8230,0.0000,0.000
2026-09-11 20:23:34.616,1789138414,R_10,4846.8740,0.0000,0.000
2026-09-11 20:23:36.564,1789138416,R_10,4846.8610,0.0000,0.000
2026-09-11 20:23:38.689,1789138418,R_10,4846.8680,0.0000,0.000
2026-09-11 20:23:40.636,1789138420,R_10,4846.7350,0.0000,0.000
2026-09-11 20:23:42.637,1789138422,R_10,4846.6400,0.0000,0.000
2026-09-11 20:23:44.484,1789138424,R_10,4846.5590,0.0000,0.000
2026-09-11 20:23:46.606,1789138426,R_10,4846.3050,0.0000,0.000
2026-09-11 20:23:48.758,1789138428,R_10,4846.3360,0.0000,0.000
2026-09-11 20:23:50.600,1789138430,R_10,4846.3220,0.0000,0.000
2026-09-11 20:23:52.545,1789138432,R_10,4846.2590,0.0000,0.000
2026-09-11 20:23:54.583,1789138434,R_10,4846.3930,0.0000,0.000
2026-09-11 20:23:56.530,1789138436,R_10,4846.5720,0.0000,0.000
2026-09-11 20:23:58.577,1789138438,R_10,4846.7960,0.0000,0.000
2026-09-11 20:24:00.624,1789138440,R_10,4846.8230,0.0000,0.000
2026-09-11 20:24:02.580,1789138442,R_10,4846.9240,0.0000,0.000
2026-09-11 20:24:04.515,1789138444,R_10,4847.0610,0.0000,0.000
2026-09-11 20:24:06.575,1789138446,R_10,4846.9780,0.0000,0.000
2026-09-11 20:24:08.681,1789138448,R_10,4847.0560,0.0000,0.000
2026-09-11 20:24:10.641,1789138450,R_10,4847.0780,0.0000,0.000
2026-09-11 20:24:12.607,1789138452,R_10,4847.0010,0.0000,0.000
2026-09-11 20:24:14.552,1789138454,R_10,4847.0970,0.0000,0.000
2026-09-11 20:24:16.803,1789138456,R_10,4847.0030,0.0000,0.000
2026-09-11 20:24:18.647,1789138458,R_10,4847.0590,0.0000,0.000
2026-09-11 20:24:20.601,1789138460,R_10,4847.0070,0.0000,0.000
2026-09-11 20:24:22.651,1789138462,R_10,4846.9580,0.0000,0.000
2026-09-11 20:24:24.508,1789138464,R_10,4847.1270,0.0000,0.000
2026-09-11 20:24:26.532,1789138466,R_10,4846.9990,0.0000,0.000
2026-09-11 20:24:28.582,1789138468,R_10,4846.9720,0.0000,0.000
2026-09-11 20:24:30.630,1789138470,R_10,4846.8930,0.0000,0.000
2026-09-11 20:24:32.574,1789138472,R_10,4846.9220,0.0000,0.000
2026-09-11 20:24:34.622,1789138474,R_10,4846.8460,0.0000,0.000
2026-09-11 20:24:36.569,1789138476,R_10,4846.9990,0.0000,0.000
2026-09-11 20:24:38.685,1789138478,R_10,4847.0490,0.0000,0.000
2026-09-11 20:24:40.633,1789138480,R_10,4846.8920,0.0000,0.000
2026-09-11 20:24:42.610,1789138482,R_10,4846.8050,0.0000,0.000
2026-09-11 20:24:44.498,1789138484,R_10,4847.0550,0.0000,0.000
2026-09-11 20:24:46.606,1789138486,R_10,4846.9510,0.0000,0.000
2026-09-11 20:24:48.551,1789138488,R_10,4846.7800,0.0000,0.000
2026-09-11 20:24:50.596,1789138490,R_10,4846.7280,0.0000,0.000
2026-09-11 20:24:52.552,1789138492,R_10,4846.7900,0.0000,0.000
2026-09-11 20:24:54.886,1789138494,R_10,4846.5110,0.0000,0.000
2026-09-11 20:24:56.538,1789138496,R_10,4846.5430,0.0000,0.000
2026-09-11 20:24:58.499,1789138498,R_10,4846.4350,0.0000,0.000
2026-09-11 20:25:00.640,1789138500,R_10,4846.5880,0.0000,0.000
2026-09-11 20:25:02.689,1789138502,R_10,4846.5120,0.0000,0.000
2026-09-11 20:25:04.522,1789138504,R_10,4846.5860,0.0000,0.000
2026-09-11 20:25:06.571,1789138506,R_10,4846.5500,0.0000,0.000
2026-09-11 20:25:08.681,1789138508,R_10,4846.7870,0.0000,0.000
2026-09-11 20:25:10.625,1789138510,R_10,4846.7850,0.0000,0.000
2026-09-11 20:25:12.565,1789138512,R_10,4846.7240,0.0000,0.000
2026-09-11 20:25:14.568,1789138514,R_10,4846.7230,0.0000,0.000
2026-09-11 20:25:16.541,1789138516,R_10,4846.6410,0.0000,0.000
2026-09-11 20:25:18.657,1789138518,R_10,4846.6560,0.0000,0.000
2026-09-11 20:25:20.609,1789138520,R_10,4846.7180,0.0000,0.000
2026-09-11 20:25:22.488,1789138522,R_10,4846.5920,0.0000,0.000
2026-09-11 20:25:24.593,1789138524,R_10,4846.6670,0.0000,0.000
2026-09-11 20:25:26.557,1789138526,R_10,4846.5440,0.0000,0.000
2026-09-11 20:25:28.596,1789138528,R_10,4846.7520,0.0000,0.000
2026-09-11 20:25:30.523,1789138530,R_10,4846.8310,0.0000,0.000
2026-09-11 20:25:32.684,1789138532,R_10,4846.7940,0.0000,0.000
2026-09-11 20:25:34.630,1789138534,R_10,4846.7420,0.0000,0.000
2026-09-11 20:25:36.585,1789138536,R_10,4846.8970,0.0000,0.000
2026-09-11 20:25:38.685,1789138538,R_10,4846.8000,0.0000,0.000
2026-09-11 20:25:40.625,1789138540,R_10,4846.6550,0.0000,0.000
2026-09-11 20:25:42.577,1789138542,R_10,4846.7890,0.0000,0.000
2026-09-11 20:25:45.176,1789138544,R_10,4846.7500,0.0000,0.000
2026-09-11 20:25:46.618,1789138546,R_10,4846.8530,0.0000,0.000
2026-09-11 20:25:48.503,1789138548,R_10,4846.7820,0.0000,0.000
2026-09-11 20:25:50.499,1789138550,R_10,4846.7390,0.0000,0.000
2026-09-11 20:25:52.477,1789138552,R_10,4846.4740,0.0000,0.000
2026-09-11 20:25:54.605,1789138554,R_10,4846.6520,0.0000,0.000
2026-09-11 20:25:56.544,1789138556,R_10,4846.5800,0.0000,0.000
2026-09-11 20:25:58.485,1789138558,R_10,4846.5640,0.0000,0.000
2026-09-11 20:26:00.535,1789138560,R_10,4846.5900,0.0000,0.000
2026-09-11 20:26:02.595,1789138562,R_10,4846.6220,0.0000,0.000
2026-09-11 20:26:04.633,1789138564,R_10,4846.6900,0.0000,0.000
2026-09-11 20:26:06.680,1789138566,R_10,4846.7830,0.0000,0.000
2026-09-11 20:26:08.693,1789138568,R_10,4846.6590,0.0000,0.000
2026-09-11 20:26:10.645,1789138570,R_10,4846.6310,0.0000,0.000
2026-09-11 20:26:12.623,1789138572,R_10,4846.5620,0.0000,0.000
2026-09-11 20:26:14.472,1789138574,R_10,4846.7220,0.0000,0.000
2026-09-11 20:26:16.513,1789138576,R_10,4846.6770,0.0000,0.000
2026-09-11 20:26:18.569,1789138578,R_10,4846.8160,0.0000,0.000
2026-09-11 20:26:20.615,1789138580,R_10,4846.8860,0.0000,0.000
2026-09-11 20:26:22.557,1789138582,R_10,4846.8500,0.0000,0.000
2026-09-11 20:26:24.600,1789138584,R_10,4846.9740,0.0000,0.000
2026-09-11 20:26:26.547,1789138586,R_10,4846.6770,0.0000,0.000
2026-09-11 20:26:28.604,1789138588,R_10,4846.6360,0.0000,0.000
2026-09-11 20:26:30.472,1789138590,R_10,4846.5820,0.0000,0.000
2026-09-11 20:26:32.598,1789138592,R_10,4846.4220,0.0000,0.000
2026-09-11 20:26:34.847,1789138594,R_10,4846.2190,0.0000,0.000
2026-09-11 20:26:36.686,1789138596,R_10,4846.3730,0.0000,0.000
2026-09-11 20:26:38.680,1789138598,R_10,4846.4220,0.0000,0.000
2026-09-11 20:26:40.621,1789138600,R_10,4846.2670,0.0000,0.000
2026-09-11 20:26:42.725,1789138602,R_10,4846.1220,0.0000,0.000
2026-09-11 20:26:44.577,1789138604,R_10,4846.1960,0.0000,0.000
2026-09-11 20:26:46.626,1789138606,R_10,4846.2070,0.0000,0.000
2026-09-11 20:26:48.571,1789138608,R_10,4846.2080,0.0000,0.000
2026-09-11 20:26:50.494,1789138610,R_10,4846.0180,0.0000,0.000
2026-09-11 20:26:52.656,1789138612,R_10,4845.9330,0.0000,0.000
2026-09-11 20:26:54.849,1789138614,R_10,4845.9760,0.0000,0.000
2026-09-11 20:26:56.552,1789138616,R_10,4845.8600,0.0000,0.000
2026-09-11 20:26:58.608,1789138618,R_10,4845.9480,0.0000,0.000
2026-09-11 20:27:00.543,1789138620,R_10,4845.9750,0.0000,0.000
2026-09-11 20:27:02.601,1789138622,R_10,4846.0390,0.0000,0.000
2026-09-11 20:27:04.512,1789138624,R_10,4846.1190,0.0000,0.000
2026-09-11 20:27:06.496,1789138626,R_10,4846.2170,0.0000,0.000
2026-09-11 20:27:08.694,1789138628,R_10,4846.2870,0.0000,0.000
2026-09-11 20:27:10.682,1789138630,R_10,4846.2850,0.0000,0.000
2026-09-11 20:27:12.627,1789138632,R_10,4846.2420,0.0000,0.000
2026-09-11 20:27:14.684,1789138634,R_10,4846.5130,0.0000,0.000
2026-09-11 20:27:16.516,1789138636,R_10,4846.5130,0.0000,0.000
2026-09-11 20:27:18.610,1789138638,R_10,4846.5170,0.0000,0.000
2026-09-11 20:27:20.624,1789138640,R_10,4846.4850,0.0000,0.000
2026-09-11 20:27:22.482,1789138642,R_10,4846.4010,0.0000,0.000
2026-09-11 20:27:24.505,1789138644,R_10,4846.3020,0.0000,0.000
2026-09-11 20:27:26.531,1789138646,R_10,4846.0900,0.0000,0.000
2026-09-11 20:27:28.601,1789138648,R_10,4846.1120,0.0000,0.000
2026-09-11 20:27:30.649,1789138650,R_10,4846.1550,0.0000,0.000
2026-09-11 20:27:32.594,1789138652,R_10,4846.0930,0.0000,0.000
2026-09-11 20:27:34.531,1789138654,R_10,4846.1820,0.0000,0.000
2026-09-11 20:27:36.504,1789138656,R_10,4846.2550,0.0000,0.000
2026-09-11 20:27:38.688,1789138658,R_10,4846.1730,0.0000,0.000
2026-09-11 20:27:40.713,1789138660,R_10,4845.9960,0.0000,0.000
2026-09-11 20:27:42.588,1789138662,R_10,4845.9270,0.0000,0.000
2026-09-11 20:27:44.474,1789138664,R_10,4845.8930,0.0000,0.000
2026-09-11 20:27:46.595,1789138666,R_10,4845.6270,0.0000,0.000
2026-09-11 20:27:48.570,1789138668,R_10,4845.6480,0.0000,0.000
2026-09-11 20:27:50.515,1789138670,R_10,4845.5440,0.0000,0.000
2026-09-11 20:27:52.499,1789138672,R_10,4845.7630,0.0000,0.000
2026-09-11 20:27:54.610,1789138674,R_10,4845.9510,0.0000,0.000
2026-09-11 20:27:56.559,1789138676,R_10,4846.0440,0.0000,0.000
2026-09-11 20:27:59.013,1789138678,R_10,4846.1140,0.0000,0.000
2026-09-11 20:28:00.553,1789138680,R_10,4846.0430,0.0000,0.000
2026-09-11 20:28:02.652,1789138682,R_10,4845.8820,0.0000,0.000
2026-09-11 20:28:04.655,1789138684,R_10,4845.7930,0.0000,0.000
2026-09-11 20:28:06.602,1789138686,R_10,4845.8230,0.0000,0.000
2026-09-11 20:28:08.501,1789138688,R_10,4845.9860,0.0000,0.000
2026-09-11 20:28:10.633,1789138690,R_10,4845.7830,0.0000,0.000
2026-09-11 20:28:12.634,1789138692,R_10,4845.8700,0.0000,0.000
2026-09-11 20:28:14.479,1789138694,R_10,4845.8990,0.0000,0.000
2026-09-11 20:28:16.532,1789138696,R_10,4845.9990,0.0000,0.000
2026-09-11 20:28:18.582,1789138698,R_10,4845.8700,0.0000,0.000
2026-09-11 20:28:20.505,1789138700,R_10,4845.7630,0.0000,0.000
2026-09-11 20:28:22.576,1789138702,R_10,4845.6360,0.0000,0.000
2026-09-11 20:28:24.849,1789138704,R_10,4845.7870,0.0000,0.000
2026-09-11 20:28:26.789,1789138706,R_10,4845.5880,0.0000,0.000
2026-09-11 20:28:28.515,1789138708,R_10,4845.6220,0.0000,0.000
2026-09-11 20:28:30.666,1789138710,R_10,4845.6740,0.0000,0.000
2026-09-11 20:28:32.499,1789138712,R_10,4845.7600,0.0000,0.000
2026-09-11 20:28:34.469,1789138714,R_10,4845.9710,0.0000,0.000
2026-09-11 20:28:36.598,1789138716,R_10,4846.1580,0.0000,0.000
2026-09-11 20:28:38.689,1789138718,R_10,4846.1680,0.0000,0.000
2026-09-11 20:28:40.636,1789138720,R_10,4846.1470,0.0000,0.000
2026-09-11 20:28:42.576,1789138722,R_10,4846.3470,0.0000,0.000
2026-09-11 20:28:44.482,1789138724,R_10,4846.4160,0.0000,0.000
2026-09-11 20:28:46.538,1789138726,R_10,4846.4140,0.0000,0.000
2026-09-11 20:28:48.476,1789138728,R_10,4846.3230,0.0000,0.000
2026-09-11 20:28:50.522,1789138730,R_10,4846.2180,0.0000,0.000
2026-09-11 20:28:52.683,1789138732,R_10,4846.1270,0.0000,0.000
2026-09-11 20:28:54.507,1789138734,R_10,4845.9830,0.0000,0.000
2026-09-11 20:28:56.563,1789138736,R_10,4845.9450,0.0000,0.000
2026-09-11 20:28:58.511,1789138738,R_10,4845.8450,0.0000,0.000
2026-09-11 20:29:00.558,1789138740,R_10,4845.7910,0.0000,0.000
2026-09-11 20:29:02.614,1789138742,R_10,4845.7550,0.0000,0.000
2026-09-11 20:29:04.764,1789138744,R_10,4845.7440,0.0000,0.000
2026-09-11 20:29:06.610,1789138746,R_10,4845.7650,0.0000,0.000
2026-09-11 20:29:08.689,1789138748,R_10,4845.8260,0.0000,0.000
2026-09-11 20:29:10.629,1789138750,R_10,4846.0000,0.0000,0.000
2026-09-11 20:29:12.640,1789138752,R_10,4845.9930,0.0000,0.000
2026-09-11 20:29:14.595,1789138754,R_10,4845.9560,0.0000,0.000
2026-09-11 20:29:16.644,1789138756,R_10,4845.8520,0.0000,0.000
2026-09-11 20:29:18.589,1789138758,R_10,4845.9530,0.0000,0.000
2026-09-11 20:29:20.534,1789138760,R_10,4845.9940,0.0000,0.000
2026-09-11 20:29:22.533,1789138762,R_10,4845.8930,0.0000,0.000
2026-09-11 20:29:24.621,1789138764,R_10,4846.0730,0.0000,0.000
2026-09-11 20:29:26.567,1789138766,R_10,4845.9560,0.0000,0.000
2026-09-11 20:29:28.499,1789138768,R_10,4845.7540,0.0000,0.000
2026-09-11 20:29:30.527,1789138770,R_10,4845.5850,0.0000,0.000
2026-09-11 20:29:32.523,1789138772,R_10,4845.6330,0.0000,0.000
2026-09-11 20:29:34.733,1789138774,R_10,4845.6010,0.0000,0.000
2026-09-11 20:29:36.480,1789138776,R_10,4845.4300,0.0000,0.000
2026-09-11 20:29:38.684,1789138778,R_10,4845.4530,0.0000,0.000
2026-09-11 20:29:40.630,1789138780,R_10,4845.4110,0.0000,0.000
2026-09-11 20:29:42.584,1789138782,R_10,4845.3220,0.0000,0.000
2026-09-11 20:29:44.599,1789138784,R_10,4845.4370,0.0000,0.000
2026-09-11 20:29:46.638,1789138786,R_10,4845.2350,0.0000,0.000
2026-09-11 20:29:48.698,1789138788,R_10,4845.4430,0.0000,0.000
2026-09-11 20:29:50.641,1789138790,R_10,4845.3960,0.0000,0.000
2026-09-11 20:29:52.690,1789138792,R_10,4845.6050,0.0000,0.000
2026-09-11 20:29:54.624,1789138794,R_10,4845.6450,0.0000,0.000
2026-09-11 20:29:56.569,1789138796,R_10,4845.5960,0.0000,0.000
2026-09-11 20:29:58.525,1789138798,R_10,4845.6330,0.0000,0.000
2026-09-11 20:30:00.595,1789138800,R_10,4845.6170,0.0000,0.000
2026-09-11 20:30:02.621,1789138802,R_10,4845.8260,0.0000,0.000
2026-09-11 20:30:04.771,1789138804,R_10,4845.8900,0.0000,0.000
2026-09-11 20:30:06.817,1789138806,R_10,4846.0800,0.0000,0.000
2026-09-11 20:30:08.680,1789138808,R_10,4845.9840,0.0000,0.000
2026-09-11 20:30:10.620,1789138810,R_10,4845.7590,0.0000,0.000
2026-09-11 20:30:12.561,1789138812,R_10,4845.9250,0.0000,0.000
2026-09-11 20:30:14.602,1789138814,R_10,4846.1620,0.0000,0.000
2026-09-11 20:30:16.548,1789138816,R_10,4846.4720,0.0000,0.000
2026-09-11 20:30:18.698,1789138818,R_10,4846.3180,0.0000,0.000
2026-09-11 20:30:20.508,1789138820,R_10,4846.3870,0.0000,0.000
2026-09-11 20:30:22.486,1789138822,R_10,4846.4940,0.0000,0.000
2026-09-11 20:30:24.597,1789138824,R_10,4846.5900,0.0000,0.000
2026-09-11 20:30:26.526,1789138826,R_10,4846.6270,0.0000,0.000
2026-09-11 20:30:28.525,1789138828,R_10,4846.6100,0.0000,0.000
2026-09-11 20:30:30.517,1789138830,R_10,4846.4320,0.0000,0.000
2026-09-11 20:30:32.521,1789138832,R_10,4846.4040,0.0000,0.000
2026-09-11 20:30:34.763,1789138834,R_10,4846.3410,0.0000,0.000
2026-09-11 20:30:36.469,1789138836,R_10,4846.4390,0.0000,0.000
2026-09-11 20:30:38.682,1789138838,R_10,4846.3600,0.0000,0.000
2026-09-11 20:30:40.637,1789138840,R_10,4846.0640,0.0000,0.000
2026-09-11 20:30:42.601,1789138842,R_10,4846.0700,0.0000,0.000
2026-09-11 20:30:44.558,1789138844,R_10,4846.0370,0.0000,0.000
2026-09-11 20:30:46.532,1789138846,R_10,4845.8910,0.0000,0.000
2026-09-11 20:30:48.659,1789138848,R_10,4845.8810,0.0000,0.000
2026-09-11 20:30:50.525,1789138850,R_10,4845.7750,0.0000,0.000
2026-09-11 20:30:52.608,1789138852,R_10,4845.7790,0.0000,0.000
2026-09-11 20:30:54.695,1789138854,R_10,4845.7700,0.0000,0.000
2026-09-11 20:30:56.538,1789138856,R_10,4845.7800,0.0000,0.000
2026-09-11 20:30:58.625,1789138858,R_10,4845.7220,0.0000,0.000
2026-09-11 20:31:00.523,1789138860,R_10,4845.5280,0.0000,0.000
2026-09-11 20:31:02.621,1789138862,R_10,4845.5410,0.0000,0.000
2026-09-11 20:31:04.564,1789138864,R_10,4845.7490,0.0000,0.000
2026-09-11 20:31:06.709,1789138866,R_10,4845.7460,0.0000,0.000
2026-09-11 20:31:08.694,1789138868,R_10,4845.8160,0.0000,0.000
2026-09-11 20:31:10.654,1789138870,R_10,4845.6070,0.0000,0.000
2026-09-11 20:31:12.650,1789138872,R_10,4845.4180,0.0000,0.000
2026-09-11 20:31:14.616,1789138874,R_10,4845.1520,0.0000,0.000
2026-09-11 20:31:16.657,1789138876,R_10,4845.1200,0.0000,0.000
2026-09-11 20:31:18.519,1789138878,R_10,4844.9450,0.0000,0.000
2026-09-11 20:31:20.549,1789138880,R_10,4844.9640,0.0000,0.000
2026-09-11 20:31:22.588,1789138882,R_10,4844.8840,0.0000,0.000
2026-09-11 20:31:24.515,1789138884,R_10,4845.0540,0.0000,0.000
2026-09-11 20:31:26.518,1789138886,R_10,4844.9410,0.0000,0.000
2026-09-11 20:31:28.602,1789138888,R_10,4844.9220,0.0000,0.000
2026-09-11 20:31:30.554,1789138890,R_10,4845.1330,0.0000,0.000
2026-09-11 20:31:32.947,1789138892,R_10,4844.8250,0.0000,0.000
2026-09-11 20:31:34.577,1789138894,R_10,4845.0820,0.0000,0.000
2026-09-11 20:31:36.626,1789138896,R_10,4844.7660,0.0000,0.000
2026-09-11 20:31:38.706,1789138898,R_10,4844.7690,0.0000,0.000
2026-09-11 20:31:40.667,1789138900,R_10,4844.7160,0.0000,0.000
2026-09-11 20:31:42.770,1789138902,R_10,4844.8670,0.0000,0.000
2026-09-11 20:31:44.603,1789138904,R_10,4844.7920,0.0000,0.000
2026-09-11 20:31:46.558,1789138906,R_10,4844.8440,0.0000,0.000
2026-09-11 20:31:48.606,1789138908,R_10,4844.6780,0.0000,0.000
2026-09-11 20:31:50.647,1789138910,R_10,4844.7960,0.0000,0.000
2026-09-11 20:31:52.754,1789138912,R_10,4844.5860,0.0000,0.000
2026-09-11 20:31:54.618,1789138914,R_10,4844.7120,0.0000,0.000
2026-09-11 20:31:56.593,1789138916,R_10,4844.8220,0.0000,0.000
2026-09-11 20:31:58.644,1789138918,R_10,4844.7450,0.0000,0.000
2026-09-11 20:32:00.587,1789138920,R_10,4844.7910,0.0000,0.000
2026-09-11 20:32:02.626,1789138922,R_10,4844.7650,0.0000,0.000
2026-09-11 20:32:04.575,1789138924,R_10,4844.5930,0.0000,0.000
2026-09-11 20:32:06.517,1789138926,R_10,4844.4750,0.0000,0.000
2026-09-11 20:32:08.767,1789138928,R_10,4844.5580,0.0000,0.000
2026-09-11 20:32:10.637,1789138930,R_10,4844.7430,0.0000,0.000
2026-09-11 20:32:13.172,1789138932,R_10,4844.6650,0.0000,0.000
2026-09-11 20:32:14.566,1789138934,R_10,4844.5010,0.0000,0.000
2026-09-11 20:32:16.561,1789138936,R_10,4844.4220,0.0000,0.000
2026-09-11 20:32:18.606,1789138938,R_10,4844.6050,0.0000,0.000
2026-09-11 20:32:20.460,1789138940,R_10,4844.5600,0.0000,0.000
2026-09-11 20:32:22.522,1789138942,R_10,4844.6200,0.0000,0.000
2026-09-11 20:32:24.621,1789138944,R_10,4844.5450,0.0000,0.000
2026-09-11 20:32:26.518,1789138946,R_10,4844.2710,0.0000,0.000
2026-09-11 20:32:28.812,1789138948,R_10,4844.3090,0.0000,0.000
2026-09-11 20:32:31.244,1789138950,R_10,4844.2720,0.0000,0.000
2026-09-11 20:32:32.548,1789138952,R_10,4844.1500,0.0000,0.000
2026-09-11 20:32:34.604,1789138954,R_10,4844.0430,0.0000,0.000
2026-09-11 20:32:36.698,1789138956,R_10,4844.1470,0.0000,0.000
2026-09-11 20:32:38.606,1789138958,R_10,4844.3980,0.0000,0.000
2026-09-11 20:32:40.681,1789138960,R_10,4844.4110,0.0000,0.000
2026-09-11 20:32:42.618,1789138962,R_10,4844.4280,0.0000,0.000
2026-09-11 20:32:44.594,1789138964,R_10,4844.3020,0.0000,0.000
2026-09-11 20:32:46.620,1789138966,R_10,4844.2880,0.0000,0.000
2026-09-11 20:32:48.546,1789138968,R_10,4844.1920,0.0000,0.000
2026-09-11 20:32:50.637,1789138970,R_10,4844.2130,0.0000,0.000
2026-09-11 20:32:52.637,1789138972,R_10,4844.1140,0.0000,0.000
2026-09-11 20:32:54.615,1789138974,R_10,4844.1690,0.0000,0.000
2026-09-11 20:32:56.542,1789138976,R_10,4844.1560,0.0000,0.000
2026-09-11 20:32:58.546,1789138978,R_10,4844.3780,0.0000,0.000
2026-09-11 20:33:00.698,1789138980,R_10,4844.3720,0.0000,0.000
2026-09-11 20:33:02.642,1789138982,R_10,4844.3550,0.0000,0.000
2026-09-11 20:33:04.791,1789138984,R_10,4844.3950,0.0000,0.000
2026-09-11 20:33:06.573,1789138986,R_10,4844.5290,0.0000,0.000
2026-09-11 20:33:08.687,1789138988,R_10,4844.6960,0.0000,0.000
2026-09-11 20:33:10.656,1789138990,R_10,4844.7010,0.0000,0.000
2026-09-11 20:33:12.610,1789138992,R_10,4844.5420,0.0000,0.000
2026-09-11 20:33:14.516,1789138994,R_10,4844.4510,0.0000,0.000
2026-09-11 20:33:16.568,1789138996,R_10,4844.6350,0.0000,0.000
2026-09-11 20:33:18.606,1789138998,R_10,4844.7380,0.0000,0.000
2026-09-11 20:33:20.664,1789139000,R_10,4844.8050,0.0000,0.000
2026-09-11 20:33:22.512,1789139002,R_10,4844.7890,0.0000,0.000
2026-09-11 20:33:24.648,1789139004,R_10,4844.8200,0.0000,0.000
2026-09-11 20:33:26.821,1789139006,R_10,4844.8650,0.0000,0.000
2026-09-11 20:33:28.641,1789139008,R_10,4844.8470,0.0000,0.000
2026-09-11 20:33:30.598,1789139010,R_10,4844.8150,0.0000,0.000
2026-09-11 20:33:32.645,1789139012,R_10,4844.6890,0.0000,0.000
2026-09-11 20:33:34.784,1789139014,R_10,4844.5270,0.0000,0.000
2026-09-11 20:33:36.538,1789139016,R_10,4844.5290,0.0000,0.000
2026-09-11 20:33:38.720,1789139018,R_10,4844.5640,0.0000,0.000
2026-09-11 20:33:40.649,1789139020,R_10,4844.5110,0.0000,0.000
2026-09-11 20:33:42.672,1789139022,R_10,4844.5160,0.0000,0.000
2026-09-11 20:33:44.505,1789139024,R_10,4844.6210,0.0000,0.000
2026-09-11 20:33:46.572,1789139026,R_10,4844.5380,0.0000,0.000
2026-09-11 20:33:48.534,1789139028,R_10,4844.7350,0.0000,0.000
2026-09-11 20:33:50.524,1789139030,R_10,4844.5970,0.0000,0.000
2026-09-11 20:33:52.614,1789139032,R_10,4844.6840,0.0000,0.000
2026-09-11 20:33:54.550,1789139034,R_10,4844.6500,0.0000,0.000
2026-09-11 20:33:56.521,1789139036,R_10,4844.6890,0.0000,0.000
2026-09-11 20:33:58.648,1789139038,R_10,4844.7800,0.0000,0.000
2026-09-11 20:34:00.602,1789139040,R_10,4844.6810,0.0000,0.000
2026-09-11 20:34:02.697,1789139042,R_10,4844.7830,0.0000,0.000
2026-09-11 20:34:04.539,1789139044,R_10,4844.7050,0.0000,0.000
2026-09-11 20:34:06.571,1789139046,R_10,4844.8080,0.0000,0.000
2026-09-11 20:34:08.678,1789139048,R_10,4844.8480,0.0000,0.000
2026-09-11 20:34:10.626,1789139050,R_10,4844.9640,0.0000,0.000
2026-09-11 20:34:12.572,1789139052,R_10,4844.9760,0.0000,0.000
2026-09-11 20:34:14.536,1789139054,R_10,4844.9490,0.0000,0.000
2026-09-11 20:34:16.567,1789139056,R_10,4844.9580,0.0000,0.000
2026-09-11 20:34:18.544,1789139058,R_10,4844.9860,0.0000,0.000
2026-09-11 20:34:20.560,1789139060,R_10,4844.7150,0.0000,0.000
2026-09-11 20:34:22.616,1789139062,R_10,4844.8400,0.0000,0.000
2026-09-11 20:34:24.552,1789139064,R_10,4844.8430,0.0000,0.000
2026-09-11 20:34:26.525,1789139066,R_10,4844.8340,0.0000,0.000
2026-09-11 20:34:28.525,1789139068,R_10,4844.8380,0.0000,0.000
2026-09-11 20:34:30.604,1789139070,R_10,4844.9200,0.0000,0.000
2026-09-11 20:34:32.549,1789139072,R_10,4844.7890,0.0000,0.000
2026-09-11 20:34:34.590,1789139074,R_10,4844.7270,0.0000,0.000
2026-09-11 20:34:36.544,1789139076,R_10,4844.8970,0.0000,0.000
2026-09-11 20:34:38.690,1789139078,R_10,4844.8370,0.0000,0.000
2026-09-11 20:34:40.641,1789139080,R_10,4844.7480,0.0000,0.000
2026-09-11 20:34:42.594,1789139082,R_10,4844.7220,0.0000,0.000
2026-09-11 20:34:44.489,1789139084,R_10,4844.8250,0.0000,0.000
2026-09-11 20:34:46.499,1789139086,R_10,4844.5480,0.0000,0.000
2026-09-11 20:34:48.501,1789139088,R_10,4844.5790,0.0000,0.000
2026-09-11 20:34:50.510,1789139090,R_10,4844.4970,0.0000,0.000
2026-09-11 20:34:52.631,1789139092,R_10,4844.5670,0.0000,0.000
2026-09-11 20:34:54.669,1789139094,R_10,4844.5970,0.0000,0.000
2026-09-11 20:34:56.604,1789139096,R_10,4844.4630,0.0000,0.000
2026-09-11 20:34:58.652,1789139098,R_10,4844.5710,0.0000,0.000
2026-09-11 20:35:00.606,1789139100,R_10,4844.6260,0.0000,0.000
2026-09-11 20:35:02.660,1789139102,R_10,4844.7520,0.0000,0.000
2026-09-11 20:35:04.602,1789139104,R_10,4844.6980,0.0000,0.000
2026-09-11 20:35:06.538,1789139106,R_10,4844.6870,0.0000,0.000
2026-09-11 20:35:08.704,1789139108,R_10,4844.4180,0.0000,0.000
2026-09-11 20:35:10.648,1789139110,R_10,4844.2720,0.0000,0.000
2026-09-11 20:35:12.597,1789139112,R_10,4844.0920,0.0000,0.000
2026-09-11 20:35:14.612,1789139114,R_10,4844.2220,0.0000,0.000
2026-09-11 20:35:16.548,1789139116,R_10,4844.2070,0.0000,0.000
2026-09-11 20:35:18.559,1789139118,R_10,4844.2440,0.0000,0.000
2026-09-11 20:35:20.689,1789139120,R_10,4844.1290,0.0000,0.000
2026-09-11 20:35:22.609,1789139122,R_10,4844.2950,0.0000,0.000
2026-09-11 20:35:24.559,1789139124,R_10,4844.4110,0.0000,0.000
2026-09-11 20:35:26.606,1789139126,R_10,4844.2780,0.0000,0.000
2026-09-11 20:35:28.656,1789139128,R_10,4844.2750,0.0000,0.000
2026-09-11 20:35:30.612,1789139130,R_10,4844.1110,0.0000,0.000
2026-09-11 20:35:32.660,1789139132,R_10,4844.1960,0.0000,0.000
2026-09-11 20:35:34.706,1789139134,R_10,4844.1660,0.0000,0.000
2026-09-11 20:35:36.643,1789139136,R_10,4844.2100,0.0000,0.000
2026-09-11 20:35:38.713,1789139138,R_10,4844.4570,0.0000,0.000
2026-09-11 20:35:40.675,1789139140,R_10,4844.4200,0.0000,0.000
2026-09-11 20:35:42.647,1789139142,R_10,4844.4830,0.0000,0.000
2026-09-11 20:35:44.572,1789139144,R_10,4844.5760,0.0000,0.000
2026-09-11 20:35:46.608,1789139146,R_10,4844.5200,0.0000,0.000
2026-09-11 20:35:48.735,1789139148,R_10,4844.4810,0.0000,0.000
2026-09-11 20:35:50.682,1789139150,R_10,4844.5320,0.0000,0.000
2026-09-11 20:35:52.655,1789139152,R_10,4844.6440,0.0000,0.000
2026-09-11 20:35:54.547,1789139154,R_10,4844.7870,0.0000,0.000
2026-09-11 20:35:56.614,1789139156,R_10,4844.8630,0.0000,0.000
2026-09-11 20:35:58.669,1789139158,R_10,4845.1600,0.0000,0.000
2026-09-11 20:36:00.607,1789139160,R_10,4845.2380,0.0000,0.000
2026-09-11 20:36:02.609,1789139162,R_10,4845.4290,0.0000,0.000
2026-09-11 20:36:04.925,1789139164,R_10,4845.4450,0.0000,0.000
2026-09-11 20:36:06.769,1789139166,R_10,4845.4230,0.0000,0.000
2026-09-11 20:36:08.704,1789139168,R_10,4845.3630,0.0000,0.000
2026-09-11 20:36:10.640,1789139170,R_10,4845.3060,0.0000,0.000
2026-09-11 20:36:12.586,1789139172,R_10,4845.2960,0.0000,0.000
2026-09-11 20:36:14.644,1789139174,R_10,4845.2250,0.0000,0.000
2026-09-11 20:36:16.579,1789139176,R_10,4845.2630,0.0000,0.000
2026-09-11 20:36:18.529,1789139178,R_10,4845.2250,0.0000,0.000
2026-09-11 20:36:20.776,1789139180,R_10,4845.0640,0.0000,0.000
2026-09-11 20:36:22.559,1789139182,R_10,4845.2910,0.0000,0.000
2026-09-11 20:36:24.567,1789139184,R_10,4845.4500,0.0000,0.000
2026-09-11 20:36:26.611,1789139186,R_10,4845.4980,0.0000,0.000
2026-09-11 20:36:28.761,1789139188,R_10,4845.3820,0.0000,0.000
2026-09-11 20:36:30.628,1789139190,R_10,4845.6880,0.0000,0.000
2026-09-11 20:36:32.667,1789139192,R_10,4845.5510,0.0000,0.000
2026-09-11 20:36:34.611,1789139194,R_10,4845.8270,0.0000,0.000
2026-09-11 20:36:36.558,1789139196,R_10,4845.7780,0.0000,0.000
2026-09-11 20:36:38.685,1789139198,R_10,4845.6460,0.0000,0.000
2026-09-11 20:36:40.645,1789139200,R_10,4845.4170,0.0000,0.000
2026-09-11 20:36:42.623,1789139202,R_10,4845.5880,0.0000,0.000
2026-09-11 20:36:44.544,1789139204,R_10,4845.6320,0.0000,0.000
2026-09-11 20:36:46.695,1789139206,R_10,4845.7600,0.0000,0.000
2026-09-11 20:36:48.641,1789139208,R_10,4845.6700,0.0000,0.000
2026-09-11 20:36:50.556,1789139210,R_10,4845.6740,0.0000,0.000
2026-09-11 20:36:52.636,1789139212,R_10,4845.5980,0.0000,0.000
2026-09-11 20:36:54.570,1789139214,R_10,4845.5330,0.0000,0.000
2026-09-11 20:36:56.619,1789139216,R_10,4845.6390,0.0000,0.000
2026-09-11 20:36:58.566,1789139218,R_10,4845.5330,0.0000,0.000
2026-09-11 20:37:00.519,1789139220,R_10,4845.6070,0.0000,0.000
2026-09-11 20:37:02.567,1789139222,R_10,4845.5370,0.0000,0.000
2026-09-11 20:37:04.613,1789139224,R_10,4845.3710,0.0000,0.000
2026-09-11 20:37:06.664,1789139226,R_10,4845.4100,0.0000,0.000
2026-09-11 20:37:08.701,1789139228,R_10,4845.3530,0.0000,0.000
2026-09-11 20:37:10.645,1789139230,R_10,4845.5700,0.0000,0.000
2026-09-11 20:37:12.604,1789139232,R_10,4845.5890,0.0000,0.000
2026-09-11 20:37:14.556,1789139234,R_10,4845.5950,0.0000,0.000
2026-09-11 20:37:16.586,1789139236,R_10,4845.7710,0.0000,0.000
2026-09-11 20:37:18.644,1789139238,R_10,4845.7230,0.0000,0.000
2026-09-11 20:37:20.464,1789139240,R_10,4845.8080,0.0000,0.000
2026-09-11 20:37:22.525,1789139242,R_10,4845.7700,0.0000,0.000
2026-09-11 20:37:24.574,1789139244,R_10,4845.8040,0.0000,0.000
2026-09-11 20:37:26.519,1789139246,R_10,4845.7330,0.0000,0.000
2026-09-11 20:37:28.576,1789139248,R_10,4845.7940,0.0000,0.000
2026-09-11 20:37:30.624,1789139250,R_10,4845.7340,0.0000,0.000
2026-09-11 20:37:32.560,1789139252,R_10,4845.6790,0.0000,0.000
2026-09-11 20:37:34.569,1789139254,R_10,4845.6570,0.0000,0.000
2026-09-11 20:37:36.564,1789139256,R_10,4845.6100,0.0000,0.000
2026-09-11 20:37:38.529,1789139258,R_10,4845.5540,0.0000,0.000
2026-09-11 20:37:40.642,1789139260,R_10,4845.5580,0.0000,0.000
2026-09-11 20:37:42.617,1789139262,R_10,4845.4870,0.0000,0.000
2026-09-11 20:37:44.473,1789139264,R_10,4845.5050,0.0000,0.000
2026-09-11 20:37:46.590,1789139266,R_10,4845.5450,0.0000,0.000
2026-09-11 20:37:48.520,1789139268,R_10,4845.5510,0.0000,0.000
2026-09-11 20:37:50.696,1789139270,R_10,4845.5430,0.0000,0.000
2026-09-11 20:37:52.641,1789139272,R_10,4845.7200,0.0000,0.000
2026-09-11 20:37:54.576,1789139274,R_10,4845.6470,0.0000,0.000
2026-09-11 20:37:56.523,1789139276,R_10,4845.7930,0.0000,0.000
2026-09-11 20:37:58.570,1789139278,R_10,4845.7660,0.0000,0.000
2026-09-11 20:38:00.628,1789139280,R_10,4845.7940,0.0000,0.000
2026-09-11 20:38:02.564,1789139282,R_10,4845.4780,0.0000,0.000
2026-09-11 20:38:04.622,1789139284,R_10,4845.5440,0.0000,0.000
2026-09-11 20:38:06.568,1789139286,R_10,4845.3810,0.0000,0.000
2026-09-11 20:38:08.690,1789139288,R_10,4845.3560,0.0000,0.000
2026-09-11 20:38:10.633,1789139290,R_10,4845.4000,0.0000,0.000
2026-09-11 20:38:12.599,1789139292,R_10,4845.4120,0.0000,0.000
2026-09-11 20:38:14.557,1789139294,R_10,4845.5000,0.0000,0.000
2026-09-11 20:38:16.592,1789139296,R_10,4845.4500,0.0000,0.000
2026-09-11 20:38:18.548,1789139298,R_10,4845.3100,0.0000,0.000
2026-09-11 20:38:20.798,1789139300,R_10,4845.4210,0.0000,0.000
2026-09-11 20:38:22.644,1789139302,R_10,4845.7850,0.0000,0.000
2026-09-11 20:38:24.579,1789139304,R_10,4845.8580,0.0000,0.000
2026-09-11 20:38:26.694,1789139306,R_10,4845.7890,0.0000,0.000
2026-09-11 20:38:28.584,1789139308,R_10,4845.6970,0.0000,0.000
2026-09-11 20:38:30.520,1789139310,R_10,4845.6380,0.0000,0.000
2026-09-11 20:38:32.577,1789139312,R_10,4845.3650,0.0000,0.000
2026-09-11 20:38:34.512,1789139314,R_10,4845.3360,0.0000,0.000
2026-09-11 20:38:36.571,1789139316,R_10,4845.2170,0.0000,0.000
2026-09-11 20:38:38.689,1789139318,R_10,4845.1110,0.0000,0.000
2026-09-11 20:38:40.656,1789139320,R_10,4845.1050,0.0000,0.000
2026-09-11 20:38:42.603,1789139322,R_10,4844.8100,0.0000,0.000
2026-09-11 20:38:44.549,1789139324,R_10,4844.8480,0.0000,0.000
2026-09-11 20:38:46.606,1789139326,R_10,4844.8830,0.0000,0.000
2026-09-11 20:38:48.543,1789139328,R_10,4844.9040,0.0000,0.000
2026-09-11 20:38:50.626,1789139330,R_10,4844.9200,0.0000,0.000
2026-09-11 20:38:52.555,1789139332,R_10,4844.7460,0.0000,0.000
2026-09-11 20:38:54.514,1789139334,R_10,4844.6110,0.0000,0.000
2026-09-11 20:38:56.844,1789139336,R_10,4844.5850,0.0000,0.000
2026-09-11 20:38:58.507,1789139338,R_10,4844.4490,0.0000,0.000
2026-09-11 20:39:00.625,1789139340,R_10,4844.3660,0.0000,0.000
2026-09-11 20:39:02.570,1789139342,R_10,4844.1920,0.0000,0.000
2026-09-11 20:39:04.497,1789139344,R_10,4844.2340,0.0000,0.000
2026-09-11 20:39:06.676,1789139346,R_10,4844.2120,0.0000,0.000
2026-09-11 20:39:08.684,1789139348,R_10,4844.1380,0.0000,0.000
2026-09-11 20:39:10.544,1789139350,R_10,4844.0740,0.0000,0.000
2026-09-11 20:39:12.617,1789139352,R_10,4844.1370,0.0000,0.000
2026-09-11 20:39:14.515,1789139354,R_10,4844.1320,0.0000,0.000
2026-09-11 20:39:16.511,1789139356,R_10,4844.1490,0.0000,0.000
2026-09-11 20:39:18.499,1789139358,R_10,4844.1190,0.0000,0.000
2026-09-11 20:39:20.604,1789139360,R_10,4844.2500,0.0000,0.000
2026-09-11 20:39:22.546,1789139362,R_10,4844.1600,0.0000,0.000
2026-09-11 20:39:24.587,1789139364,R_10,4844.1930,0.0000,0.000
2026-09-11 20:39:26.817,1789139366,R_10,4844.1220,0.0000,0.000
2026-09-11 20:39:28.590,1789139368,R_10,4843.9810,0.0000,0.000
2026-09-11 20:39:30.538,1789139370,R_10,4844.0900,0.0000,0.000
2026-09-11 20:39:32.583,1789139372,R_10,4844.1490,0.0000,0.000
2026-09-11 20:39:34.539,1789139374,R_10,4844.3480,0.0000,0.000
2026-09-11 20:39:36.567,1789139376,R_10,4844.4250,0.0000,0.000
2026-09-11 20:39:38.689,1789139378,R_10,4844.3400,0.0000,0.000
2026-09-11 20:39:40.633,1789139380,R_10,4844.4880,0.0000,0.000
2026-09-11 20:39:42.581,1789139382,R_10,4844.5120,0.0000,0.000
2026-09-11 20:39:44.555,1789139384,R_10,4844.5800,0.0000,0.000
2026-09-11 20:39:46.603,1789139386,R_10,4844.5260,0.0000,0.000
2026-09-11 20:39:48.559,1789139388,R_10,4844.7740,0.0000,0.000
2026-09-11 20:39:50.607,1789139390,R_10,4844.5940,0.0000,0.000
2026-09-11 20:39:52.552,1789139392,R_10,4844.6390,0.0000,0.000
2026-09-11 20:39:54.590,1789139394,R_10,4844.5740,0.0000,0.000
2026-09-11 20:39:56.553,1789139396,R_10,4844.5250,0.0000,0.000
2026-09-11 20:39:58.593,1789139398,R_10,4844.4600,0.0000,0.000
2026-09-11 20:40:00.556,1789139400,R_10,4844.5610,0.0000,0.000
2026-09-11 20:40:02.552,1789139402,R_10,4844.7160,0.0000,0.000
2026-09-11 20:40:04.625,1789139404,R_10,4844.7310,0.0000,0.000
2026-09-11 20:40:06.523,1789139406,R_10,4844.7920,0.0000,0.000
2026-09-11 20:40:08.689,1789139408,R_10,4844.7240,0.0000,0.000
2026-09-11 20:40:10.641,1789139410,R_10,4844.5700,0.0000,0.000
2026-09-11 20:40:12.556,1789139412,R_10,4844.6350,0.0000,0.000
2026-09-11 20:40:14.559,1789139414,R_10,4844.6510,0.0000,0.000
2026-09-11 20:40:16.606,1789139416,R_10,4844.6410,0.0000,0.000
2026-09-11 20:40:18.552,1789139418,R_10,4844.7740,0.0000,0.000
2026-09-11 20:40:20.610,1789139420,R_10,4844.8030,0.0000,0.000
2026-09-11 20:40:22.555,1789139422,R_10,4844.7360,0.0000,0.000
2026-09-11 20:40:24.514,1789139424,R_10,4844.7550,0.0000,0.000
2026-09-11 20:40:26.591,1789139426,R_10,4844.5460,0.0000,0.000
2026-09-11 20:40:28.656,1789139428,R_10,4844.5290,0.0000,0.000
2026-09-11 20:40:30.629,1789139430,R_10,4844.7150,0.0000,0.000
2026-09-11 20:40:32.871,1789139432,R_10,4844.6640,0.0000,0.000
2026-09-11 20:40:34.936,1789139434,R_10,4844.7550,0.0000,0.000
2026-09-11 20:40:36.640,1789139436,R_10,4844.8980,0.0000,0.000
2026-09-11 20:40:38.694,1789139438,R_10,4845.0910,0.0000,0.000
2026-09-11 20:40:40.680,1789139440,R_10,4844.9180,0.0000,0.000
2026-09-11 20:40:42.644,1789139442,R_10,4844.9490,0.0000,0.000
2026-09-11 20:40:44.571,1789139444,R_10,4844.9540,0.0000,0.000
2026-09-11 20:40:46.525,1789139446,R_10,4844.9670,0.0000,0.000
2026-09-11 20:40:48.567,1789139448,R_10,4844.9250,0.0000,0.000
2026-09-11 20:40:50.641,1789139450,R_10,4845.1410,0.0000,0.000
2026-09-11 20:40:52.728,1789139452,R_10,4845.0900,0.0000,0.000
2026-09-11 20:40:54.545,1789139454,R_10,4845.1170,0.0000,0.000
2026-09-11 20:40:56.608,1789139456,R_10,4845.0350,0.0000,0.000
2026-09-11 20:40:58.516,1789139458,R_10,4845.0980,0.0000,0.000
2026-09-11 20:41:00.628,1789139460,R_10,4845.1780,0.0000,0.000
2026-09-11 20:41:02.594,1789139462,R_10,4844.9970,0.0000,0.000
2026-09-11 20:41:04.542,1789139464,R_10,4845.0580,0.0000,0.000
2026-09-11 20:41:06.495,1789139466,R_10,4844.7780,0.0000,0.000
2026-09-11 20:41:08.698,1789139468,R_10,4844.8290,0.0000,0.000
2026-09-11 20:41:10.631,1789139470,R_10,4844.7480,0.0000,0.000
2026-09-11 20:41:12.577,1789139472,R_10,4844.7610,0.0000,0.000
2026-09-11 20:41:14.495,1789139474,R_10,4844.7810,0.0000,0.000
2026-09-11 20:41:16.864,1789139476,R_10,4844.5290,0.0000,0.000
2026-09-11 20:41:18.963,1789139478,R_10,4844.5050,0.0000,0.000
2026-09-11 20:41:21.036,1789139480,R_10,4844.6010,0.0000,0.000
2026-09-11 20:41:22.551,1789139482,R_10,4844.6770,0.0000,0.000
2026-09-11 20:41:24.870,1789139484,R_10,4844.7340,0.0000,0.000
2026-09-11 20:41:27.220,1789139486,R_10,4844.7210,0.0000,0.000
2026-09-11 20:41:28.593,1789139488,R_10,4844.6130,0.0000,0.000
2026-09-11 20:41:30.539,1789139490,R_10,4844.7390,0.0000,0.000
2026-09-11 20:41:33.353,1789139492,R_10,4844.6180,0.0000,0.000
2026-09-11 20:41:34.942,1789139494,R_10,4844.8340,0.0000,0.000
2026-09-11 20:41:36.532,1789139496,R_10,4844.7290,0.0000,0.000
2026-09-11 20:41:38.684,1789139498,R_10,4844.7200,0.0000,0.000
2026-09-11 20:41:40.640,1789139500,R_10,4844.6750,0.0000,0.000
2026-09-11 20:41:42.622,1789139502,R_10,4844.6230,0.0000,0.000
2026-09-11 20:41:44.498,1789139504,R_10,4844.6250,0.0000,0.000
2026-09-11 20:41:46.626,1789139506,R_10,4844.4820,0.0000,0.000
2026-09-11 20:41:48.518,1789139508,R_10,4844.4770,0.0000,0.000
2026-09-11 20:41:50.697,1789139510,R_10,4844.2720,0.0000,0.000
2026-09-11 20:41:52.555,1789139512,R_10,4844.0360,0.0000,0.000
2026-09-11 20:41:54.498,1789139514,R_10,4844.0260,0.0000,0.000
2026-09-11 20:41:57.267,1789139516,R_10,4843.9860,0.0000,0.000
2026-09-11 20:41:58.547,1789139518,R_10,4843.9330,0.0000,0.000
2026-09-11 20:42:00.546,1789139520,R_10,4843.9350,0.0000,0.000
2026-09-11 20:42:03.002,1789139522,R_10,4843.9200,0.0000,0.000
2026-09-11 20:42:04.539,1789139524,R_10,4843.8630,0.0000,0.000
2026-09-11 20:42:06.497,1789139526,R_10,4844.0720,0.0000,0.000
2026-09-11 20:42:08.680,1789139528,R_10,4844.1040,0.0000,0.000
2026-09-11 20:42:10.681,1789139530,R_10,4844.2800,0.0000,0.000
2026-09-11 20:42:12.585,1789139532,R_10,4844.1560,0.0000,0.000
2026-09-11 20:42:14.582,1789139534,R_10,4844.1330,0.0000,0.000
2026-09-11 20:42:16.622,1789139536,R_10,4844.0710,0.0000,0.000
2026-09-11 20:42:18.576,1789139538,R_10,4844.1430,0.0000,0.000
2026-09-11 20:42:20.514,1789139540,R_10,4844.0310,0.0000,0.000
2026-09-11 20:42:22.671,1789139542,R_10,4843.9090,0.0000,0.000
2026-09-11 20:42:24.608,1789139544,R_10,4843.9910,0.0000,0.000
2026-09-11 20:42:26.790,1789139546,R_10,4844.0570,0.0000,0.000
2026-09-11 20:42:28.482,1789139548,R_10,4844.0660,0.0000,0.000
2026-09-11 20:42:30.512,1789139550,R_10,4844.1250,0.0000,0.000
2026-09-11 20:42:32.595,1789139552,R_10,4843.9950,0.0000,0.000
2026-09-11 20:42:34.848,1789139554,R_10,4843.9240,0.0000,0.000
2026-09-11 20:42:36.789,1789139556,R_10,4844.1910,0.0000,0.000
2026-09-11 20:42:38.693,1789139558,R_10,4843.9520,0.0000,0.000
2026-09-11 20:42:40.633,1789139560,R_10,4843.7330,0.0000,0.000
2026-09-11 20:42:42.589,1789139562,R_10,4843.7930,0.0000,0.000
2026-09-11 20:42:44.498,1789139564,R_10,4843.7920,0.0000,0.000
2026-09-11 20:42:46.625,1789139566,R_10,4843.9190,0.0000,0.000
2026-09-11 20:42:48.572,1789139568,R_10,4843.9770,0.0000,0.000
2026-09-11 20:42:50.621,1789139570,R_10,4844.0890,0.0000,0.000
2026-09-11 20:42:52.566,1789139572,R_10,4844.1930,0.0000,0.000
2026-09-11 20:42:54.612,1789139574,R_10,4844.1830,0.0000,0.000
2026-09-11 20:42:56.510,1789139576,R_10,4844.1570,0.0000,0.000
2026-09-11 20:42:58.654,1789139578,R_10,4844.0690,0.0000,0.000
2026-09-11 20:43:00.561,1789139580,R_10,4844.0340,0.0000,0.000
2026-09-11 20:43:02.598,1789139582,R_10,4844.1950,0.0000,0.000
2026-09-11 20:43:04.554,1789139584,R_10,4844.0250,0.0000,0.000
2026-09-11 20:43:06.592,1789139586,R_10,4844.0270,0.0000,0.000
2026-09-11 20:43:08.692,1789139588,R_10,4844.1730,0.0000,0.000
2026-09-11 20:43:10.645,1789139590,R_10,4844.1170,0.0000,0.000
2026-09-11 20:43:12.605,1789139592,R_10,4844.0200,0.0000,0.000
2026-09-11 20:43:14.692,1789139594,R_10,4843.9610,0.0000,0.000
2026-09-11 20:43:16.636,1789139596,R_10,4843.9630,0.0000,0.000
2026-09-11 20:43:18.582,1789139598,R_10,4844.1320,0.0000,0.000
2026-09-11 20:43:20.632,1789139600,R_10,4844.1380,0.0000,0.000
2026-09-11 20:43:22.697,1789139602,R_10,4844.2550,0.0000,0.000
2026-09-11 20:43:24.480,1789139604,R_10,4844.3220,0.0000,0.000
2026-09-11 20:43:26.488,1789139606,R_10,4844.4060,0.0000,0.000
2026-09-11 20:43:28.614,1789139608,R_10,4844.3420,0.0000,0.000
2026-09-11 20:43:30.563,1789139610,R_10,4844.2240,0.0000,0.000
2026-09-11 20:43:32.602,1789139612,R_10,4844.2560,0.0000,0.000
2026-09-11 20:43:34.653,1789139614,R_10,4844.1690,0.0000,0.000
2026-09-11 20:43:36.596,1789139616,R_10,4844.1730,0.0000,0.000
2026-09-11 20:43:38.697,1789139618,R_10,4843.9520,0.0000,0.000
2026-09-11 20:43:40.645,1789139620,R_10,4843.7170,0.0000,0.000
2026-09-11 20:43:42.601,1789139622,R_10,4843.7890,0.0000,0.000
2026-09-11 20:43:44.583,1789139624,R_10,4843.8280,0.0000,0.000
2026-09-11 20:43:46.536,1789139626,R_10,4843.7440,0.0000,0.000
2026-09-11 20:43:48.514,1789139628,R_10,4843.8790,0.0000,0.000
2026-09-11 20:43:50.549,1789139630,R_10,4843.8370,0.0000,0.000
2026-09-11 20:43:52.572,1789139632,R_10,4843.4510,0.0000,0.000
2026-09-11 20:43:54.515,1789139634,R_10,4843.4480,0.0000,0.000
2026-09-11 20:43:56.459,1789139636,R_10,4843.4880,0.0000,0.000
2026-09-11 20:43:58.621,1789139638,R_10,4843.2350,0.0000,0.000
2026-09-11 20:44:00.567,1789139640,R_10,4843.2040,0.0000,0.000
2026-09-11 20:44:02.615,1789139642,R_10,4843.2560,0.0000,0.000
2026-09-11 20:44:04.561,1789139644,R_10,4843.0810,0.0000,0.000
2026-09-11 20:44:06.609,1789139646,R_10,4843.0430,0.0000,0.000
2026-09-11 20:44:08.689,1789139648,R_10,4843.0950,0.0000,0.000
2026-09-11 20:44:10.696,1789139650,R_10,4843.1180,0.0000,0.000
2026-09-11 20:44:13.050,1789139652,R_10,4843.3010,0.0000,0.000
2026-09-11 20:44:14.599,1789139654,R_10,4843.2380,0.0000,0.000
2026-09-11 20:44:16.562,1789139656,R_10,4843.1370,0.0000,0.000
2026-09-11 20:44:18.612,1789139658,R_10,4843.3040,0.0000,0.000
2026-09-11 20:44:20.539,1789139660,R_10,4843.1920,0.0000,0.000
2026-09-11 20:44:22.677,1789139662,R_10,4843.1980,0.0000,0.000
2026-09-11 20:44:24.544,1789139664,R_10,4843.3230,0.0000,0.000
2026-09-11 20:44:26.567,1789139666,R_10,4843.4520,0.0000,0.000
2026-09-11 20:44:28.641,1789139668,R_10,4843.4890,0.0000,0.000
2026-09-11 20:44:30.579,1789139670,R_10,4843.5410,0.0000,0.000
2026-09-11 20:44:32.506,1789139672,R_10,4843.5340,0.0000,0.000
2026-09-11 20:44:34.500,1789139674,R_10,4843.6980,0.0000,0.000
2026-09-11 20:44:36.534,1789139676,R_10,4843.8490,0.0000,0.000
2026-09-11 20:44:38.705,1789139678,R_10,4843.8350,0.0000,0.000
2026-09-11 20:44:40.657,1789139680,R_10,4843.9830,0.0000,0.000
2026-09-11 20:44:42.597,1789139682,R_10,4844.1240,0.0000,0.000
2026-09-11 20:44:44.593,1789139684,R_10,4844.1580,0.0000,0.000
2026-09-11 20:44:46.509,1789139686,R_10,4844.3890,0.0000,0.000
2026-09-11 20:44:48.506,1789139688,R_10,4844.1950,0.0000,0.000
2026-09-11 20:44:50.530,1789139690,R_10,4844.0540,0.0000,0.000
2026-09-11 20:44:52.580,1789139692,R_10,4844.1630,0.0000,0.000
2026-09-11 20:44:54.528,1789139694,R_10,4844.2310,0.0000,0.000
2026-09-11 20:44:56.536,1789139696,R_10,4844.1550,0.0000,0.000
2026-09-11 20:44:58.527,1789139698,R_10,4844.1210,0.0000,0.000
2026-09-11 20:45:00.577,1789139700,R_10,4844.2080,0.0000,0.000
2026-09-11 20:45:02.622,1789139702,R_10,4844.1360,0.0000,0.000
2026-09-11 20:45:04.558,1789139704,R_10,4844.1340,0.0000,0.000
2026-09-11 20:45:06.615,1789139706,R_10,4844.0870,0.0000,0.000
2026-09-11 20:45:08.685,1789139708,R_10,4844.0910,0.0000,0.000
2026-09-11 20:45:11.021,1789139710,R_10,4843.9400,0.0000,0.000
2026-09-11 20:45:12.586,1789139712,R_10,4843.7510,0.0000,0.000
2026-09-11 20:45:14.596,1789139714,R_10,4843.8270,0.0000,0.000
2026-09-11 20:45:16.652,1789139716,R_10,4843.7820,0.0000,0.000
2026-09-11 20:45:18.589,1789139718,R_10,4843.8120,0.0000,0.000
2026-09-11 20:45:20.645,1789139720,R_10,4843.7500,0.0000,0.000
2026-09-11 20:45:22.589,1789139722,R_10,4843.6580,0.0000,0.000
2026-09-11 20:45:24.629,1789139724,R_10,4843.6790,0.0000,0.000
2026-09-11 20:45:26.508,1789139726,R_10,4843.6060,0.0000,0.000
2026-09-11 20:45:28.525,1789139728,R_10,4843.6730,0.0000,0.000
2026-09-11 20:45:31.182,1789139730,R_10,4843.6100,0.0000,0.000
2026-09-11 20:45:32.513,1789139732,R_10,4843.7610,0.0000,0.000
2026-09-11 20:45:34.597,1789139734,R_10,4843.8900,0.0000,0.000
2026-09-11 20:45:36.620,1789139736,R_10,4843.8040,0.0000,0.000
2026-09-11 20:45:38.697,1789139738,R_10,4843.8090,0.0000,0.000
2026-09-11 20:45:40.644,1789139740,R_10,4843.6350,0.0000,0.000
2026-09-11 20:45:42.585,1789139742,R_10,4843.4480,0.0000,0.000
2026-09-11 20:45:44.600,1789139744,R_10,4843.3970,0.0000,0.000
2026-09-11 20:45:46.542,1789139746,R_10,4843.3740,0.0000,0.000
2026-09-11 20:45:48.599,1789139748,R_10,4843.4350,0.0000,0.000
2026-09-11 20:45:50.647,1789139750,R_10,4843.5630,0.0000,0.000
2026-09-11 20:45:52.593,1789139752,R_10,4843.7500,0.0000,0.000
2026-09-11 20:45:54.532,1789139754,R_10,4843.9500,0.0000,0.000
2026-09-11 20:45:56.580,1789139756,R_10,4844.0570,0.0000,0.000
2026-09-11 20:45:58.636,1789139758,R_10,4843.9650,0.0000,0.000
2026-09-11 20:46:00.883,1789139760,R_10,4843.9900,0.0000,0.000
2026-09-11 20:46:02.528,1789139762,R_10,4843.9470,0.0000,0.000
2026-09-11 20:46:04.574,1789139764,R_10,4843.9140,0.0000,0.000
2026-09-11 20:46:06.619,1789139766,R_10,4843.9210,0.0000,0.000
2026-09-11 20:46:08.690,1789139768,R_10,4844.0750,0.0000,0.000
2026-09-11 20:46:10.629,1789139770,R_10,4844.2070,0.0000,0.000
2026-09-11 20:46:12.577,1789139772,R_10,4844.3470,0.0000,0.000
2026-09-11 20:46:14.609,1789139774,R_10,4844.4100,0.0000,0.000
2026-09-11 20:46:16.648,1789139776,R_10,4844.4520,0.0000,0.000
2026-09-11 20:46:18.603,1789139778,R_10,4844.3190,0.0000,0.000
2026-09-11 20:46:20.549,1789139780,R_10,4844.4280,0.0000,0.000
2026-09-11 20:46:22.698,1789139782,R_10,4844.6040,0.0000,0.000
2026-09-11 20:46:24.640,1789139784,R_10,4844.6150,0.0000,0.000
2026-09-11 20:46:26.496,1789139786,R_10,4844.5990,0.0000,0.000
2026-09-11 20:46:28.535,1789139788,R_10,4844.6810,0.0000,0.000
2026-09-11 20:46:30.585,1789139790,R_10,4844.9160,0.0000,0.000
2026-09-11 20:46:32.632,1789139792,R_10,4844.9060,0.0000,0.000
2026-09-11 20:46:34.570,1789139794,R_10,4844.8830,0.0000,0.000
2026-09-11 20:46:36.625,1789139796,R_10,4844.7610,0.0000,0.000
2026-09-11 20:46:38.689,1789139798,R_10,4844.6240,0.0000,0.000
2026-09-11 20:46:40.633,1789139800,R_10,4844.6360,0.0000,0.000
2026-09-11 20:46:42.572,1789139802,R_10,4844.7710,0.0000,0.000
2026-09-11 20:46:44.498,1789139804,R_10,4844.6870,0.0000,0.000
2026-09-11 20:46:46.549,1789139806,R_10,4844.5490,0.0000,0.000
2026-09-11 20:46:48.607,1789139808,R_10,4844.8030,0.0000,0.000
2026-09-11 20:46:50.552,1789139810,R_10,4844.8960,0.0000,0.000
2026-09-11 20:46:52.607,1789139812,R_10,4844.8960,0.0000,0.000
2026-09-11 20:46:54.539,1789139814,R_10,4845.0850,0.0000,0.000
2026-09-11 20:46:56.585,1789139816,R_10,4845.1380,0.0000,0.000
2026-09-11 20:46:58.638,1789139818,R_10,4845.1190,0.0000,0.000
2026-09-11 20:47:00.588,1789139820,R_10,4845.0460,0.0000,0.000
2026-09-11 20:47:02.636,1789139822,R_10,4845.3790,0.0000,0.000
2026-09-11 20:47:04.684,1789139824,R_10,4845.6060,0.0000,0.000
2026-09-11 20:47:06.630,1789139826,R_10,4845.7710,0.0000,0.000
2026-09-11 20:47:08.681,1789139828,R_10,4845.3830,0.0000,0.000
2026-09-11 20:47:10.622,1789139830,R_10,4845.4130,0.0000,0.000
2026-09-11 20:47:12.661,1789139832,R_10,4845.3340,0.0000,0.000
2026-09-11 20:47:14.514,1789139834,R_10,4845.2670,0.0000,0.000
2026-09-11 20:47:16.561,1789139836,R_10,4845.1810,0.0000,0.000
2026-09-11 20:47:18.497,1789139838,R_10,4845.1030,0.0000,0.000
2026-09-11 20:47:20.659,1789139840,R_10,4844.8900,0.0000,0.000
2026-09-11 20:47:22.599,1789139842,R_10,4844.9060,0.0000,0.000
2026-09-11 20:47:24.540,1789139844,R_10,4844.9180,0.0000,0.000
2026-09-11 20:47:26.588,1789139846,R_10,4844.9130,0.0000,0.000
2026-09-11 20:47:28.544,1789139848,R_10,4844.8040,0.0000,0.000
2026-09-11 20:47:30.529,1789139850,R_10,4844.8080,0.0000,0.000
2026-09-11 20:47:32.639,1789139852,R_10,4844.9340,0.0000,0.000
2026-09-11 20:47:34.584,1789139854,R_10,4844.9170,0.0000,0.000
2026-09-11 20:47:36.632,1789139856,R_10,4844.9950,0.0000,0.000
2026-09-11 20:47:38.681,1789139858,R_10,4844.9320,0.0000,0.000
2026-09-11 20:47:40.621,1789139860,R_10,4845.1640,0.0000,0.000
2026-09-11 20:47:42.599,1789139862,R_10,4845.1710,0.0000,0.000
2026-09-11 20:47:44.612,1789139864,R_10,4844.8420,0.0000,0.000
2026-09-11 20:47:46.515,1789139866,R_10,4844.8330,0.0000,0.000
2026-09-11 20:47:48.614,1789139868,R_10,4844.9590,0.0000,0.000
2026-09-11 20:47:50.548,1789139870,R_10,4845.1970,0.0000,0.000
2026-09-11 20:47:52.811,1789139872,R_10,4845.2940,0.0000,0.000
2026-09-11 20:47:54.543,1789139874,R_10,4845.2670,0.0000,0.000
2026-09-11 20:47:56.805,1789139876,R_10,4845.1850,0.0000,0.000
2026-09-11 20:47:58.476,1789139878,R_10,4845.2720,0.0000,0.000
2026-09-11 20:48:00.594,1789139880,R_10,4845.3370,0.0000,0.000
2026-09-11 20:48:02.645,1789139882,R_10,4845.3220,0.0000,0.000
2026-09-11 20:48:04.588,1789139884,R_10,4845.2630,0.0000,0.000
2026-09-11 20:48:06.637,1789139886,R_10,4845.4040,0.0000,0.000
2026-09-11 20:48:08.689,1789139888,R_10,4845.1910,0.0000,0.000
2026-09-11 20:48:10.629,1789139890,R_10,4845.1470,0.0000,0.000
2026-09-11 20:48:12.569,1789139892,R_10,4844.9650,0.0000,0.000
2026-09-11 20:48:14.616,1789139894,R_10,4844.8950,0.0000,0.000
2026-09-11 20:48:16.567,1789139896,R_10,4844.8740,0.0000,0.000
2026-09-11 20:48:18.610,1789139898,R_10,4844.8040,0.0000,0.000
2026-09-11 20:48:20.562,1789139900,R_10,4844.5750,0.0000,0.000
2026-09-11 20:48:22.605,1789139902,R_10,4844.6770,0.0000,0.000
2026-09-11 20:48:24.649,1789139904,R_10,4844.8090,0.0000,0.000
2026-09-11 20:48:26.801,1789139906,R_10,4844.8000,0.0000,0.000
2026-09-11 20:48:28.542,1789139908,R_10,4845.1390,0.0000,0.000
2026-09-11 20:48:30.588,1789139910,R_10,4845.1860,0.0000,0.000
2026-09-11 20:48:32.748,1789139912,R_10,4845.0960,0.0000,0.000
2026-09-11 20:48:34.580,1789139914,R_10,4845.3790,0.0000,0.000
2026-09-11 20:48:36.710,1789139916,R_10,4845.2400,0.0000,0.000
2026-09-11 20:48:38.713,1789139918,R_10,4845.1940,0.0000,0.000
2026-09-11 20:48:41.008,1789139920,R_10,4845.1610,0.0000,0.000
2026-09-11 20:48:42.561,1789139922,R_10,4845.2320,0.0000,0.000
2026-09-11 20:48:44.512,1789139924,R_10,4845.1900,0.0000,0.000
2026-09-11 20:48:46.734,1789139926,R_10,4845.1850,0.0000,0.000
2026-09-11 20:48:49.000,1789139928,R_10,4845.0980,0.0000,0.000
2026-09-11 20:48:50.539,1789139930,R_10,4844.9660,0.0000,0.000
2026-09-11 20:48:52.596,1789139932,R_10,4844.8210,0.0000,0.000
2026-09-11 20:48:54.558,1789139934,R_10,4844.7480,0.0000,0.000
2026-09-11 20:48:57.194,1789139936,R_10,4844.8740,0.0000,0.000
2026-09-11 20:48:58.724,1789139938,R_10,4845.0280,0.0000,0.000
2026-09-11 20:49:00.668,1789139940,R_10,4845.0910,0.0000,0.000
2026-09-11 20:49:08.059,1789139942,R_10,4845.0290,0.0000,0.000
2026-09-11 20:49:09.920,1789139944,R_10,4845.1480,0.0000,0.000
2026-09-11 20:49:09.934,1789139946,R_10,4845.1190,0.0000,0.000
2026-09-11 20:49:09.945,1789139948,R_10,4845.1020,0.0000,0.000
2026-09-11 20:49:12.614,1789139950,R_10,4845.1820,0.0000,0.000
2026-09-11 20:49:12.626,1789139952,R_10,4845.1250,0.0000,0.000
2026-09-11 20:49:14.516,1789139954,R_10,4844.9390,0.0000,0.000
2026-09-11 20:49:16.564,1789139956,R_10,4844.9140,0.0000,0.000
2026-09-11 20:49:18.626,1789139958,R_10,4844.7540,0.0000,0.000
2026-09-11 20:49:20.560,1789139960,R_10,4844.8790,0.0000,0.000
2026-09-11 20:49:22.615,1789139962,R_10,4844.7920,0.0000,0.000
2026-09-11 20:49:24.553,1789139964,R_10,4844.6920,0.0000,0.000
2026-09-11 20:49:26.789,1789139966,R_10,4844.7220,0.0000,0.000
2026-09-11 20:49:28.555,1789139968,R_10,4844.8570,0.0000,0.000
2026-09-11 20:49:30.530,1789139970,R_10,4844.9250,0.0000,0.000
2026-09-11 20:49:32.548,1789139972,R_10,4844.8460,0.0000,0.000
2026-09-11 20:49:34.596,1789139974,R_10,4844.7540,0.0000,0.000
2026-09-11 20:49:36.543,1789139976,R_10,4844.5890,0.0000,0.000
2026-09-11 20:49:38.681,1789139978,R_10,4844.5400,0.0000,0.000
2026-09-11 20:49:40.621,1789139980,R_10,4844.5090,0.0000,0.000
2026-09-11 20:49:42.575,1789139982,R_10,4844.6480,0.0000,0.000
2026-09-11 20:49:44.735,1789139984,R_10,4844.6020,0.0000,0.000
2026-09-11 20:49:48.291,1789139986,R_10,4844.5120,0.0000,0.000
2026-09-11 20:49:48.677,1789139988,R_10,4844.5680,0.0000,0.000
2026-09-11 20:49:51.338,1789139990,R_10,4844.7370,0.0000,0.000
2026-09-11 20:49:52.713,1789139992,R_10,4844.8160,0.0000,0.000
2026-09-11 20:49:54.964,1789139994,R_10,4844.8430,0.0000,0.000
2026-09-11 20:49:56.792,1789139996,R_10,4844.7450,0.0000,0.000
2026-09-11 20:49:58.699,1789139998,R_10,4844.7180,0.0000,0.000
2026-09-11 20:50:00.601,1789140000,R_10,4844.6970,0.0000,0.000
2026-09-11 20:50:02.545,1789140002,R_10,4844.6530,0.0000,0.000
2026-09-11 20:50:05.818,1789140004,R_10,4844.6180,0.0000,0.000
2026-09-11 20:50:06.518,1789140006,R_10,4844.6530,0.0000,0.000
2026-09-11 20:50:08.680,1789140008,R_10,4844.6280,0.0000,0.000
2026-09-11 20:50:10.629,1789140010,R_10,4844.4190,0.0000,0.000
2026-09-11 20:50:12.747,1789140012,R_10,4844.2990,0.0000,0.000
2026-09-11 20:50:14.520,1789140014,R_10,4844.2500,0.0000,0.000
2026-09-11 20:50:16.699,1789140016,R_10,4844.2690,0.0000,0.000
2026-09-11 20:50:18.690,1789140018,R_10,4844.0120,0.0000,0.000
2026-09-11 20:50:20.767,1789140020,R_10,4843.9570,0.0000,0.000
2026-09-11 20:50:22.709,1789140022,R_10,4843.9970,0.0000,0.000
2026-09-11 20:50:24.977,1789140024,R_10,4843.8450,0.0000,0.000
2026-09-11 20:50:26.565,1789140026,R_10,4843.6550,0.0000,0.000
2026-09-11 20:50:29.113,1789140028,R_10,4843.6650,0.0000,0.000
2026-09-11 20:50:30.599,1789140030,R_10,4843.6940,0.0000,0.000
2026-09-11 20:50:32.641,1789140032,R_10,4843.7110,0.0000,0.000
2026-09-11 20:50:34.635,1789140034,R_10,4843.6230,0.0000,0.000
2026-09-11 20:50:36.495,1789140036,R_10,4843.6770,0.0000,0.000
2026-09-11 20:50:38.688,1789140038,R_10,4843.7240,0.0000,0.000
2026-09-11 20:50:40.753,1789140040,R_10,4843.6680,0.0000,0.000
2026-09-11 20:50:43.033,1789140042,R_10,4843.5380,0.0000,0.000
2026-09-11 20:50:44.566,1789140044,R_10,4843.7780,0.0000,0.000
2026-09-11 20:50:46.812,1789140046,R_10,4843.7780,0.0000,0.000
2026-09-11 20:50:48.663,1789140048,R_10,4843.7920,0.0000,0.000
2026-09-11 20:50:50.513,1789140050,R_10,4843.7140,0.0000,0.000
2026-09-11 20:50:52.531,1789140052,R_10,4843.8140,0.0000,0.000
2026-09-11 20:50:54.631,1789140054,R_10,4843.9070,0.0000,0.000
2026-09-11 20:50:57.301,1789140056,R_10,4843.7270,0.0000,0.000
2026-09-11 20:50:59.088,1789140058,R_10,4843.6910,0.0000,0.000
2026-09-11 20:51:01.221,1789140060,R_10,4843.7920,0.0000,0.000
2026-09-11 20:51:02.530,1789140062,R_10,4843.6620,0.0000,0.000
2026-09-11 20:51:04.735,1789140064,R_10,4843.5870,0.0000,0.000
2026-09-11 20:51:06.544,1789140066,R_10,4843.6500,0.0000,0.000
2026-09-11 20:51:08.681,1789140068,R_10,4843.6260,0.0000,0.000
2026-09-11 20:51:11.492,1789140070,R_10,4843.7990,0.0000,0.000
2026-09-11 20:51:14.007,1789140072,R_10,4843.9070,0.0000,0.000
2026-09-11 20:51:14.642,1789140074,R_10,4843.8520,0.0000,0.000
2026-09-11 20:51:16.620,1789140076,R_10,4843.6320,0.0000,0.000
2026-09-11 20:51:18.611,1789140078,R_10,4843.6350,0.0000,0.000
2026-09-11 20:51:20.779,1789140080,R_10,4843.6660,0.0000,0.000
2026-09-11 20:51:22.495,1789140082,R_10,4843.8050,0.0000,0.000
2026-09-11 20:51:24.470,1789140084,R_10,4843.7330,0.0000,0.000
2026-09-11 20:51:26.834,1789140086,R_10,4843.5820,0.0000,0.000
2026-09-11 20:51:28.492,1789140088,R_10,4843.5480,0.0000,0.000
2026-09-11 20:51:30.472,1789140090,R_10,4843.4780,0.0000,0.000
2026-09-11 20:51:32.575,1789140092,R_10,4843.2800,0.0000,0.000
2026-09-11 20:51:35.049,1789140094,R_10,4843.1700,0.0000,0.000
2026-09-11 20:51:36.544,1789140096,R_10,4843.2260,0.0000,0.000
2026-09-11 20:51:38.681,1789140098,R_10,4843.2040,0.0000,0.000
2026-09-11 20:51:40.752,1789140100,R_10,4843.2440,0.0000,0.000
2026-09-11 20:51:42.562,1789140102,R_10,4843.4720,0.0000,0.000
2026-09-11 20:51:44.478,1789140104,R_10,4843.3180,0.0000,0.000
2026-09-11 20:51:46.469,1789140106,R_10,4843.1890,0.0000,0.000
2026-09-11 20:51:48.735,1789140108,R_10,4843.2470,0.0000,0.000
2026-09-11 20:51:50.614,1789140110,R_10,4843.1300,0.0000,0.000
2026-09-11 20:51:52.560,1789140112,R_10,4843.0590,0.0000,0.000
2026-09-11 20:51:54.568,1789140114,R_10,4842.8790,0.0000,0.000
2026-09-11 20:51:56.792,1789140116,R_10,4842.7160,0.0000,0.000
2026-09-11 20:51:58.738,1789140118,R_10,4842.8230,0.0000,0.000
2026-09-11 20:52:00.606,1789140120,R_10,4842.8810,0.0000,0.000
2026-09-11 20:52:02.733,1789140122,R_10,4843.0320,0.0000,0.000
2026-09-11 20:52:04.601,1789140124,R_10,4842.9660,0.0000,0.000
2026-09-11 20:52:07.040,1789140126,R_10,4842.7730,0.0000,0.000
2026-09-11 20:52:08.464,1789140128,R_10,4842.7240,0.0000,0.000
2026-09-11 20:52:10.625,1789140130,R_10,4842.7470,0.0000,0.000
2026-09-11 20:52:13.026,1789140132,R_10,4842.6950,0.0000,0.000
2026-09-11 20:52:14.536,1789140134,R_10,4842.7320,0.0000,0.000
2026-09-11 20:52:16.553,1789140136,R_10,4842.7910,0.0000,0.000
2026-09-11 20:52:18.721,1789140138,R_10,4842.6940,0.0000,0.000
2026-09-11 20:52:20.653,1789140140,R_10,4842.2090,0.0000,0.000
2026-09-11 20:52:22.546,1789140142,R_10,4842.2370,0.0000,0.000
2026-09-11 20:52:24.563,1789140144,R_10,4842.1540,0.0000,0.000
2026-09-11 20:52:26.801,1789140146,R_10,4842.1620,0.0000,0.000
2026-09-11 20:52:28.702,1789140148,R_10,4842.0630,0.0000,0.000
2026-09-11 20:52:30.525,1789140150,R_10,4842.0870,0.0000,0.000
2026-09-11 20:52:33.656,1789140152,R_10,4842.1770,0.0000,0.000
2026-09-11 20:52:34.698,1789140154,R_10,4842.0430,0.0000,0.000
2026-09-11 20:52:36.755,1789140156,R_10,4842.0370,0.0000,0.000
2026-09-11 20:52:38.452,1789140158,R_10,4842.0310,0.0000,0.000
2026-09-11 20:52:40.625,1789140160,R_10,4842.0340,0.0000,0.000
2026-09-11 20:52:42.564,1789140162,R_10,4842.0170,0.0000,0.000
2026-09-11 20:52:44.538,1789140164,R_10,4842.1170,0.0000,0.000
2026-09-11 20:52:46.485,1789140166,R_10,4842.1780,0.0000,0.000
2026-09-11 20:52:49.380,1789140168,R_10,4842.2740,0.0000,0.000
2026-09-11 20:52:50.770,1789140170,R_10,4842.2090,0.0000,0.000
2026-09-11 20:52:52.977,1789140172,R_10,4842.2040,0.0000,0.000
2026-09-11 20:52:54.494,1789140174,R_10,4842.2860,0.0000,0.000
2026-09-11 20:52:56.801,1789140176,R_10,4842.3310,0.0000,0.000
2026-09-11 20:52:58.805,1789140178,R_10,4842.4990,0.0000,0.000
2026-09-11 20:53:00.444,1789140180,R_10,4842.2400,0.0000,0.000
2026-09-11 20:53:02.485,1789140182,R_10,4842.2430,0.0000,0.000
2026-09-11 20:53:05.168,1789140184,R_10,4842.2220,0.0000,0.000
2026-09-11 20:53:07.363,1789140186,R_10,4842.1360,0.0000,0.000
2026-09-11 20:53:08.716,1789140188,R_10,4841.8800,0.0000,0.000
2026-09-11 20:53:10.624,1789140190,R_10,4841.9110,0.0000,0.000
2026-09-11 20:53:13.025,1789140192,R_10,4841.9810,0.0000,0.000
2026-09-11 20:53:14.661,1789140194,R_10,4842.3540,0.0000,0.000
2026-09-11 20:53:16.506,1789140196,R_10,4842.3220,0.0000,0.000
2026-09-11 20:53:18.516,1789140198,R_10,4842.4110,0.0000,0.000
2026-09-11 20:53:20.514,1789140200,R_10,4842.2770,0.0000,0.000
2026-09-11 20:53:22.703,1789140202,R_10,4842.2380,0.0000,0.000
2026-09-11 20:53:24.860,1789140204,R_10,4842.2140,0.0000,0.000
2026-09-11 20:53:26.549,1789140206,R_10,4842.2100,0.0000,0.000
2026-09-11 20:53:29.002,1789140208,R_10,4842.2430,0.0000,0.000
2026-09-11 20:53:31.103,1789140210,R_10,4842.2240,0.0000,0.000
2026-09-11 20:53:32.480,1789140212,R_10,4842.1460,0.0000,0.000
2026-09-11 20:53:34.778,1789140214,R_10,4842.3590,0.0000,0.000
2026-09-11 20:53:36.944,1789140216,R_10,4842.4750,0.0000,0.000
2026-09-11 20:53:38.504,1789140218,R_10,4842.5110,0.0000,0.000
2026-09-11 20:53:40.531,1789140220,R_10,4842.3840,0.0000,0.000
2026-09-11 20:53:43.336,1789140222,R_10,4842.5590,0.0000,0.000
2026-09-11 20:53:44.596,1789140224,R_10,4842.6160,0.0000,0.000
2026-09-11 20:53:47.053,1789140226,R_10,4842.6900,0.0000,0.000
2026-09-11 20:53:48.553,1789140228,R_10,4842.6400,0.0000,0.000
2026-09-11 20:53:50.505,1789140230,R_10,4842.5000,0.0000,0.000
2026-09-11 20:53:52.652,1789140232,R_10,4842.4900,0.0000,0.000
2026-09-11 20:53:54.480,1789140234,R_10,4842.4570,0.0000,0.000
2026-09-11 20:53:56.521,1789140236,R_10,4842.4270,0.0000,0.000
2026-09-11 20:53:58.660,1789140238,R_10,4842.4820,0.0000,0.000
2026-09-11 20:54:00.808,1789140240,R_10,4842.3490,0.0000,0.000
2026-09-11 20:54:02.484,1789140242,R_10,4842.4460,0.0000,0.000
2026-09-11 20:54:04.515,1789140244,R_10,4842.2770,0.0000,0.000
2026-09-11 20:54:06.504,1789140246,R_10,4842.0830,0.0000,0.000
2026-09-11 20:54:08.696,1789140248,R_10,4842.0380,0.0000,0.000
2026-09-11 20:54:11.046,1789140250,R_10,4842.0340,0.0000,0.000
2026-09-11 20:54:12.564,1789140252,R_10,4842.1790,0.0000,0.000
2026-09-11 20:54:14.703,1789140254,R_10,4842.3280,0.0000,0.000
2026-09-11 20:54:16.978,1789140256,R_10,4842.1860,0.0000,0.000
2026-09-11 20:54:18.699,1789140258,R_10,4842.0560,0.0000,0.000
2026-09-11 20:54:20.478,1789140260,R_10,4842.0020,0.0000,0.000
2026-09-11 20:54:22.551,1789140262,R_10,4841.7680,0.0000,0.000
2026-09-11 20:54:24.586,1789140264,R_10,4841.6700,0.0000,0.000
2026-09-11 20:54:26.537,1789140266,R_10,4841.7990,0.0000,0.000
2026-09-11 20:54:28.533,1789140268,R_10,4841.7230,0.0000,0.000
2026-09-11 20:54:31.344,1789140270,R_10,4841.6930,0.0000,0.000
2026-09-11 20:54:32.574,1789140272,R_10,4841.8850,0.0000,0.000
2026-09-11 20:54:34.478,1789140274,R_10,4841.8770,0.0000,0.000
2026-09-11 20:54:36.569,1789140276,R_10,4842.0370,0.0000,0.000
2026-09-11 20:54:38.680,1789140278,R_10,4842.0880,0.0000,0.000
2026-09-11 20:54:40.625,1789140280,R_10,4841.9930,0.0000,0.000
2026-09-11 20:54:42.565,1789140282,R_10,4841.9340,0.0000,0.000
2026-09-11 20:54:44.559,1789140284,R_10,4841.9710,0.0000,0.000
2026-09-11 20:54:46.503,1789140286,R_10,4841.9210,0.0000,0.000
2026-09-11 20:54:48.460,1789140288,R_10,4842.1100,0.0000,0.000
2026-09-11 20:54:50.601,1789140290,R_10,4841.8960,0.0000,0.000
2026-09-11 20:54:52.546,1789140292,R_10,4841.7360,0.0000,0.000
2026-09-11 20:54:54.492,1789140294,R_10,4841.5930,0.0000,0.000
2026-09-11 20:54:56.540,1789140296,R_10,4841.4780,0.0000,0.000
2026-09-11 20:54:58.778,1789140298,R_10,4841.3300,0.0000,0.000
2026-09-11 20:55:00.534,1789140300,R_10,4841.4540,0.0000,0.000
2026-09-11 20:55:02.578,1789140302,R_10,4841.6190,0.0000,0.000
2026-09-11 20:55:04.828,1789140304,R_10,4841.4730,0.0000,0.000
2026-09-11 20:55:06.578,1789140306,R_10,4841.4340,0.0000,0.000
2026-09-11 20:55:14.869,1789140308,R_10,4841.4400,0.0000,0.000
2026-09-11 20:55:14.934,1789140310,R_10,4841.4300,0.0000,0.000
2026-09-11 20:55:14.943,1789140312,R_10,4841.5190,0.0000,0.000
2026-09-11 20:55:14.951,1789140314,R_10,4841.6340,0.0000,0.000
2026-09-11 20:55:16.508,1789140316,R_10,4841.6560,0.0000,0.000
2026-09-11 20:55:18.554,1789140318,R_10,4841.8960,0.0000,0.000
2026-09-11 20:55:20.602,1789140320,R_10,4841.9340,0.0000,0.000
2026-09-11 20:55:22.599,1789140322,R_10,4841.9810,0.0000,0.000
2026-09-11 20:55:24.496,1789140324,R_10,4841.8420,0.0000,0.000
2026-09-11 20:55:26.542,1789140326,R_10,4841.7140,0.0000,0.000
2026-09-11 20:55:28.491,1789140328,R_10,4841.7870,0.0000,0.000
2026-09-11 20:55:30.641,1789140330,R_10,4841.7970,0.0000,0.000
2026-09-11 20:55:32.586,1789140332,R_10,4841.9610,0.0000,0.000
2026-09-11 20:55:34.941,1789140334,R_10,4841.8900,0.0000,0.000
2026-09-11 20:55:36.580,1789140336,R_10,4841.9360,0.0000,0.000
2026-09-11 20:55:38.693,1789140338,R_10,4841.9160,0.0000,0.000
2026-09-11 20:55:40.633,1789140340,R_10,4841.9440,0.0000,0.000
2026-09-11 20:55:42.573,1789140342,R_10,4841.9390,0.0000,0.000
2026-09-11 20:55:44.573,1789140344,R_10,4841.9610,0.0000,0.000
2026-09-11 20:55:46.512,1789140346,R_10,4841.6600,0.0000,0.000
2026-09-11 20:55:48.566,1789140348,R_10,4841.6090,0.0000,0.000
2026-09-11 20:55:50.532,1789140350,R_10,4841.6820,0.0000,0.000
2026-09-11 20:55:52.554,1789140352,R_10,4841.4820,0.0000,0.000
2026-09-11 20:55:54.597,1789140354,R_10,4841.5090,0.0000,0.000
2026-09-11 20:55:56.548,1789140356,R_10,4841.4950,0.0000,0.000
2026-09-11 20:55:58.606,1789140358,R_10,4841.5220,0.0000,0.000
2026-09-11 20:56:00.650,1789140360,R_10,4841.4420,0.0000,0.000
2026-09-11 20:56:02.599,1789140362,R_10,4841.3280,0.0000,0.000
2026-09-11 20:56:04.541,1789140364,R_10,4841.3270,0.0000,0.000
2026-09-11 20:56:06.593,1789140366,R_10,4841.4720,0.0000,0.000
2026-09-11 20:56:08.685,1789140368,R_10,4841.6460,0.0000,0.000
2026-09-11 20:56:10.629,1789140370,R_10,4841.4360,0.0000,0.000
2026-09-11 20:56:12.577,1789140372,R_10,4841.4970,0.0000,0.000
2026-09-11 20:56:14.581,1789140374,R_10,4841.5860,0.0000,0.000
2026-09-11 20:56:16.511,1789140376,R_10,4841.6010,0.0000,0.000
2026-09-11 20:56:18.575,1789140378,R_10,4841.6290,0.0000,0.000
2026-09-11 20:56:20.711,1789140380,R_10,4841.6380,0.0000,0.000
2026-09-11 20:56:22.535,1789140382,R_10,4841.4430,0.0000,0.000
2026-09-11 20:56:24.603,1789140384,R_10,4841.5230,0.0000,0.000
2026-09-11 20:56:26.856,1789140386,R_10,4841.6400,0.0000,0.000
2026-09-11 20:56:28.499,1789140388,R_10,4841.5580,0.0000,0.000
2026-09-11 20:56:30.860,1789140390,R_10,4841.5650,0.0000,0.000
2026-09-11 20:56:32.511,1789140392,R_10,4841.6910,0.0000,0.000
2026-09-11 20:56:34.541,1789140394,R_10,4841.6330,0.0000,0.000
2026-09-11 20:56:36.582,1789140396,R_10,4841.6020,0.0000,0.000
2026-09-11 20:56:38.681,1789140398,R_10,4841.4850,0.0000,0.000
2026-09-11 20:56:40.621,1789140400,R_10,4841.4450,0.0000,0.000
2026-09-11 20:56:42.560,1789140402,R_10,4841.5750,0.0000,0.000
2026-09-11 20:56:44.542,1789140404,R_10,4841.4440,0.0000,0.000
2026-09-11 20:56:46.529,1789140406,R_10,4841.3900,0.0000,0.000
2026-09-11 20:56:48.573,1789140408,R_10,4841.4030,0.0000,0.000
2026-09-11 20:56:50.616,1789140410,R_10,4841.4200,0.0000,0.000
2026-09-11 20:56:52.573,1789140412,R_10,4841.2590,0.0000,0.000
2026-09-11 20:56:54.849,1789140414,R_10,4841.1800,0.0000,0.000
2026-09-11 20:56:56.552,1789140416,R_10,4841.2820,0.0000,0.000
2026-09-11 20:56:58.603,1789140418,R_10,4841.2640,0.0000,0.000
2026-09-11 20:57:00.657,1789140420,R_10,4841.2960,0.0000,0.000
2026-09-11 20:57:02.593,1789140422,R_10,4841.3080,0.0000,0.000
2026-09-11 20:57:04.548,1789140424,R_10,4841.4420,0.0000,0.000
2026-09-11 20:57:06.587,1789140426,R_10,4841.3650,0.0000,0.000
2026-09-11 20:57:08.734,1789140428,R_10,4841.3230,0.0000,0.000
2026-09-11 20:57:10.629,1789140430,R_10,4840.9890,0.0000,0.000
2026-09-11 20:57:12.571,1789140432,R_10,4840.9310,0.0000,0.000
2026-09-11 20:57:14.580,1789140434,R_10,4841.2050,0.0000,0.000
2026-09-11 20:57:16.526,1789140436,R_10,4841.0660,0.0000,0.000
2026-09-11 20:57:18.579,1789140438,R_10,4841.0050,0.0000,0.000
2026-09-11 20:57:20.516,1789140440,R_10,4841.0280,0.0000,0.000
2026-09-11 20:57:22.498,1789140442,R_10,4841.0430,0.0000,0.000
2026-09-11 20:57:24.849,1789140444,R_10,4840.8850,0.0000,0.000
2026-09-11 20:57:26.559,1789140446,R_10,4840.7430,0.0000,0.000
2026-09-11 20:57:28.503,1789140448,R_10,4840.8290,0.0000,0.000
2026-09-11 20:57:30.652,1789140450,R_10,4840.7450,0.0000,0.000
2026-09-11 20:57:32.494,1789140452,R_10,4840.5640,0.0000,0.000
2026-09-11 20:57:34.651,1789140454,R_10,4840.6180,0.0000,0.000
2026-09-11 20:57:36.593,1789140456,R_10,4840.4630,0.0000,0.000
2026-09-11 20:57:38.496,1789140458,R_10,4840.3440,0.0000,0.000
2026-09-11 20:57:40.690,1789140460,R_10,4840.3560,0.0000,0.000
2026-09-11 20:57:42.739,1789140462,R_10,4840.2110,0.0000,0.000
2026-09-11 20:57:44.580,1789140464,R_10,4840.3930,0.0000,0.000
2026-09-11 20:57:46.639,1789140466,R_10,4840.3220,0.0000,0.000
2026-09-11 20:57:49.911,1789140468,R_10,4840.3500,0.0000,0.000
2026-09-11 20:57:50.629,1789140470,R_10,4840.4850,0.0000,0.000
2026-09-11 20:57:52.574,1789140472,R_10,4840.4810,0.0000,0.000
2026-09-11 20:57:54.512,1789140474,R_10,4840.5150,0.0000,0.000
2026-09-11 20:57:56.560,1789140476,R_10,4840.4820,0.0000,0.000
2026-09-11 20:57:58.608,1789140478,R_10,4840.4780,0.0000,0.000
2026-09-11 20:58:00.668,1789140480,R_10,4840.3530,0.0000,0.000
2026-09-11 20:58:02.613,1789140482,R_10,4840.3470,0.0000,0.000
2026-09-11 20:58:04.661,1789140484,R_10,4840.2980,0.0000,0.000
2026-09-11 20:58:06.600,1789140486,R_10,4840.3540,0.0000,0.000
2026-09-11 20:58:08.689,1789140488,R_10,4840.5180,0.0000,0.000
2026-09-11 20:58:10.629,1789140490,R_10,4840.4610,0.0000,0.000
2026-09-11 20:58:12.637,1789140492,R_10,4840.3470,0.0000,0.000
2026-09-11 20:58:14.584,1789140494,R_10,4840.1800,0.0000,0.000
2026-09-11 20:58:16.643,1789140496,R_10,4840.2290,0.0000,0.000
2026-09-11 20:58:18.589,1789140498,R_10,4840.0530,0.0000,0.000
2026-09-11 20:58:20.529,1789140500,R_10,4840.1210,0.0000,0.000
2026-09-11 20:58:22.581,1789140502,R_10,4839.9780,0.0000,0.000
2026-09-11 20:58:24.505,1789140504,R_10,4839.9230,0.0000,0.000
2026-09-11 20:58:26.565,1789140506,R_10,4839.9590,0.0000,0.000
2026-09-11 20:58:28.509,1789140508,R_10,4839.9450,0.0000,0.000
2026-09-11 20:58:30.559,1789140510,R_10,4839.9000,0.0000,0.000
2026-09-11 20:58:32.613,1789140512,R_10,4839.9490,0.0000,0.000
2026-09-11 20:58:34.664,1789140514,R_10,4840.1000,0.0000,0.000
2026-09-11 20:58:36.529,1789140516,R_10,4840.1730,0.0000,0.000
2026-09-11 20:58:38.685,1789140518,R_10,4840.1500,0.0000,0.000
2026-09-11 20:58:40.629,1789140520,R_10,4840.2350,0.0000,0.000
2026-09-11 20:58:42.641,1789140522,R_10,4840.3180,0.0000,0.000
2026-09-11 20:58:44.599,1789140524,R_10,4840.3900,0.0000,0.000
2026-09-11 20:58:46.634,1789140526,R_10,4840.3230,0.0000,0.000
2026-09-11 20:58:48.591,1789140528,R_10,4840.2500,0.0000,0.000
2026-09-11 20:58:50.628,1789140530,R_10,4840.3810,0.0000,0.000
2026-09-11 20:58:52.583,1789140532,R_10,4840.2890,0.0000,0.000
2026-09-11 20:59:14.601,1789140534,R_10,4840.3800,0.0000,0.000
2026-09-11 20:59:14.665,1789140536,R_10,4840.4840,0.0000,0.000
2026-09-11 20:59:14.672,1789140538,R_10,4840.3400,0.0000,0.000
2026-09-11 20:59:14.680,1789140540,R_10,4840.4330,0.0000,0.000
2026-09-11 20:59:14.687,1789140542,R_10,4840.3140,0.0000,0.000
2026-09-11 20:59:14.694,1789140544,R_10,4840.3250,0.0000,0.000
2026-09-11 20:59:14.700,1789140546,R_10,4840.4490,0.0000,0.000
2026-09-11 20:59:14.735,1789140548,R_10,4840.5030,0.0000,0.000
2026-09-11 20:59:14.741,1789140550,R_10,4840.5010,0.0000,0.000
2026-09-11 20:59:14.747,1789140552,R_10,4840.5940,0.0000,0.000
2026-09-11 20:59:14.752,1789140554,R_10,4840.5040,0.0000,0.000
2026-09-11 20:59:16.548,1789140556,R_10,4840.5860,0.0000,0.000
2026-09-11 20:59:18.581,1789140558,R_10,4840.6570,0.0000,0.000
2026-09-11 20:59:20.531,1789140560,R_10,4840.8620,0.0000,0.000
2026-09-11 20:59:22.691,1789140562,R_10,4840.8320,0.0000,0.000
2026-09-11 20:59:24.524,1789140564,R_10,4840.8530,0.0000,0.000
2026-09-11 20:59:26.568,1789140566,R_10,4840.8870,0.0000,0.000
2026-09-11 20:59:28.619,1789140568,R_10,4840.7890,0.0000,0.000
2026-09-11 20:59:30.574,1789140570,R_10,4840.6330,0.0000,0.000
2026-09-11 20:59:32.517,1789140572,R_10,4840.6290,0.0000,0.000
2026-09-11 20:59:34.557,1789140574,R_10,4840.5930,0.0000,0.000
2026-09-11 20:59:36.614,1789140576,R_10,4840.4700,0.0000,0.000
2026-09-11 20:59:38.697,1789140578,R_10,4840.4510,0.0000,0.000
2026-09-11 20:59:40.657,1789140580,R_10,4840.5210,0.0000,0.000
2026-09-11 20:59:42.592,1789140582,R_10,4840.2840,0.0000,0.000
2026-09-11 20:59:44.600,1789140584,R_10,4840.3750,0.0000,0.000
2026-09-11 20:59:46.547,1789140586,R_10,4840.2400,0.0000,0.000
2026-09-11 20:59:48.492,1789140588,R_10,4840.2130,0.0000,0.000
2026-09-11 20:59:50.545,1789140590,R_10,4840.2110,0.0000,0.000
2026-09-11 20:59:52.587,1789140592,R_10,4840.4140,0.0000,0.000
2026-09-11 20:59:54.628,1789140594,R_10,4840.3010,0.0000,0.000
2026-09-11 20:59:56.576,1789140596,R_10,4840.2790,0.0000,0.000
2026-09-11 20:59:58.624,1789140598,R_10,4840.3040,0.0000,0.000
2026-09-11 21:00:00.567,1789140600,R_10,4840.1860,0.0000,0.000
2026-09-11 21:00:02.929,1789140602,R_10,4840.2490,0.0000,0.000
2026-09-11 21:00:04.570,1789140604,R_10,4839.9010,0.0000,0.000
2026-09-11 21:00:06.721,1789140606,R_10,4840.0220,0.0000,0.000
2026-09-11 21:00:08.683,1789140608,R_10,4840.0220,0.0000,0.000
2026-09-11 21:00:10.621,1789140610,R_10,4839.9030,0.0000,0.000
2026-09-11 21:00:12.561,1789140612,R_10,4839.9000,0.0000,0.000
2026-09-11 21:00:15.009,1789140614,R_10,4839.9080,0.0000,0.000
2026-09-11 21:00:16.552,1789140616,R_10,4839.8300,0.0000,0.000
2026-09-11 21:00:18.597,1789140618,R_10,4839.8930,0.0000,0.000
2026-09-11 21:00:20.544,1789140620,R_10,4839.9920,0.0000,0.000
2026-09-11 21:00:22.490,1789140622,R_10,4839.9740,0.0000,0.000
2026-09-11 21:00:24.467,1789140624,R_10,4839.7360,0.0000,0.000
2026-09-11 21:00:26.588,1789140626,R_10,4839.7040,0.0000,0.000
2026-09-11 21:00:28.534,1789140628,R_10,4839.7070,0.0000,0.000
2026-09-11 21:00:30.784,1789140630,R_10,4839.6600,0.0000,0.000
2026-09-11 21:00:32.729,1789140632,R_10,4839.4120,0.0000,0.000
2026-09-11 21:00:34.508,1789140634,R_10,4839.4200,0.0000,0.000
2026-09-11 21:00:36.518,1789140636,R_10,4839.4760,0.0000,0.000
2026-09-11 21:00:38.456,1789140638,R_10,4839.4480,0.0000,0.000
2026-09-11 21:00:40.633,1789140640,R_10,4839.3790,0.0000,0.000
2026-09-11 21:00:42.759,1789140642,R_10,4839.3700,0.0000,0.000
2026-09-11 21:00:44.505,1789140644,R_10,4839.5250,0.0000,0.000
2026-09-11 21:00:46.660,1789140646,R_10,4839.7720,0.0000,0.000
2026-09-11 21:00:48.605,1789140648,R_10,4839.7720,0.0000,0.000
2026-09-11 21:00:50.646,1789140650,R_10,4840.0310,0.0000,0.000
2026-09-11 21:00:52.596,1789140652,R_10,4840.0750,0.0000,0.000
2026-09-11 21:00:54.467,1789140654,R_10,4840.1160,0.0000,0.000
2026-09-11 21:00:56.583,1789140656,R_10,4840.1220,0.0000,0.000
2026-09-11 21:00:58.738,1789140658,R_10,4840.1760,0.0000,0.000
2026-09-11 21:01:00.683,1789140660,R_10,4840.2040,0.0000,0.000
2026-09-11 21:01:02.733,1789140662,R_10,4840.1890,0.0000,0.000
2026-09-11 21:01:04.575,1789140664,R_10,4840.0790,0.0000,0.000
2026-09-11 21:01:06.516,1789140666,R_10,4840.0100,0.0000,0.000
2026-09-11 21:01:08.690,1789140668,R_10,4839.8120,0.0000,0.000
2026-09-11 21:01:10.636,1789140670,R_10,4839.9850,0.0000,0.000
2026-09-11 21:01:12.656,1789140672,R_10,4839.9340,0.0000,0.000
2026-09-11 21:01:14.611,1789140674,R_10,4839.9590,0.0000,0.000
2026-09-11 21:01:16.561,1789140676,R_10,4840.1980,0.0000,0.000
2026-09-11 21:01:18.705,1789140678,R_10,4840.1080,0.0000,0.000
2026-09-11 21:01:20.645,1789140680,R_10,4840.2410,0.0000,0.000
2026-09-11 21:01:22.503,1789140682,R_10,4840.0970,0.0000,0.000
2026-09-11 21:01:24.537,1789140684,R_10,4840.0940,0.0000,0.000
2026-09-11 21:01:26.586,1789140686,R_10,4840.2340,0.0000,0.000
2026-09-11 21:01:28.635,1789140688,R_10,4840.2990,0.0000,0.000
2026-09-11 21:01:30.586,1789140690,R_10,4840.2470,0.0000,0.000
2026-09-11 21:01:32.531,1789140692,R_10,4840.2250,0.0000,0.000
2026-09-11 21:01:34.583,1789140694,R_10,4840.2930,0.0000,0.000
2026-09-11 21:01:36.621,1789140696,R_10,4840.2450,0.0000,0.000
2026-09-11 21:01:38.689,1789140698,R_10,4840.1710,0.0000,0.000
2026-09-11 21:01:40.629,1789140700,R_10,4840.1060,0.0000,0.000
2026-09-11 21:01:42.570,1789140702,R_10,4840.1310,0.0000,0.000
2026-09-11 21:01:44.614,1789140704,R_10,4840.1690,0.0000,0.000
2026-09-11 21:01:46.552,1789140706,R_10,4840.0240,0.0000,0.000
2026-09-11 21:01:48.511,1789140708,R_10,4840.0500,0.0000,0.000
2026-09-11 21:01:50.658,1789140710,R_10,4839.8730,0.0000,0.000
2026-09-11 21:01:52.594,1789140712,R_10,4839.9080,0.0000,0.000
2026-09-11 21:01:54.642,1789140714,R_10,4839.7740,0.0000,0.000
2026-09-11 21:01:56.574,1789140716,R_10,4839.7100,0.0000,0.000
2026-09-11 21:01:58.635,1789140718,R_10,4839.6390,0.0000,0.000
2026-09-11 21:02:00.588,1789140720,R_10,4839.4820,0.0000,0.000
2026-09-11 21:02:02.529,1789140722,R_10,4839.3870,0.0000,0.000
2026-09-11 21:02:04.584,1789140724,R_10,4839.2820,0.0000,0.000
2026-09-11 21:02:06.529,1789140726,R_10,4839.0370,0.0000,0.000
2026-09-11 21:02:08.689,1789140728,R_10,4839.1580,0.0000,0.000
2026-09-11 21:02:10.629,1789140730,R_10,4839.1980,0.0000,0.000
2026-09-11 21:02:12.569,1789140732,R_10,4839.3230,0.0000,0.000
2026-09-11 21:02:14.618,1789140734,R_10,4839.2850,0.0000,0.000
2026-09-11 21:02:16.563,1789140736,R_10,4839.2300,0.0000,0.000
2026-09-11 21:02:18.508,1789140738,R_10,4839.2530,0.0000,0.000
2026-09-11 21:02:20.557,1789140740,R_10,4839.5130,0.0000,0.000
2026-09-11 21:02:22.597,1789140742,R_10,4839.4810,0.0000,0.000
2026-09-11 21:02:24.645,1789140744,R_10,4839.3030,0.0000,0.000
2026-09-11 21:02:26.487,1789140746,R_10,4839.2680,0.0000,0.000
2026-09-11 21:02:28.543,1789140748,R_10,4839.3510,0.0000,0.000
2026-09-11 21:02:30.794,1789140750,R_10,4839.2140,0.0000,0.000
2026-09-11 21:02:32.843,1789140752,R_10,4839.1850,0.0000,0.000
2026-09-11 21:02:34.585,1789140754,R_10,4839.0620,0.0000,0.000
2026-09-11 21:02:36.533,1789140756,R_10,4839.2460,0.0000,0.000
2026-09-11 21:02:38.689,1789140758,R_10,4839.1470,0.0000,0.000
2026-09-11 21:02:40.629,1789140760,R_10,4839.0710,0.0000,0.000
2026-09-11 21:02:42.577,1789140762,R_10,4839.0570,0.0000,0.000
2026-09-11 21:02:48.795,1789140764,R_10,4838.8200,0.0000,0.000
2026-09-11 21:02:49.323,1789140766,R_10,4838.6710,0.0000,0.000
2026-09-11 21:02:49.335,1789140768,R_10,4838.8690,0.0000,0.000
2026-09-11 21:03:04.523,1789140770,R_10,4838.9300,0.0000,0.000
2026-09-11 21:03:04.541,1789140772,R_10,4839.0880,0.0000,0.000
2026-09-11 21:03:04.553,1789140774,R_10,4838.9740,0.0000,0.000
2026-09-11 21:03:04.565,1789140776,R_10,4838.9850,0.0000,0.000
2026-09-11 21:03:04.578,1789140778,R_10,4838.7670,0.0000,0.000
2026-09-11 21:03:04.589,1789140780,R_10,4838.9520,0.0000,0.000
2026-09-11 21:03:04.599,1789140782,R_10,4838.9180,0.0000,0.000
2026-09-11 21:03:04.607,1789140784,R_10,4838.8830,0.0000,0.000
2026-09-11 21:03:06.527,1789140786,R_10,4838.7990,0.0000,0.000
2026-09-11 21:03:09.072,1789140788,R_10,4838.9040,0.0000,0.000
2026-09-11 21:03:10.626,1789140790,R_10,4839.0890,0.0000,0.000
2026-09-11 21:03:12.966,1789140792,R_10,4839.1340,0.0000,0.000
2026-09-11 21:03:14.614,1789140794,R_10,4839.2210,0.0000,0.000
2026-09-11 21:03:16.461,1789140796,R_10,4839.1360,0.0000,0.000
2026-09-11 21:03:18.491,1789140798,R_10,4839.3230,0.0000,0.000
2026-09-11 21:03:20.544,1789140800,R_10,4839.1670,0.0000,0.000
2026-09-11 21:03:22.499,1789140802,R_10,4839.2330,0.0000,0.000
2026-09-11 21:03:24.599,1789140804,R_10,4839.1570,0.0000,0.000
2026-09-11 21:03:26.497,1789140806,R_10,4839.2410,0.0000,0.000
2026-09-11 21:03:28.852,1789140808,R_10,4839.2700,0.0000,0.000
2026-09-11 21:03:30.490,1789140810,R_10,4839.3180,0.0000,0.000
2026-09-11 21:03:32.440,1789140812,R_10,4839.4560,0.0000,0.000
2026-09-11 21:03:34.791,1789140814,R_10,4839.3410,0.0000,0.000
2026-09-11 21:03:36.942,1789140816,R_10,4839.1860,0.0000,0.000
2026-09-11 21:03:38.681,1789140818,R_10,4839.0740,0.0000,0.000
2026-09-11 21:03:40.630,1789140820,R_10,4839.2160,0.0000,0.000
2026-09-11 21:03:42.573,1789140822,R_10,4839.2450,0.0000,0.000
2026-09-11 21:03:44.488,1789140824,R_10,4839.1810,0.0000,0.000
2026-09-11 21:03:46.564,1789140826,R_10,4839.1790,0.0000,0.000
2026-09-11 21:03:48.518,1789140828,R_10,4839.1790,0.0000,0.000
2026-09-11 21:03:50.571,1789140830,R_10,4839.1590,0.0000,0.000
2026-09-11 21:03:52.615,1789140832,R_10,4839.1570,0.0000,0.000
2026-09-11 21:03:54.655,1789140834,R_10,4839.2020,0.0000,0.000
2026-09-11 21:03:56.500,1789140836,R_10,4839.2880,0.0000,0.000
2026-09-11 21:03:58.546,1789140838,R_10,4839.3360,0.0000,0.000
2026-09-11 21:04:00.593,1789140840,R_10,4839.4010,0.0000,0.000
2026-09-11 21:04:02.749,1789140842,R_10,4839.5310,0.0000,0.000
2026-09-11 21:04:04.487,1789140844,R_10,4839.5350,0.0000,0.000
2026-09-11 21:04:06.542,1789140846,R_10,4839.3510,0.0000,0.000
2026-09-11 21:04:08.479,1789140848,R_10,4839.2320,0.0000,0.000
2026-09-11 21:04:10.629,1789140850,R_10,4839.2450,0.0000,0.000
2026-09-11 21:04:12.573,1789140852,R_10,4839.2040,0.0000,0.000
2026-09-11 21:04:14.632,1789140854,R_10,4839.1630,0.0000,0.000
2026-09-11 21:04:16.577,1789140856,R_10,4838.7660,0.0000,0.000
2026-09-11 21:04:18.654,1789140858,R_10,4838.5750,0.0000,0.000
2026-09-11 21:04:20.573,1789140860,R_10,4838.4550,0.0000,0.000
2026-09-11 21:04:22.620,1789140862,R_10,4838.4450,0.0000,0.000
2026-09-11 21:04:24.481,1789140864,R_10,4838.4130,0.0000,0.000
2026-09-11 21:04:26.609,1789140866,R_10,4838.3190,0.0000,0.000
2026-09-11 21:04:28.552,1789140868,R_10,4838.2770,0.0000,0.000
2026-09-11 21:04:30.598,1789140870,R_10,4838.2520,0.0000,0.000
2026-09-11 21:04:32.552,1789140872,R_10,4838.2840,0.0000,0.000
2026-09-11 21:04:34.591,1789140874,R_10,4838.1550,0.0000,0.000
2026-09-11 21:04:36.648,1789140876,R_10,4838.1950,0.0000,0.000
2026-09-11 21:04:38.688,1789140878,R_10,4838.3490,0.0000,0.000
2026-09-11 21:04:40.625,1789140880,R_10,4838.2780,0.0000,0.000
2026-09-11 21:04:42.578,1789140882,R_10,4838.4250,0.0000,0.000
2026-09-11 21:04:44.518,1789140884,R_10,4838.1720,0.0000,0.000
2026-09-11 21:04:46.581,1789140886,R_10,4838.1660,0.0000,0.000
2026-09-11 21:04:48.629,1789140888,R_10,4838.2770,0.0000,0.000
2026-09-11 21:04:50.574,1789140890,R_10,4838.2670,0.0000,0.000
2026-09-11 21:04:52.623,1789140892,R_10,4838.1600,0.0000,0.000
2026-09-11 21:04:54.560,1789140894,R_10,4838.0860,0.0000,0.000
2026-09-11 21:04:56.508,1789140896,R_10,4837.9610,0.0000,0.000
2026-09-11 21:04:58.556,1789140898,R_10,4837.8930,0.0000,0.000
2026-09-11 21:05:00.498,1789140900,R_10,4837.7320,0.0000,0.000
2026-09-11 21:05:02.658,1789140902,R_10,4837.6220,0.0000,0.000
2026-09-11 21:05:04.501,1789140904,R_10,4837.6010,0.0000,0.000
2026-09-11 21:05:06.542,1789140906,R_10,4837.4000,0.0000,0.000
2026-09-11 21:05:08.685,1789140908,R_10,4837.3110,0.0000,0.000
2026-09-11 21:05:10.625,1789140910,R_10,4837.3470,0.0000,0.000
2026-09-11 21:05:12.582,1789140912,R_10,4837.3480,0.0000,0.000
2026-09-11 21:05:14.535,1789140914,R_10,4837.2870,0.0000,0.000
2026-09-11 21:05:16.576,1789140916,R_10,4837.4010,0.0000,0.000
2026-09-11 21:05:18.529,1789140918,R_10,4837.3280,0.0000,0.000
2026-09-11 21:05:20.545,1789140920,R_10,4837.5400,0.0000,0.000
2026-09-11 21:05:22.524,1789140922,R_10,4837.6630,0.0000,0.000
2026-09-11 21:05:24.562,1789140924,R_10,4837.5440,0.0000,0.000
2026-09-11 21:05:26.788,1789140926,R_10,4837.7450,0.0000,0.000
2026-09-11 21:05:28.761,1789140928,R_10,4837.7190,0.0000,0.000
2026-09-11 21:05:30.606,1789140930,R_10,4837.5210,0.0000,0.000
2026-09-11 21:05:32.558,1789140932,R_10,4837.3660,0.0000,0.000
2026-09-11 21:05:34.505,1789140934,R_10,4837.3100,0.0000,0.000
2026-09-11 21:05:36.551,1789140936,R_10,4837.3430,0.0000,0.000
2026-09-11 21:05:38.694,1789140938,R_10,4837.3280,0.0000,0.000
2026-09-11 21:05:40.630,1789140940,R_10,4837.3650,0.0000,0.000
2026-09-11 21:05:42.589,1789140942,R_10,4837.2510,0.0000,0.000
2026-09-11 21:05:44.540,1789140944,R_10,4837.4470,0.0000,0.000
2026-09-11 21:05:46.509,1789140946,R_10,4837.6020,0.0000,0.000
2026-09-11 21:05:48.629,1789140948,R_10,4837.5720,0.0000,0.000
2026-09-11 21:05:50.582,1789140950,R_10,4837.7800,0.0000,0.000
2026-09-11 21:05:52.526,1789140952,R_10,4837.6070,0.0000,0.000
2026-09-11 21:05:54.566,1789140954,R_10,4837.7340,0.0000,0.000
2026-09-11 21:05:56.515,1789140956,R_10,4837.6760,0.0000,0.000
2026-09-11 21:05:58.662,1789140958,R_10,4837.8870,0.0000,0.000
2026-09-11 21:06:00.616,1789140960,R_10,4838.0470,0.0000,0.000
2026-09-11 21:06:02.563,1789140962,R_10,4837.8390,0.0000,0.000
2026-09-11 21:06:04.490,1789140964,R_10,4837.7700,0.0000,0.000
2026-09-11 21:06:06.655,1789140966,R_10,4837.7020,0.0000,0.000
2026-09-11 21:06:08.689,1789140968,R_10,4837.7720,0.0000,0.000
2026-09-11 21:06:10.633,1789140970,R_10,4837.8280,0.0000,0.000
2026-09-11 21:06:12.690,1789140972,R_10,4837.8640,0.0000,0.000
2026-09-11 21:06:14.544,1789140974,R_10,4837.8070,0.0000,0.000
2026-09-11 21:06:16.693,1789140976,R_10,4837.8180,0.0000,0.000
2026-09-11 21:06:18.537,1789140978,R_10,4838.0350,0.0000,0.000
2026-09-11 21:06:20.588,1789140980,R_10,4838.0680,0.0000,0.000
2026-09-11 21:06:22.633,1789140982,R_10,4838.0860,0.0000,0.000
2026-09-11 21:06:24.979,1789140984,R_10,4838.1400,0.0000,0.000
2026-09-11 21:06:26.515,1789140986,R_10,4838.1720,0.0000,0.000
2026-09-11 21:06:28.563,1789140988,R_10,4838.2220,0.0000,0.000
2026-09-11 21:06:30.615,1789140990,R_10,4838.3320,0.0000,0.000
2026-09-11 21:06:32.526,1789140992,R_10,4838.2770,0.0000,0.000
2026-09-11 21:06:34.613,1789140994,R_10,4838.2940,0.0000,0.000
2026-09-11 21:06:36.560,1789140996,R_10,4838.1460,0.0000,0.000
2026-09-11 21:06:38.685,1789140998,R_10,4837.9800,0.0000,0.000
2026-09-11 21:06:40.621,1789141000,R_10,4837.9550,0.0000,0.000
2026-09-11 21:06:42.561,1789141002,R_10,4837.9940,0.0000,0.000
2026-09-11 21:06:44.547,1789141004,R_10,4838.0910,0.0000,0.000
2026-09-11 21:06:46.483,1789141006,R_10,4838.1160,0.0000,0.000
2026-09-11 21:06:48.642,1789141008,R_10,4838.2200,0.0000,0.000
2026-09-11 21:06:50.589,1789141010,R_10,4838.4160,0.0000,0.000
2026-09-11 21:06:52.534,1789141012,R_10,4838.2740,0.0000,0.000
2026-09-11 21:06:54.849,1789141014,R_10,4838.2220,0.0000,0.000
2026-09-11 21:06:56.793,1789141016,R_10,4838.3180,0.0000,0.000
2026-09-11 21:06:58.566,1789141018,R_10,4838.2090,0.0000,0.000
2026-09-11 21:07:00.521,1789141020,R_10,4838.1610,0.0000,0.000
2026-09-11 21:07:02.516,1789141022,R_10,4838.2290,0.0000,0.000
2026-09-11 21:07:04.611,1789141024,R_10,4838.2430,0.0000,0.000
2026-09-11 21:07:06.478,1789141026,R_10,4838.2550,0.0000,0.000
2026-09-11 21:07:08.696,1789141028,R_10,4838.1270,0.0000,0.000
2026-09-11 21:07:11.021,1789141030,R_10,4837.9860,0.0000,0.000
2026-09-11 21:07:12.573,1789141032,R_10,4838.0390,0.0000,0.000
2026-09-11 21:07:14.549,1789141034,R_10,4838.0560,0.0000,0.000
2026-09-11 21:07:16.494,1789141036,R_10,4838.0210,0.0000,0.000
2026-09-11 21:07:30.524,1789141038,R_10,4837.8900,0.0000,0.000
2026-09-11 21:07:30.543,1789141040,R_10,4837.9320,0.0000,0.000
2026-09-11 21:07:30.557,1789141042,R_10,4837.9610,0.0000,0.000
2026-09-11 21:07:30.570,1789141044,R_10,4837.6830,0.0000,0.000
2026-09-11 21:07:30.583,1789141046,R_10,4837.6110,0.0000,0.000
2026-09-11 21:07:30.594,1789141048,R_10,4837.5650,0.0000,0.000
2026-09-11 21:07:30.605,1789141050,R_10,4837.5630,0.0000,0.000
2026-09-11 21:07:32.470,1789141052,R_10,4837.5920,0.0000,0.000
2026-09-11 21:07:34.722,1789141054,R_10,4837.8260,0.0000,0.000
2026-09-11 21:07:36.565,1789141056,R_10,4837.8170,0.0000,0.000
2026-09-11 21:07:38.685,1789141058,R_10,4837.7840,0.0000,0.000
2026-09-11 21:07:40.624,1789141060,R_10,4837.8910,0.0000,0.000
2026-09-11 21:07:42.566,1789141062,R_10,4837.8770,0.0000,0.000
2026-09-11 21:07:44.546,1789141064,R_10,4837.7710,0.0000,0.000
2026-09-11 21:07:46.489,1789141066,R_10,4837.8180,0.0000,0.000
2026-09-11 21:07:48.540,1789141068,R_10,4837.9640,0.0000,0.000
2026-09-11 21:07:50.485,1789141070,R_10,4837.9240,0.0000,0.000
2026-09-11 21:07:52.479,1789141072,R_10,4837.6110,0.0000,0.000
2026-09-11 21:07:54.582,1789141074,R_10,4837.5560,0.0000,0.000
2026-09-11 21:07:56.527,1789141076,R_10,4837.4370,0.0000,0.000
2026-09-11 21:07:58.576,1789141078,R_10,4837.5770,0.0000,0.000
2026-09-11 21:08:00.522,1789141080,R_10,4837.5390,0.0000,0.000
2026-09-11 21:08:02.979,1789141082,R_10,4837.5550,0.0000,0.000
2026-09-11 21:08:04.595,1789141084,R_10,4837.5090,0.0000,0.000
2026-09-11 21:08:06.467,1789141086,R_10,4837.4210,0.0000,0.000
2026-09-11 21:08:08.688,1789141088,R_10,4837.2320,0.0000,0.000
2026-09-11 21:08:10.629,1789141090,R_10,4837.3570,0.0000,0.000
2026-09-11 21:08:12.569,1789141092,R_10,4837.2440,0.0000,0.000
2026-09-11 21:08:14.652,1789141094,R_10,4837.1540,0.0000,0.000
2026-09-11 21:08:16.496,1789141096,R_10,4837.2610,0.0000,0.000
2026-09-11 21:08:18.654,1789141098,R_10,4837.2650,0.0000,0.000
2026-09-11 21:08:20.599,1789141100,R_10,4837.0930,0.0000,0.000
2026-09-11 21:08:22.645,1789141102,R_10,4836.9030,0.0000,0.000
2026-09-11 21:08:24.583,1789141104,R_10,4836.8630,0.0000,0.000
2026-09-11 21:08:26.529,1789141106,R_10,4836.7130,0.0000,0.000
2026-09-11 21:08:28.474,1789141108,R_10,4836.5500,0.0000,0.000
2026-09-11 21:08:30.524,1789141110,R_10,4836.6690,0.0000,0.000
2026-09-11 21:08:32.572,1789141112,R_10,4836.6480,0.0000,0.000
2026-09-11 21:08:34.628,1789141114,R_10,4836.3970,0.0000,0.000
2026-09-11 21:08:36.573,1789141116,R_10,4836.2720,0.0000,0.000
2026-09-11 21:08:38.685,1789141118,R_10,4836.3590,0.0000,0.000
2026-09-11 21:08:40.625,1789141120,R_10,4836.4270,0.0000,0.000
2026-09-11 21:08:42.607,1789141122,R_10,4836.3180,0.0000,0.000
2026-09-11 21:08:44.561,1789141124,R_10,4836.3940,0.0000,0.000
2026-09-11 21:08:46.506,1789141126,R_10,4836.3000,0.0000,0.000
2026-09-11 21:08:48.554,1789141128,R_10,4836.3690,0.0000,0.000
2026-09-11 21:08:50.525,1789141130,R_10,4836.1870,0.0000,0.000
2026-09-11 21:08:52.651,1789141132,R_10,4835.9600,0.0000,0.000
2026-09-11 21:08:54.853,1789141134,R_10,4836.0970,0.0000,0.000
2026-09-11 21:08:56.793,1789141136,R_10,4836.0450,0.0000,0.000
2026-09-11 21:08:58.589,1789141138,R_10,4836.0170,0.0000,0.000
2026-09-11 21:09:00.636,1789141140,R_10,4836.0680,0.0000,0.000
2026-09-11 21:09:02.583,1789141142,R_10,4836.1320,0.0000,0.000
2026-09-11 21:09:04.632,1789141144,R_10,4836.2330,0.0000,0.000
2026-09-11 21:09:06.575,1789141146,R_10,4836.4760,0.0000,0.000
2026-09-11 21:09:08.680,1789141148,R_10,4836.5410,0.0000,0.000
2026-09-11 21:09:10.621,1789141150,R_10,4836.5960,0.0000,0.000
2026-09-11 21:09:12.609,1789141152,R_10,4836.2330,0.0000,0.000
2026-09-11 21:09:14.554,1789141154,R_10,4836.1480,0.0000,0.000
2026-09-11 21:09:16.509,1789141156,R_10,4836.1370,0.0000,0.000
2026-09-11 21:09:18.558,1789141158,R_10,4836.0990,0.0000,0.000
2026-09-11 21:09:20.708,1789141160,R_10,4835.8030,0.0000,0.000
2026-09-11 21:09:22.644,1789141162,R_10,4835.7170,0.0000,0.000
2026-09-11 21:09:24.590,1789141164,R_10,4835.7590,0.0000,0.000
2026-09-11 21:09:26.539,1789141166,R_10,4835.7320,0.0000,0.000
2026-09-11 21:09:28.592,1789141168,R_10,4835.7690,0.0000,0.000
2026-09-11 21:09:30.539,1789141170,R_10,4835.6270,0.0000,0.000
2026-09-11 21:09:32.607,1789141172,R_10,4835.7110,0.0000,0.000
2026-09-11 21:09:34.531,1789141174,R_10,4835.9720,0.0000,0.000
2026-09-11 21:09:36.580,1789141176,R_10,4836.0390,0.0000,0.000
2026-09-11 21:09:38.822,1789141178,R_10,4836.0020,0.0000,0.000
2026-09-11 21:09:40.634,1789141180,R_10,4835.8560,0.0000,0.000
2026-09-11 21:09:42.612,1789141182,R_10,4835.8430,0.0000,0.000
2026-09-11 21:09:44.566,1789141184,R_10,4836.1130,0.0000,0.000
2026-09-11 21:09:46.503,1789141186,R_10,4835.9750,0.0000,0.000
2026-09-11 21:09:48.662,1789141188,R_10,4836.0150,0.0000,0.000
2026-09-11 21:09:50.512,1789141190,R_10,4836.0570,0.0000,0.000
2026-09-11 21:09:52.657,1789141192,R_10,4835.9480,0.0000,0.000
2026-09-11 21:09:54.490,1789141194,R_10,4835.9650,0.0000,0.000
2026-09-11 21:09:56.539,1789141196,R_10,4835.8320,0.0000,0.000
2026-09-11 21:09:58.596,1789141198,R_10,4836.0390,0.0000,0.000
2026-09-11 21:10:00.542,1789141200,R_10,4835.9500,0.0000,0.000
2026-09-11 21:10:02.479,1789141202,R_10,4836.1050,0.0000,0.000
2026-09-11 21:10:04.537,1789141204,R_10,4836.0240,0.0000,0.000
2026-09-11 21:10:06.584,1789141206,R_10,4835.9990,0.0000,0.000
2026-09-11 21:10:08.827,1789141208,R_10,4836.1040,0.0000,0.000
2026-09-11 21:10:10.621,1789141210,R_10,4836.2190,0.0000,0.000
2026-09-11 21:10:12.566,1789141212,R_10,4836.3230,0.0000,0.000
2026-09-11 21:10:14.562,1789141214,R_10,4836.3860,0.0000,0.000
2026-09-11 21:10:16.507,1789141216,R_10,4836.3830,0.0000,0.000
2026-09-11 21:10:18.554,1789141218,R_10,4836.3020,0.0000,0.000
2026-09-11 21:10:20.605,1789141220,R_10,4836.1910,0.0000,0.000
2026-09-11 21:10:22.550,1789141222,R_10,4836.1740,0.0000,0.000
2026-09-11 21:10:24.599,1789141224,R_10,4836.1490,0.0000,0.000
2026-09-11 21:10:26.554,1789141226,R_10,4836.0750,0.0000,0.000
2026-09-11 21:10:28.592,1789141228,R_10,4836.1480,0.0000,0.000
2026-09-11 21:10:30.639,1789141230,R_10,4835.9950,0.0000,0.000
2026-09-11 21:10:32.584,1789141232,R_10,4835.8690,0.0000,0.000
2026-09-11 21:10:34.533,1789141234,R_10,4835.9490,0.0000,0.000
2026-09-11 21:10:36.579,1789141236,R_10,4835.7890,0.0000,0.000
2026-09-11 21:10:38.680,1789141238,R_10,4835.8130,0.0000,0.000
2026-09-11 21:10:40.625,1789141240,R_10,4835.7920,0.0000,0.000
2026-09-11 21:10:42.565,1789141242,R_10,4835.7770,0.0000,0.000
2026-09-11 21:10:44.564,1789141244,R_10,4835.7260,0.0000,0.000
2026-09-11 21:10:46.616,1789141246,R_10,4835.8680,0.0000,0.000
2026-09-11 21:10:48.768,1789141248,R_10,4835.8720,0.0000,0.000
2026-09-11 21:10:50.616,1789141250,R_10,4835.8590,0.0000,0.000
2026-09-11 21:10:52.562,1789141252,R_10,4836.0000,0.0000,0.000
2026-09-11 21:10:54.476,1789141254,R_10,4836.0680,0.0000,0.000
2026-09-11 21:10:56.546,1789141256,R_10,4836.1820,0.0000,0.000
2026-09-11 21:10:58.596,1789141258,R_10,4836.4070,0.0000,0.000
2026-09-11 21:11:00.548,1789141260,R_10,4836.4390,0.0000,0.000
2026-09-11 21:11:02.597,1789141262,R_10,4836.4800,0.0000,0.000
2026-09-11 21:11:04.543,1789141264,R_10,4836.7210,0.0000,0.000
2026-09-11 21:11:06.591,1789141266,R_10,4836.8010,0.0000,0.000
2026-09-11 21:11:08.688,1789141268,R_10,4836.8500,0.0000,0.000
2026-09-11 21:11:10.650,1789141270,R_10,4836.8320,0.0000,0.000
2026-09-11 21:11:12.569,1789141272,R_10,4836.8140,0.0000,0.000
2026-09-11 21:11:14.571,1789141274,R_10,4836.9170,0.0000,0.000
2026-09-11 21:11:16.626,1789141276,R_10,4836.9180,0.0000,0.000
2026-09-11 21:11:18.570,1789141278,R_10,4836.8120,0.0000,0.000
2026-09-11 21:11:20.620,1789141280,R_10,4836.8070,0.0000,0.000
2026-09-11 21:11:22.558,1789141282,R_10,4836.6570,0.0000,0.000
2026-09-11 21:11:24.500,1789141284,R_10,4836.4680,0.0000,0.000
2026-09-11 21:11:26.552,1789141286,R_10,4836.4900,0.0000,0.000
2026-09-11 21:11:28.495,1789141288,R_10,4836.6330,0.0000,0.000
2026-09-11 21:11:30.646,1789141290,R_10,4836.5570,0.0000,0.000
2026-09-11 21:11:32.599,1789141292,R_10,4836.6000,0.0000,0.000
2026-09-11 21:11:34.537,1789141294,R_10,4836.5920,0.0000,0.000
2026-09-11 21:11:36.593,1789141296,R_10,4836.6760,0.0000,0.000
2026-09-11 21:11:38.688,1789141298,R_10,4836.7230,0.0000,0.000
2026-09-11 21:11:40.633,1789141300,R_10,4836.4620,0.0000,0.000
2026-09-11 21:11:42.573,1789141302,R_10,4836.4730,0.0000,0.000
2026-09-11 21:11:44.647,1789141304,R_10,4836.5030,0.0000,0.000
2026-09-11 21:11:46.528,1789141306,R_10,4836.7500,0.0000,0.000
2026-09-11 21:11:48.509,1789141308,R_10,4836.6810,0.0000,0.000
2026-09-11 21:11:50.624,1789141310,R_10,4836.8120,0.0000,0.000
2026-09-11 21:11:52.672,1789141312,R_10,4836.7490,0.0000,0.000
2026-09-11 21:11:54.506,1789141314,R_10,4836.7820,0.0000,0.000
2026-09-11 21:11:56.555,1789141316,R_10,4836.7960,0.0000,0.000
2026-09-11 21:11:58.610,1789141318,R_10,4836.7300,0.0000,0.000
2026-09-11 21:12:00.561,1789141320,R_10,4836.6890,0.0000,0.000
2026-09-11 21:12:03.012,1789141322,R_10,4836.6270,0.0000,0.000
2026-09-11 21:12:04.466,1789141324,R_10,4836.7550,0.0000,0.000
2026-09-11 21:12:06.589,1789141326,R_10,4836.7480,0.0000,0.000
2026-09-11 21:12:08.685,1789141328,R_10,4836.7900,0.0000,0.000
2026-09-11 21:12:10.629,1789141330,R_10,4836.6190,0.0000,0.000
2026-09-11 21:12:12.569,1789141332,R_10,4836.6210,0.0000,0.000
2026-09-11 21:12:14.585,1789141334,R_10,4836.8430,0.0000,0.000
2026-09-11 21:12:16.535,1789141336,R_10,4836.8360,0.0000,0.000
2026-09-11 21:12:18.569,1789141338,R_10,4837.0040,0.0000,0.000
2026-09-11 21:12:20.730,1789141340,R_10,4837.2030,0.0000,0.000
2026-09-11 21:12:22.572,1789141342,R_10,4837.2430,0.0000,0.000
2026-09-11 21:12:24.568,1789141344,R_10,4837.2080,0.0000,0.000
2026-09-11 21:12:26.557,1789141346,R_10,4837.3110,0.0000,0.000
2026-09-11 21:12:28.614,1789141348,R_10,4837.2040,0.0000,0.000
2026-09-11 21:12:30.497,1789141350,R_10,4837.4290,0.0000,0.000
2026-09-11 21:12:32.608,1789141352,R_10,4837.4870,0.0000,0.000
2026-09-11 21:12:34.544,1789141354,R_10,4837.5620,0.0000,0.000
2026-09-11 21:12:36.601,1789141356,R_10,4837.4990,0.0000,0.000
2026-09-11 21:12:38.685,1789141358,R_10,4837.5070,0.0000,0.000
2026-09-11 21:12:40.636,1789141360,R_10,4837.5910,0.0000,0.000
2026-09-11 21:12:42.577,1789141362,R_10,4837.3500,0.0000,0.000
2026-09-11 21:12:44.588,1789141364,R_10,4837.3960,0.0000,0.000
2026-09-11 21:12:46.636,1789141366,R_10,4837.4290,0.0000,0.000
2026-09-11 21:12:48.582,1789141368,R_10,4837.4710,0.0000,0.000
2026-09-11 21:12:50.558,1789141370,R_10,4837.3850,0.0000,0.000
2026-09-11 21:12:52.567,1789141372,R_10,4837.5420,0.0000,0.000
2026-09-11 21:12:54.511,1789141374,R_10,4837.8060,0.0000,0.000
2026-09-11 21:12:56.797,1789141376,R_10,4837.8320,0.0000,0.000
2026-09-11 21:12:59.430,1789141378,R_10,4837.8500,0.0000,0.000
2026-09-11 21:13:00.664,1789141380,R_10,4837.8470,0.0000,0.000
2026-09-11 21:13:02.611,1789141382,R_10,4837.8510,0.0000,0.000
2026-09-11 21:13:04.556,1789141384,R_10,4837.9930,0.0000,0.000
2026-09-11 21:13:06.708,1789141386,R_10,4837.9830,0.0000,0.000
2026-09-11 21:13:08.688,1789141388,R_10,4837.9520,0.0000,0.000
2026-09-11 21:13:10.629,1789141390,R_10,4838.0500,0.0000,0.000
2026-09-11 21:13:12.568,1789141392,R_10,4837.9230,0.0000,0.000
2026-09-11 21:13:14.593,1789141394,R_10,4838.0160,0.0000,0.000
2026-09-11 21:13:16.537,1789141396,R_10,4837.8950,0.0000,0.000
2026-09-11 21:13:18.589,1789141398,R_10,4837.8070,0.0000,0.000
2026-09-11 21:13:20.531,1789141400,R_10,4837.8380,0.0000,0.000
2026-09-11 21:13:22.579,1789141402,R_10,4837.8700,0.0000,0.000
2026-09-11 21:13:24.618,1789141404,R_10,4837.6510,0.0000,0.000
2026-09-11 21:13:26.563,1789141406,R_10,4837.5600,0.0000,0.000
2026-09-11 21:13:28.620,1789141408,R_10,4837.4690,0.0000,0.000
2026-09-11 21:13:30.669,1789141410,R_10,4837.4070,0.0000,0.000
2026-09-11 21:13:32.607,1789141412,R_10,4837.4280,0.0000,0.000
2026-09-11 21:13:34.555,1789141414,R_10,4837.5790,0.0000,0.000
2026-09-11 21:13:36.505,1789141416,R_10,4837.4570,0.0000,0.000
2026-09-11 21:13:38.685,1789141418,R_10,4837.5030,0.0000,0.000
2026-09-11 21:13:40.629,1789141420,R_10,4837.4920,0.0000,0.000
2026-09-11 21:13:42.641,1789141422,R_10,4837.4910,0.0000,0.000
2026-09-11 21:13:44.594,1789141424,R_10,4837.6550,0.0000,0.000
2026-09-11 21:13:46.540,1789141426,R_10,4837.6440,0.0000,0.000
2026-09-11 21:13:48.500,1789141428,R_10,4837.6780,0.0000,0.000
2026-09-11 21:13:50.737,1789141430,R_10,4837.7150,0.0000,0.000
2026-09-11 21:13:52.576,1789141432,R_10,4837.6210,0.0000,0.000
2026-09-11 21:13:54.519,1789141434,R_10,4837.6740,0.0000,0.000
2026-09-11 21:13:56.567,1789141436,R_10,4837.7860,0.0000,0.000
2026-09-11 21:13:58.502,1789141438,R_10,4837.7000,0.0000,0.000
2026-09-11 21:14:00.673,1789141440,R_10,4837.7050,0.0000,0.000
2026-09-11 21:14:02.617,1789141442,R_10,4837.7600,0.0000,0.000
2026-09-11 21:14:04.567,1789141444,R_10,4837.7500,0.0000,0.000
2026-09-11 21:14:06.505,1789141446,R_10,4837.7120,0.0000,0.000
2026-09-11 21:14:08.685,1789141448,R_10,4837.5140,0.0000,0.000
2026-09-11 21:14:10.625,1789141450,R_10,4837.5610,0.0000,0.000
2026-09-11 21:14:12.644,1789141452,R_10,4837.6260,0.0000,0.000
2026-09-11 21:14:14.589,1789141454,R_10,4837.5620,0.0000,0.000
2026-09-11 21:14:16.580,1789141456,R_10,4837.7310,0.0000,0.000
2026-09-11 21:14:18.594,1789141458,R_10,4837.7550,0.0000,0.000
2026-09-11 21:14:20.640,1789141460,R_10,4837.9910,0.0000,0.000
2026-09-11 21:14:22.585,1789141462,R_10,4837.9430,0.0000,0.000
2026-09-11 21:14:24.499,1789141464,R_10,4837.7870,0.0000,0.000
2026-09-11 21:14:26.570,1789141466,R_10,4837.7120,0.0000,0.000
2026-09-11 21:14:28.525,1789141468,R_10,4837.7340,0.0000,0.000
2026-09-11 21:14:30.573,1789141470,R_10,4837.8120,0.0000,0.000
2026-09-11 21:14:32.525,1789141472,R_10,4837.9460,0.0000,0.000
2026-09-11 21:14:34.567,1789141474,R_10,4837.9190,0.0000,0.000
2026-09-11 21:14:36.616,1789141476,R_10,4837.8380,0.0000,0.000
2026-09-11 21:14:38.689,1789141478,R_10,4837.8780,0.0000,0.000
2026-09-11 21:14:40.629,1789141480,R_10,4837.7520,0.0000,0.000
2026-09-11 21:14:42.573,1789141482,R_10,4837.5580,0.0000,0.000
2026-09-11 21:14:44.604,1789141484,R_10,4837.5270,0.0000,0.000
2026-09-11 21:14:46.649,1789141486,R_10,4837.5310,0.0000,0.000
2026-09-11 21:14:49.825,1789141488,R_10,4837.3900,0.0000,0.000
2026-09-11 21:14:50.541,1789141490,R_10,4837.3100,0.0000,0.000
2026-09-11 21:14:52.590,1789141492,R_10,4837.1890,0.0000,0.000
2026-09-11 21:14:54.527,1789141494,R_10,4837.1720,0.0000,0.000
2026-09-11 21:14:56.575,1789141496,R_10,4837.1010,0.0000,0.000
2026-09-11 21:14:58.623,1789141498,R_10,4837.0480,0.0000,0.000
2026-09-11 21:15:00.567,1789141500,R_10,4837.0570,0.0000,0.000
2026-09-11 21:15:02.624,1789141502,R_10,4837.2130,0.0000,0.000
2026-09-11 21:15:04.571,1789141504,R_10,4837.0810,0.0000,0.000
2026-09-11 21:15:06.619,1789141506,R_10,4837.0820,0.0000,0.000
2026-09-11 21:15:08.761,1789141508,R_10,4836.9830,0.0000,0.000
2026-09-11 21:15:10.633,1789141510,R_10,4837.0470,0.0000,0.000
2026-09-11 21:15:12.573,1789141512,R_10,4836.9060,0.0000,0.000
2026-09-11 21:15:14.511,1789141514,R_10,4836.9900,0.0000,0.000
2026-09-11 21:15:16.541,1789141516,R_10,4836.9690,0.0000,0.000
2026-09-11 21:15:18.600,1789141518,R_10,4837.0110,0.0000,0.000
2026-09-11 21:15:20.648,1789141520,R_10,4837.0400,0.0000,0.000
2026-09-11 21:15:22.471,1789141522,R_10,4837.0280,0.0000,0.000
2026-09-11 21:15:24.528,1789141524,R_10,4837.3160,0.0000,0.000
2026-09-11 21:15:26.557,1789141526,R_10,4837.4400,0.0000,0.000
2026-09-11 21:15:28.523,1789141528,R_10,4837.4900,0.0000,0.000
2026-09-11 21:15:30.574,1789141530,R_10,4837.5680,0.0000,0.000
2026-09-11 21:15:32.620,1789141532,R_10,4837.6010,0.0000,0.000
2026-09-11 21:15:34.575,1789141534,R_10,4837.6410,0.0000,0.000
2026-09-11 21:15:36.620,1789141536,R_10,4837.7250,0.0000,0.000
2026-09-11 21:15:38.688,1789141538,R_10,4837.7640,0.0000,0.000
2026-09-11 21:15:40.474,1789141540,R_10,4837.8440,0.0000,0.000
2026-09-11 21:15:42.569,1789141542,R_10,4837.7400,0.0000,0.000
2026-09-11 21:15:44.507,1789141544,R_10,4837.5830,0.0000,0.000
2026-09-11 21:15:46.551,1789141546,R_10,4837.6970,0.0000,0.000
2026-09-11 21:15:48.815,1789141548,R_10,4837.5020,0.0000,0.000
2026-09-11 21:15:50.548,1789141550,R_10,4837.5790,0.0000,0.000
2026-09-11 21:15:52.594,1789141552,R_10,4837.5670,0.0000,0.000
2026-09-11 21:15:54.563,1789141554,R_10,4837.3980,0.0000,0.000
2026-09-11 21:15:56.479,1789141556,R_10,4837.4510,0.0000,0.000
2026-09-11 21:15:58.536,1789141558,R_10,4837.2350,0.0000,0.000
2026-09-11 21:16:00.475,1789141560,R_10,4837.1760,0.0000,0.000
2026-09-11 21:16:02.529,1789141562,R_10,4837.2160,0.0000,0.000
2026-09-11 21:16:04.577,1789141564,R_10,4837.1880,0.0000,0.000
2026-09-11 21:16:06.624,1789141566,R_10,4837.2600,0.0000,0.000
2026-09-11 21:16:08.689,1789141568,R_10,4837.2980,0.0000,0.000
2026-09-11 21:16:10.822,1789141570,R_10,4837.3940,0.0000,0.000
2026-09-11 21:16:12.568,1789141572,R_10,4837.3940,0.0000,0.000
2026-09-11 21:16:14.607,1789141574,R_10,4837.2240,0.0000,0.000
2026-09-11 21:16:16.548,1789141576,R_10,4837.2200,0.0000,0.000
2026-09-11 21:16:18.600,1789141578,R_10,4837.1080,0.0000,0.000
2026-09-11 21:16:20.544,1789141580,R_10,4837.0200,0.0000,0.000
2026-09-11 21:16:22.624,1789141582,R_10,4836.9080,0.0000,0.000
2026-09-11 21:16:24.534,1789141584,R_10,4836.8660,0.0000,0.000
2026-09-11 21:16:26.504,1789141586,R_10,4837.0090,0.0000,0.000
2026-09-11 21:16:28.635,1789141588,R_10,4837.1040,0.0000,0.000
2026-09-11 21:16:30.580,1789141590,R_10,4837.1120,0.0000,0.000
2026-09-11 21:16:32.524,1789141592,R_10,4837.1670,0.0000,0.000
2026-09-11 21:16:34.776,1789141594,R_10,4837.3080,0.0000,0.000
2026-09-11 21:16:36.516,1789141596,R_10,4837.3040,0.0000,0.000
2026-09-11 21:16:38.685,1789141598,R_10,4837.3190,0.0000,0.000
2026-09-11 21:16:40.625,1789141600,R_10,4837.0660,0.0000,0.000
2026-09-11 21:16:42.564,1789141602,R_10,4836.8840,0.0000,0.000
2026-09-11 21:16:44.504,1789141604,R_10,4836.9080,0.0000,0.000
2026-09-11 21:16:46.484,1789141606,R_10,4836.9360,0.0000,0.000
2026-09-11 21:16:48.502,1789141608,R_10,4837.0230,0.0000,0.000
2026-09-11 21:16:50.549,1789141610,R_10,4836.9600,0.0000,0.000
2026-09-11 21:16:52.494,1789141612,R_10,4836.9620,0.0000,0.000
2026-09-11 21:16:54.540,1789141614,R_10,4836.9790,0.0000,0.000
2026-09-11 21:16:56.588,1789141616,R_10,4837.0580,0.0000,0.000
2026-09-11 21:16:58.506,1789141618,R_10,4837.3080,0.0000,0.000
2026-09-11 21:17:00.587,1789141620,R_10,4837.3410,0.0000,0.000
2026-09-11 21:17:02.631,1789141622,R_10,4837.2770,0.0000,0.000
2026-09-11 21:17:04.576,1789141624,R_10,4837.1950,0.0000,0.000
2026-09-11 21:17:06.548,1789141626,R_10,4837.2200,0.0000,0.000
2026-09-11 21:17:08.681,1789141628,R_10,4837.4200,0.0000,0.000
2026-09-11 21:17:10.621,1789141630,R_10,4837.4560,0.0000,0.000
2026-09-11 21:17:12.562,1789141632,R_10,4837.5770,0.0000,0.000
2026-09-11 21:17:14.612,1789141634,R_10,4837.7390,0.0000,0.000
2026-09-11 21:17:16.556,1789141636,R_10,4837.5610,0.0000,0.000
2026-09-11 21:17:18.605,1789141638,R_10,4837.5210,0.0000,0.000
2026-09-11 21:17:20.551,1789141640,R_10,4837.7420,0.0000,0.000
2026-09-11 21:17:22.597,1789141642,R_10,4837.6680,0.0000,0.000
2026-09-11 21:17:24.542,1789141644,R_10,4837.6250,0.0000,0.000
2026-09-11 21:17:26.491,1789141646,R_10,4837.6260,0.0000,0.000
2026-09-11 21:17:28.536,1789141648,R_10,4837.6420,0.0000,0.000
2026-09-11 21:17:30.588,1789141650,R_10,4837.7590,0.0000,0.000
2026-09-11 21:17:32.531,1789141652,R_10,4837.8900,0.0000,0.000
2026-09-11 21:17:34.683,1789141654,R_10,4837.8000,0.0000,0.000
2026-09-11 21:17:36.525,1789141656,R_10,4837.6670,0.0000,0.000
2026-09-11 21:17:38.697,1789141658,R_10,4837.6950,0.0000,0.000
2026-09-11 21:17:40.642,1789141660,R_10,4837.7980,0.0000,0.000
2026-09-11 21:17:42.584,1789141662,R_10,4837.7250,0.0000,0.000
2026-09-11 21:17:44.616,1789141664,R_10,4837.7150,0.0000,0.000
2026-09-11 21:17:46.568,1789141666,R_10,4837.7580,0.0000,0.000
2026-09-11 21:17:48.609,1789141668,R_10,4837.7530,0.0000,0.000
2026-09-11 21:17:50.656,1789141670,R_10,4837.5740,0.0000,0.000
2026-09-11 21:17:52.505,1789141672,R_10,4837.4180,0.0000,0.000
2026-09-11 21:17:54.504,1789141674,R_10,4837.3600,0.0000,0.000
2026-09-11 21:17:56.799,1789141676,R_10,4837.3170,0.0000,0.000
2026-09-11 21:17:58.540,1789141678,R_10,4837.3810,0.0000,0.000
2026-09-11 21:18:00.793,1789141680,R_10,4837.3340,0.0000,0.000
2026-09-11 21:18:02.552,1789141682,R_10,4837.3060,0.0000,0.000
2026-09-11 21:18:04.481,1789141684,R_10,4837.3390,0.0000,0.000
2026-09-11 21:18:06.529,1789141686,R_10,4837.4950,0.0000,0.000
2026-09-11 21:18:08.688,1789141688,R_10,4837.3210,0.0000,0.000
2026-09-11 21:18:10.722,1789141690,R_10,4837.4920,0.0000,0.000
2026-09-11 21:18:12.571,1789141692,R_10,4837.6570,0.0000,0.000
2026-09-11 21:18:14.626,1789141694,R_10,4837.8230,0.0000,0.000
2026-09-11 21:18:16.546,1789141696,R_10,4837.9460,0.0000,0.000
2026-09-11 21:18:18.516,1789141698,R_10,4838.0080,0.0000,0.000
2026-09-11 21:18:20.565,1789141700,R_10,4838.2040,0.0000,0.000
2026-09-11 21:18:22.511,1789141702,R_10,4838.3540,0.0000,0.000
2026-09-11 21:18:24.515,1789141704,R_10,4838.4090,0.0000,0.000
2026-09-11 21:18:26.785,1789141706,R_10,4838.2110,0.0000,0.000
2026-09-11 21:18:28.655,1789141708,R_10,4838.2080,0.0000,0.000
2026-09-11 21:18:30.590,1789141710,R_10,4838.0720,0.0000,0.000
2026-09-11 21:18:32.546,1789141712,R_10,4838.0600,0.0000,0.000
2026-09-11 21:18:34.584,1789141714,R_10,4838.0770,0.0000,0.000
2026-09-11 21:18:36.642,1789141716,R_10,4838.4320,0.0000,0.000
2026-09-11 21:18:38.681,1789141718,R_10,4838.5930,0.0000,0.000
2026-09-11 21:18:40.626,1789141720,R_10,4838.4200,0.0000,0.000
2026-09-11 21:18:43.034,1789141722,R_10,4838.3850,0.0000,0.000
2026-09-11 21:18:44.629,1789141724,R_10,4838.3360,0.0000,0.000
2026-09-11 21:18:46.678,1789141726,R_10,4838.3160,0.0000,0.000
2026-09-11 21:18:48.622,1789141728,R_10,4838.1560,0.0000,0.000
2026-09-11 21:18:50.567,1789141730,R_10,4838.2250,0.0000,0.000
2026-09-11 21:18:52.719,1789141732,R_10,4838.1390,0.0000,0.000
2026-09-11 21:18:54.554,1789141734,R_10,4838.1460,0.0000,0.000
2026-09-11 21:18:56.558,1789141736,R_10,4838.2140,0.0000,0.000
2026-09-11 21:18:58.651,1789141738,R_10,4838.0930,0.0000,0.000
2026-09-11 21:19:00.605,1789141740,R_10,4837.7490,0.0000,0.000
2026-09-11 21:19:02.550,1789141742,R_10,4837.8270,0.0000,0.000
2026-09-11 21:19:04.597,1789141744,R_10,4837.7550,0.0000,0.000
2026-09-11 21:19:06.534,1789141746,R_10,4837.8030,0.0000,0.000
2026-09-11 21:19:08.688,1789141748,R_10,4837.8920,0.0000,0.000
2026-09-11 21:19:10.629,1789141750,R_10,4837.6230,0.0000,0.000
2026-09-11 21:19:12.677,1789141752,R_10,4837.4030,0.0000,0.000
2026-09-11 21:19:14.529,1789141754,R_10,4837.4010,0.0000,0.000
2026-09-11 21:19:16.568,1789141756,R_10,4837.5320,0.0000,0.000
2026-09-11 21:19:18.627,1789141758,R_10,4837.3620,0.0000,0.000
2026-09-11 21:19:20.573,1789141760,R_10,4837.6390,0.0000,0.000
2026-09-11 21:19:22.509,1789141762,R_10,4837.8700,0.0000,0.000
2026-09-11 21:19:24.556,1789141764,R_10,4837.7570,0.0000,0.000
2026-09-11 21:19:27.629,1789141766,R_10,4837.5740,0.0000,0.000
2026-09-11 21:19:28.652,1789141768,R_10,4837.6890,0.0000,0.000
2026-09-11 21:19:31.221,1789141770,R_10,4837.4300,0.0000,0.000
2026-09-11 21:19:32.655,1789141772,R_10,4837.3330,0.0000,0.000
2026-09-11 21:19:34.702,1789141774,R_10,4837.3270,0.0000,0.000
2026-09-11 21:19:36.639,1789141776,R_10,4837.3110,0.0000,0.000
2026-09-11 21:19:38.688,1789141778,R_10,4837.4750,0.0000,0.000
2026-09-11 21:19:40.634,1789141780,R_10,4837.3850,0.0000,0.000
2026-09-11 21:19:42.578,1789141782,R_10,4837.5440,0.0000,0.000
2026-09-11 21:19:44.638,1789141784,R_10,4837.4780,0.0000,0.000
2026-09-11 21:19:46.583,1789141786,R_10,4837.2930,0.0000,0.000
2026-09-11 21:19:48.519,1789141788,R_10,4837.1870,0.0000,0.000
2026-09-11 21:19:50.567,1789141790,R_10,4837.2560,0.0000,0.000
2026-09-11 21:19:52.624,1789141792,R_10,4837.2330,0.0000,0.000
2026-09-11 21:19:54.559,1789141794,R_10,4837.3040,0.0000,0.000
2026-09-11 21:19:56.785,1789141796,R_10,4837.0460,0.0000,0.000
2026-09-11 21:19:58.553,1789141798,R_10,4836.9850,0.0000,0.000
2026-09-11 21:20:00.611,1789141800,R_10,4836.9750,0.0000,0.000
2026-09-11 21:20:02.658,1789141802,R_10,4836.6390,0.0000,0.000
2026-09-11 21:20:04.807,1789141804,R_10,4836.5390,0.0000,0.000
2026-09-11 21:20:06.653,1789141806,R_10,4836.6260,0.0000,0.000
2026-09-11 21:20:08.691,1789141808,R_10,4836.6010,0.0000,0.000
2026-09-11 21:20:10.636,1789141810,R_10,4836.4750,0.0000,0.000
2026-09-11 21:20:12.685,1789141812,R_10,4836.3890,0.0000,0.000
2026-09-11 21:20:14.537,1789141814,R_10,4836.2620,0.0000,0.000
2026-09-11 21:20:16.589,1789141816,R_10,4836.3190,0.0000,0.000
2026-09-11 21:20:18.531,1789141818,R_10,4836.3120,0.0000,0.000
2026-09-11 21:20:20.475,1789141820,R_10,4836.1100,0.0000,0.000
2026-09-11 21:20:22.617,1789141822,R_10,4835.9800,0.0000,0.000
2026-09-11 21:20:24.563,1789141824,R_10,4836.0480,0.0000,0.000
2026-09-11 21:20:26.792,1789141826,R_10,4835.9880,0.0000,0.000
2026-09-11 21:20:28.567,1789141828,R_10,4836.1380,0.0000,0.000
2026-09-11 21:20:30.615,1789141830,R_10,4836.1120,0.0000,0.000
2026-09-11 21:20:32.562,1789141832,R_10,4836.1940,0.0000,0.000
2026-09-11 21:20:34.606,1789141834,R_10,4836.0810,0.0000,0.000
2026-09-11 21:20:36.861,1789141836,R_10,4836.1190,0.0000,0.000
2026-09-11 21:20:38.685,1789141838,R_10,4836.0310,0.0000,0.000
2026-09-11 21:20:40.625,1789141840,R_10,4836.1310,0.0000,0.000
2026-09-11 21:20:42.586,1789141842,R_10,4836.1950,0.0000,0.000
2026-09-11 21:20:44.542,1789141844,R_10,4836.1710,0.0000,0.000
2026-09-11 21:20:46.535,1789141846,R_10,4836.0090,0.0000,0.000
2026-09-11 21:20:48.632,1789141848,R_10,4835.9490,0.0000,0.000
2026-09-11 21:20:50.474,1789141850,R_10,4835.9160,0.0000,0.000
2026-09-11 21:20:52.631,1789141852,R_10,4835.8690,0.0000,0.000
2026-09-11 21:20:54.567,1789141854,R_10,4835.9930,0.0000,0.000
2026-09-11 21:20:56.511,1789141856,R_10,4835.7830,0.0000,0.000
2026-09-11 21:20:58.559,1789141858,R_10,4836.0070,0.0000,0.000
2026-09-11 21:21:00.609,1789141860,R_10,4835.9160,0.0000,0.000
2026-09-11 21:21:02.666,1789141862,R_10,4836.1020,0.0000,0.000
2026-09-11 21:21:04.612,1789141864,R_10,4836.2450,0.0000,0.000
2026-09-11 21:21:06.556,1789141866,R_10,4836.2880,0.0000,0.000
2026-09-11 21:21:08.695,1789141868,R_10,4836.2690,0.0000,0.000
2026-09-11 21:21:10.633,1789141870,R_10,4836.3380,0.0000,0.000
2026-09-11 21:21:12.581,1789141872,R_10,4836.3340,0.0000,0.000
2026-09-11 21:21:14.544,1789141874,R_10,4836.3080,0.0000,0.000
2026-09-11 21:21:16.594,1789141876,R_10,4836.5320,0.0000,0.000
2026-09-11 21:21:18.505,1789141878,R_10,4836.4640,0.0000,0.000
2026-09-11 21:21:20.587,1789141880,R_10,4836.4680,0.0000,0.000
2026-09-11 21:21:22.626,1789141882,R_10,4836.6000,0.0000,0.000
2026-09-11 21:21:24.572,1789141884,R_10,4836.3850,0.0000,0.000
2026-09-11 21:21:26.516,1789141886,R_10,4836.3750,0.0000,0.000
2026-09-11 21:21:28.675,1789141888,R_10,4836.5330,0.0000,0.000
2026-09-11 21:21:30.621,1789141890,R_10,4836.4860,0.0000,0.000
2026-09-11 21:21:32.566,1789141892,R_10,4836.2870,0.0000,0.000
2026-09-11 21:21:34.614,1789141894,R_10,4836.3410,0.0000,0.000
2026-09-11 21:21:36.559,1789141896,R_10,4836.3380,0.0000,0.000
2026-09-11 21:21:38.688,1789141898,R_10,4836.3420,0.0000,0.000
2026-09-11 21:21:40.628,1789141900,R_10,4836.6000,0.0000,0.000
2026-09-11 21:21:42.594,1789141902,R_10,4836.5550,0.0000,0.000
2026-09-11 21:21:44.651,1789141904,R_10,4836.5110,0.0000,0.000
2026-09-11 21:21:46.597,1789141906,R_10,4836.5290,0.0000,0.000
2026-09-11 21:21:48.532,1789141908,R_10,4836.3280,0.0000,0.000
2026-09-11 21:21:50.589,1789141910,R_10,4836.4270,0.0000,0.000
2026-09-11 21:21:52.638,1789141912,R_10,4836.4780,0.0000,0.000
2026-09-11 21:21:54.880,1789141914,R_10,4836.5290,0.0000,0.000
2026-09-11 21:21:56.788,1789141916,R_10,4836.6120,0.0000,0.000
2026-09-11 21:21:58.567,1789141918,R_10,4836.5400,0.0000,0.000
2026-09-11 21:22:00.513,1789141920,R_10,4836.5070,0.0000,0.000
2026-09-11 21:22:02.570,1789141922,R_10,4836.7230,0.0000,0.000
2026-09-11 21:22:04.506,1789141924,R_10,4836.8030,0.0000,0.000
2026-09-11 21:22:06.564,1789141926,R_10,4836.7580,0.0000,0.000
2026-09-11 21:22:08.689,1789141928,R_10,4836.9520,0.0000,0.000
2026-09-11 21:22:10.629,1789141930,R_10,4837.0800,0.0000,0.000
2026-09-11 21:22:12.573,1789141932,R_10,4836.9180,0.0000,0.000
2026-09-11 21:22:14.552,1789141934,R_10,4837.0220,0.0000,0.000
2026-09-11 21:22:16.596,1789141936,R_10,4837.0560,0.0000,0.000
2026-09-11 21:22:18.478,1789141938,R_10,4837.1440,0.0000,0.000
2026-09-11 21:22:20.586,1789141940,R_10,4837.1070,0.0000,0.000
2026-09-11 21:22:22.499,1789141942,R_10,4836.8800,0.0000,0.000
2026-09-11 21:22:24.477,1789141944,R_10,4836.7360,0.0000,0.000
2026-09-11 21:22:26.522,1789141946,R_10,4836.7370,0.0000,0.000
2026-09-11 21:22:28.572,1789141948,R_10,4836.7730,0.0000,0.000
2026-09-11 21:22:30.524,1789141950,R_10,4836.7890,0.0000,0.000
2026-09-11 21:22:32.545,1789141952,R_10,4836.8660,0.0000,0.000
2026-09-11 21:22:34.517,1789141954,R_10,4837.0150,0.0000,0.000
2026-09-11 21:22:36.567,1789141956,R_10,4837.2030,0.0000,0.000
2026-09-11 21:22:38.689,1789141958,R_10,4837.2700,0.0000,0.000
2026-09-11 21:22:40.632,1789141960,R_10,4837.0720,0.0000,0.000
2026-09-11 21:22:42.572,1789141962,R_10,4837.2480,0.0000,0.000
2026-09-11 21:22:44.546,1789141964,R_10,4837.2230,0.0000,0.000
2026-09-11 21:22:46.488,1789141966,R_10,4837.3360,0.0000,0.000
2026-09-11 21:22:48.548,1789141968,R_10,4837.3340,0.0000,0.000
2026-09-11 21:22:50.484,1789141970,R_10,4837.1370,0.0000,0.000
2026-09-11 21:22:52.507,1789141972,R_10,4837.0750,0.0000,0.000
2026-09-11 21:22:54.580,1789141974,R_10,4837.1290,0.0000,0.000
2026-09-11 21:22:56.503,1789141976,R_10,4836.9250,0.0000,0.000
2026-09-11 21:22:58.472,1789141978,R_10,4836.9710,0.0000,0.000
2026-09-11 21:23:00.530,1789141980,R_10,4836.8630,0.0000,0.000
2026-09-11 21:23:02.578,1789141982,R_10,4836.9800,0.0000,0.000
2026-09-11 21:23:04.523,1789141984,R_10,4836.8940,0.0000,0.000
2026-09-11 21:23:06.570,1789141986,R_10,4837.0350,0.0000,0.000
2026-09-11 21:23:08.689,1789141988,R_10,4837.0140,0.0000,0.000
2026-09-11 21:23:10.629,1789141990,R_10,4837.1680,0.0000,0.000
2026-09-11 21:23:12.574,1789141992,R_10,4837.2070,0.0000,0.000
2026-09-11 21:23:14.557,1789141994,R_10,4837.1560,0.0000,0.000
2026-09-11 21:23:16.494,1789141996,R_10,4837.1410,0.0000,0.000
2026-09-11 21:23:18.553,1789141998,R_10,4837.1760,0.0000,0.000
2026-09-11 21:23:20.599,1789142000,R_10,4837.1880,0.0000,0.000
2026-09-11 21:23:22.545,1789142002,R_10,4837.3420,0.0000,0.000
2026-09-11 21:23:24.583,1789142004,R_10,4837.4190,0.0000,0.000
2026-09-11 21:23:26.532,1789142006,R_10,4837.4520,0.0000,0.000
2026-09-11 21:23:28.586,1789142008,R_10,4837.4170,0.0000,0.000
2026-09-11 21:23:30.534,1789142010,R_10,4837.3880,0.0000,0.000
2026-09-11 21:23:32.574,1789142012,R_10,4837.3150,0.0000,0.000
2026-09-11 21:23:34.530,1789142014,R_10,4837.2530,0.0000,0.000
2026-09-11 21:23:36.462,1789142016,R_10,4837.4970,0.0000,0.000
2026-09-11 21:23:38.454,1789142018,R_10,4837.4520,0.0000,0.000
2026-09-11 21:23:40.625,1789142020,R_10,4837.4590,0.0000,0.000
2026-09-11 21:23:42.565,1789142022,R_10,4837.3060,0.0000,0.000
2026-09-11 21:23:44.553,1789142024,R_10,4837.4490,0.0000,0.000
2026-09-11 21:23:46.506,1789142026,R_10,4837.3690,0.0000,0.000
2026-09-11 21:23:48.556,1789142028,R_10,4837.4260,0.0000,0.000
2026-09-11 21:23:50.499,1789142030,R_10,4837.6590,0.0000,0.000
2026-09-11 21:23:52.548,1789142032,R_10,4837.6000,0.0000,0.000
2026-09-11 21:23:54.848,1789142034,R_10,4837.5780,0.0000,0.000
2026-09-11 21:23:56.489,1789142036,R_10,4837.6650,0.0000,0.000
2026-09-11 21:23:58.589,1789142038,R_10,4837.4070,0.0000,0.000
2026-09-11 21:24:00.526,1789142040,R_10,4837.5960,0.0000,0.000
2026-09-11 21:24:02.576,1789142042,R_10,4837.5950,0.0000,0.000
2026-09-11 21:24:04.519,1789142044,R_10,4837.6040,0.0000,0.000
2026-09-11 21:24:06.567,1789142046,R_10,4837.5990,0.0000,0.000
2026-09-11 21:24:08.689,1789142048,R_10,4837.5890,0.0000,0.000
2026-09-11 21:24:10.628,1789142050,R_10,4837.7080,0.0000,0.000
2026-09-11 21:24:12.607,1789142052,R_10,4837.7370,0.0000,0.000
2026-09-11 21:24:14.766,1789142054,R_10,4837.7860,0.0000,0.000
2026-09-11 21:24:16.613,1789142056,R_10,4837.9590,0.0000,0.000
2026-09-11 21:24:18.561,1789142058,R_10,4837.9760,0.0000,0.000
2026-09-11 21:24:20.604,1789142060,R_10,4837.9000,0.0000,0.000
2026-09-11 21:24:22.653,1789142062,R_10,4837.9280,0.0000,0.000
2026-09-11 21:24:24.591,1789142064,R_10,4837.8640,0.0000,0.000
2026-09-11 21:24:26.537,1789142066,R_10,4837.6550,0.0000,0.000
2026-09-11 21:24:28.592,1789142068,R_10,4837.5970,0.0000,0.000
2026-09-11 21:24:30.556,1789142070,R_10,4837.6270,0.0000,0.000
2026-09-11 21:24:32.586,1789142072,R_10,4837.4560,0.0000,0.000
2026-09-11 21:24:34.530,1789142074,R_10,4837.5960,0.0000,0.000
2026-09-11 21:24:36.570,1789142076,R_10,4837.5160,0.0000,0.000
2026-09-11 21:24:38.681,1789142078,R_10,4837.5760,0.0000,0.000
2026-09-11 21:24:40.624,1789142080,R_10,4837.4610,0.0000,0.000
2026-09-11 21:24:42.612,1789142082,R_10,4837.2870,0.0000,0.000
2026-09-11 21:24:44.566,1789142084,R_10,4837.0860,0.0000,0.000
2026-09-11 21:24:46.512,1789142086,R_10,4836.9990,0.0000,0.000
2026-09-11 21:24:48.663,1789142088,R_10,4837.0420,0.0000,0.000
2026-09-11 21:24:50.506,1789142090,R_10,4836.9630,0.0000,0.000
2026-09-11 21:24:52.549,1789142092,R_10,4836.9330,0.0000,0.000
2026-09-11 21:24:54.594,1789142094,R_10,4836.8360,0.0000,0.000
2026-09-11 21:24:56.537,1789142096,R_10,4836.6880,0.0000,0.000
2026-09-11 21:24:58.596,1789142098,R_10,4836.4930,0.0000,0.000
2026-09-11 21:25:00.540,1789142100,R_10,4836.5240,0.0000,0.000
2026-09-11 21:25:02.793,1789142102,R_10,4836.6240,0.0000,0.000
2026-09-11 21:25:04.525,1789142104,R_10,4836.5740,0.0000,0.000
2026-09-11 21:25:06.991,1789142106,R_10,4836.4210,0.0000,0.000
2026-09-11 21:25:08.688,1789142108,R_10,4836.4120,0.0000,0.000
2026-09-11 21:25:10.633,1789142110,R_10,4836.2940,0.0000,0.000
2026-09-11 21:25:12.614,1789142112,R_10,4836.4050,0.0000,0.000
2026-09-11 21:25:14.570,1789142114,R_10,4836.3960,0.0000,0.000
2026-09-11 21:25:16.516,1789142116,R_10,4836.6410,0.0000,0.000
2026-09-11 21:25:18.758,1789142118,R_10,4836.6320,0.0000,0.000
2026-09-11 21:25:20.611,1789142120,R_10,4836.7690,0.0000,0.000
2026-09-11 21:25:22.559,1789142122,R_10,4836.8430,0.0000,0.000
2026-09-11 21:25:24.503,1789142124,R_10,4836.7330,0.0000,0.000
2026-09-11 21:25:26.540,1789142126,R_10,4836.8120,0.0000,0.000
2026-09-11 21:25:28.596,1789142128,R_10,4836.5750,0.0000,0.000
2026-09-11 21:25:30.534,1789142130,R_10,4836.3020,0.0000,0.000
2026-09-11 21:25:32.694,1789142132,R_10,4836.3390,0.0000,0.000
2026-09-11 21:25:34.639,1789142134,R_10,4836.4770,0.0000,0.000
2026-09-11 21:25:36.575,1789142136,R_10,4836.3490,0.0000,0.000
2026-09-11 21:25:38.681,1789142138,R_10,4836.3620,0.0000,0.000
2026-09-11 21:25:40.670,1789142140,R_10,4836.1910,0.0000,0.000
2026-09-11 21:25:42.616,1789142142,R_10,4836.1920,0.0000,0.000
2026-09-11 21:25:44.572,1789142144,R_10,4836.1170,0.0000,0.000
2026-09-11 21:25:46.517,1789142146,R_10,4836.2750,0.0000,0.000
2026-09-11 21:25:48.570,1789142148,R_10,4836.2220,0.0000,0.000
2026-09-11 21:25:50.499,1789142150,R_10,4836.2030,0.0000,0.000
2026-09-11 21:25:52.652,1789142152,R_10,4836.2390,0.0000,0.000
2026-09-11 21:25:54.599,1789142154,R_10,4836.1920,0.0000,0.000
2026-09-11 21:25:56.546,1789142156,R_10,4836.2130,0.0000,0.000
2026-09-11 21:25:58.592,1789142158,R_10,4836.1620,0.0000,0.000
2026-09-11 21:26:00.674,1789142160,R_10,4836.2700,0.0000,0.000
2026-09-11 21:26:02.712,1789142162,R_10,4836.2400,0.0000,0.000
2026-09-11 21:26:04.642,1789142164,R_10,4836.1340,0.0000,0.000
2026-09-11 21:26:06.588,1789142166,R_10,4836.1590,0.0000,0.000
2026-09-11 21:26:08.682,1789142168,R_10,4836.2720,0.0000,0.000
2026-09-11 21:26:10.624,1789142170,R_10,4836.3970,0.0000,0.000
2026-09-11 21:26:12.624,1789142172,R_10,4836.4650,0.0000,0.000
2026-09-11 21:26:14.569,1789142174,R_10,4836.5310,0.0000,0.000
2026-09-11 21:26:16.714,1789142176,R_10,4836.4330,0.0000,0.000
2026-09-11 21:26:18.560,1789142178,R_10,4836.3020,0.0000,0.000
2026-09-11 21:26:20.610,1789142180,R_10,4836.3420,0.0000,0.000
2026-09-11 21:26:22.654,1789142182,R_10,4836.4360,0.0000,0.000
2026-09-11 21:26:24.601,1789142184,R_10,4836.4520,0.0000,0.000
2026-09-11 21:26:26.547,1789142186,R_10,4836.4550,0.0000,0.000
2026-09-11 21:26:28.594,1789142188,R_10,4836.4890,0.0000,0.000
2026-09-11 21:26:30.745,1789142190,R_10,4836.4510,0.0000,0.000
2026-09-11 21:26:32.589,1789142192,R_10,4836.5230,0.0000,0.000
2026-09-11 21:26:34.543,1789142194,R_10,4836.5390,0.0000,0.000
2026-09-11 21:26:36.582,1789142196,R_10,4836.4890,0.0000,0.000
2026-09-11 21:26:38.681,1789142198,R_10,4836.7290,0.0000,0.000
2026-09-11 21:26:40.625,1789142200,R_10,4836.7290,0.0000,0.000
2026-09-11 21:26:43.034,1789142202,R_10,4836.9140,0.0000,0.000
2026-09-11 21:26:44.574,1789142204,R_10,4836.8570,0.0000,0.000
2026-09-11 21:26:46.516,1789142206,R_10,4836.9070,0.0000,0.000
2026-09-11 21:26:48.565,1789142208,R_10,4837.0550,0.0000,0.000
2026-09-11 21:26:50.594,1789142210,R_10,4836.9700,0.0000,0.000
2026-09-11 21:26:52.668,1789142212,R_10,4836.9540,0.0000,0.000
2026-09-11 21:26:54.603,1789142214,R_10,4836.8240,0.0000,0.000
2026-09-11 21:26:56.549,1789142216,R_10,4836.7150,0.0000,0.000
2026-09-11 21:26:58.537,1789142218,R_10,4836.7180,0.0000,0.000
2026-09-11 21:27:00.554,1789142220,R_10,4836.7900,0.0000,0.000
2026-09-11 21:27:02.590,1789142222,R_10,4836.9620,0.0000,0.000
2026-09-11 21:27:04.751,1789142224,R_10,4836.8510,0.0000,0.000
2026-09-11 21:27:06.594,1789142226,R_10,4836.9440,0.0000,0.000
2026-09-11 21:27:08.681,1789142228,R_10,4836.8660,0.0000,0.000
2026-09-11 21:27:10.620,1789142230,R_10,4836.9710,0.0000,0.000
2026-09-11 21:27:13.010,1789142232,R_10,4836.7370,0.0000,0.000
2026-09-11 21:27:14.582,1789142234,R_10,4836.6980,0.0000,0.000
2026-09-11 21:27:16.527,1789142236,R_10,4836.8400,0.0000,0.000
2026-09-11 21:27:18.575,1789142238,R_10,4836.9560,0.0000,0.000
2026-09-11 21:27:20.623,1789142240,R_10,4837.1290,0.0000,0.000
2026-09-11 21:27:22.567,1789142242,R_10,4837.2290,0.0000,0.000
2026-09-11 21:27:24.607,1789142244,R_10,4837.0930,0.0000,0.000
2026-09-11 21:27:26.560,1789142246,R_10,4837.1090,0.0000,0.000
2026-09-11 21:27:28.611,1789142248,R_10,4837.3310,0.0000,0.000
2026-09-11 21:27:30.501,1789142250,R_10,4837.3350,0.0000,0.000
2026-09-11 21:27:32.601,1789142252,R_10,4837.4210,0.0000,0.000
2026-09-11 21:27:34.651,1789142254,R_10,4837.3270,0.0000,0.000
2026-09-11 21:27:36.587,1789142256,R_10,4837.4650,0.0000,0.000
2026-09-11 21:27:38.684,1789142258,R_10,4837.5180,0.0000,0.000
2026-09-11 21:27:40.629,1789142260,R_10,4837.3250,0.0000,0.000
2026-09-11 21:27:42.628,1789142262,R_10,4837.3130,0.0000,0.000
2026-09-11 21:27:44.784,1789142264,R_10,4837.4680,0.0000,0.000
2026-09-11 21:27:46.520,1789142266,R_10,4837.2790,0.0000,0.000
2026-09-11 21:27:48.571,1789142268,R_10,4837.3470,0.0000,0.000
2026-09-11 21:27:50.523,1789142270,R_10,4837.2570,0.0000,0.000
2026-09-11 21:27:52.563,1789142272,R_10,4837.4940,0.0000,0.000
2026-09-11 21:27:54.609,1789142274,R_10,4837.6550,0.0000,0.000
2026-09-11 21:27:56.554,1789142276,R_10,4837.7360,0.0000,0.000
2026-09-11 21:27:58.602,1789142278,R_10,4837.6930,0.0000,0.000
2026-09-11 21:28:00.558,1789142280,R_10,4837.6650,0.0000,0.000
2026-09-11 21:28:02.534,1789142282,R_10,4837.4070,0.0000,0.000
2026-09-11 21:28:04.462,1789142284,R_10,4837.3470,0.0000,0.000
2026-09-11 21:28:06.601,1789142286,R_10,4837.3450,0.0000,0.000
2026-09-11 21:28:08.685,1789142288,R_10,4837.3160,0.0000,0.000
2026-09-11 21:28:10.625,1789142290,R_10,4837.5020,0.0000,0.000
2026-09-11 21:28:12.569,1789142292,R_10,4837.6720,0.0000,0.000
2026-09-11 21:28:14.586,1789142294,R_10,4837.7970,0.0000,0.000
2026-09-11 21:28:16.532,1789142296,R_10,4837.6980,0.0000,0.000
2026-09-11 21:28:18.581,1789142298,R_10,4837.8560,0.0000,0.000
2026-09-11 21:28:20.628,1789142300,R_10,4837.9570,0.0000,0.000
2026-09-11 21:28:22.573,1789142302,R_10,4838.0610,0.0000,0.000
2026-09-11 21:28:24.848,1789142304,R_10,4838.0160,0.0000,0.000
2026-09-11 21:28:26.556,1789142306,R_10,4837.9650,0.0000,0.000
2026-09-11 21:28:28.507,1789142308,R_10,4837.7930,0.0000,0.000
2026-09-11 21:28:30.560,1789142310,R_10,4837.7820,0.0000,0.000
2026-09-11 21:28:32.497,1789142312,R_10,4837.7680,0.0000,0.000
2026-09-11 21:28:34.555,1789142314,R_10,4837.7620,0.0000,0.000
2026-09-11 21:28:36.606,1789142316,R_10,4837.8290,0.0000,0.000
2026-09-11 21:28:38.685,1789142318,R_10,4837.8870,0.0000,0.000
2026-09-11 21:28:40.625,1789142320,R_10,4837.8830,0.0000,0.000
2026-09-11 21:28:42.634,1789142322,R_10,4837.8940,0.0000,0.000
2026-09-11 21:28:44.590,1789142324,R_10,4837.7520,0.0000,0.000
2026-09-11 21:28:46.638,1789142326,R_10,4837.5930,0.0000,0.000
2026-09-11 21:28:48.577,1789142328,R_10,4837.6390,0.0000,0.000
2026-09-11 21:28:50.631,1789142330,R_10,4837.6080,0.0000,0.000
2026-09-11 21:28:52.567,1789142332,R_10,4837.5780,0.0000,0.000
2026-09-11 21:28:54.614,1789142334,R_10,4837.5070,0.0000,0.000
2026-09-11 21:28:56.562,1789142336,R_10,4837.5280,0.0000,0.000
2026-09-11 21:28:58.520,1789142338,R_10,4837.3680,0.0000,0.000
2026-09-11 21:29:00.564,1789142340,R_10,4837.3090,0.0000,0.000
2026-09-11 21:29:02.611,1789142342,R_10,4837.5900,0.0000,0.000
2026-09-11 21:29:04.549,1789142344,R_10,4837.6400,0.0000,0.000
2026-09-11 21:29:06.503,1789142346,R_10,4837.7330,0.0000,0.000
2026-09-11 21:29:08.680,1789142348,R_10,4837.7350,0.0000,0.000
2026-09-11 21:29:10.621,1789142350,R_10,4837.5460,0.0000,0.000
2026-09-11 21:29:12.572,1789142352,R_10,4837.4750,0.0000,0.000
2026-09-11 21:29:14.461,1789142354,R_10,4837.7290,0.0000,0.000
2026-09-11 21:29:16.533,1789142356,R_10,4837.7840,0.0000,0.000
2026-09-11 21:29:18.566,1789142358,R_10,4837.8350,0.0000,0.000
2026-09-11 21:29:20.522,1789142360,R_10,4837.7730,0.0000,0.000
2026-09-11 21:29:22.580,1789142362,R_10,4837.8750,0.0000,0.000
2026-09-11 21:29:24.852,1789142364,R_10,4837.7980,0.0000,0.000
2026-09-11 21:29:26.565,1789142366,R_10,4837.5890,0.0000,0.000
2026-09-11 21:29:28.519,1789142368,R_10,4837.4760,0.0000,0.000
2026-09-11 21:29:30.566,1789142370,R_10,4837.5650,0.0000,0.000
2026-09-11 21:29:32.619,1789142372,R_10,4837.4460,0.0000,0.000
2026-09-11 21:29:34.553,1789142374,R_10,4837.2940,0.0000,0.000
2026-09-11 21:29:36.505,1789142376,R_10,4837.1400,0.0000,0.000
2026-09-11 21:29:38.688,1789142378,R_10,4837.1090,0.0000,0.000
2026-09-11 21:29:40.629,1789142380,R_10,4837.1900,0.0000,0.000
2026-09-11 21:29:42.569,1789142382,R_10,4837.3180,0.0000,0.000
2026-09-11 21:29:44.595,1789142384,R_10,4837.3340,0.0000,0.000
2026-09-11 21:29:46.534,1789142386,R_10,4837.2590,0.0000,0.000
2026-09-11 21:29:48.589,1789142388,R_10,4837.4200,0.0000,0.000
2026-09-11 21:29:50.534,1789142390,R_10,4837.6280,0.0000,0.000
2026-09-11 21:29:52.583,1789142392,R_10,4837.6540,0.0000,0.000
2026-09-11 21:29:54.623,1789142394,R_10,4837.8440,0.0000,0.000
2026-09-11 21:29:56.567,1789142396,R_10,4837.6540,0.0000,0.000
2026-09-11 21:29:58.628,1789142398,R_10,4837.5650,0.0000,0.000
2026-09-11 21:30:00.561,1789142400,R_10,4837.2520,0.0000,0.000
2026-09-11 21:30:02.618,1789142402,R_10,4837.2420,0.0000,0.000
2026-09-11 21:30:04.564,1789142404,R_10,4837.2220,0.0000,0.000
2026-09-11 21:30:06.510,1789142406,R_10,4837.0500,0.0000,0.000
2026-09-11 21:30:08.751,1789142408,R_10,4836.9840,0.0000,0.000
2026-09-11 21:30:10.624,1789142410,R_10,4837.0340,0.0000,0.000
2026-09-11 21:30:12.643,1789142412,R_10,4837.2040,0.0000,0.000
2026-09-11 21:30:14.599,1789142414,R_10,4837.3470,0.0000,0.000
2026-09-11 21:30:16.548,1789142416,R_10,4837.5100,0.0000,0.000
2026-09-11 21:30:18.582,1789142418,R_10,4837.4890,0.0000,0.000
2026-09-11 21:30:20.665,1789142420,R_10,4837.4670,0.0000,0.000
2026-09-11 21:30:22.586,1789142422,R_10,4837.6480,0.0000,0.000
2026-09-11 21:30:24.624,1789142424,R_10,4837.7080,0.0000,0.000
2026-09-11 21:30:26.570,1789142426,R_10,4837.7770,0.0000,0.000
2026-09-11 21:30:28.524,1789142428,R_10,4837.8960,0.0000,0.000
2026-09-11 21:30:30.566,1789142430,R_10,4837.9760,0.0000,0.000
2026-09-11 21:30:32.518,1789142432,R_10,4837.8070,0.0000,0.000
2026-09-11 21:30:34.560,1789142434,R_10,4837.7800,0.0000,0.000
2026-09-11 21:30:36.624,1789142436,R_10,4837.7330,0.0000,0.000
2026-09-11 21:30:38.756,1789142438,R_10,4837.6960,0.0000,0.000
2026-09-11 21:30:40.633,1789142440,R_10,4837.6120,0.0000,0.000
2026-09-11 21:30:42.648,1789142442,R_10,4837.7330,0.0000,0.000
2026-09-11 21:30:44.602,1789142444,R_10,4837.7880,0.0000,0.000
2026-09-11 21:30:46.650,1789142446,R_10,4837.7500,0.0000,0.000
2026-09-11 21:30:48.596,1789142448,R_10,4837.7810,0.0000,0.000
2026-09-11 21:30:50.534,1789142450,R_10,4837.7420,0.0000,0.000
2026-09-11 21:30:52.786,1789142452,R_10,4837.8450,0.0000,0.000
2026-09-11 21:30:54.525,1789142454,R_10,4837.7730,0.0000,0.000
2026-09-11 21:30:56.791,1789142456,R_10,4837.6970,0.0000,0.000
2026-09-11 21:30:58.518,1789142458,R_10,4837.6580,0.0000,0.000
2026-09-11 21:31:00.576,1789142460,R_10,4837.7720,0.0000,0.000
2026-09-11 21:31:02.624,1789142462,R_10,4837.5950,0.0000,0.000
2026-09-11 21:31:04.570,1789142464,R_10,4837.6820,0.0000,0.000
2026-09-11 21:31:06.515,1789142466,R_10,4837.8530,0.0000,0.000
2026-09-11 21:31:08.689,1789142468,R_10,4837.6740,0.0000,0.000
2026-09-11 21:31:10.629,1789142470,R_10,4837.6950,0.0000,0.000
2026-09-11 21:31:12.568,1789142472,R_10,4837.8780,0.0000,0.000
2026-09-11 21:31:14.605,1789142474,R_10,4837.9500,0.0000,0.000
2026-09-11 21:31:16.652,1789142476,R_10,4837.9090,0.0000,0.000
2026-09-11 21:31:18.597,1789142478,R_10,4837.8810,0.0000,0.000
2026-09-11 21:31:20.646,1789142480,R_10,4837.8640,0.0000,0.000
2026-09-11 21:31:22.585,1789142482,R_10,4837.8550,0.0000,0.000
2026-09-11 21:31:24.631,1789142484,R_10,4837.8660,0.0000,0.000
2026-09-11 21:31:26.576,1789142486,R_10,4837.8220,0.0000,0.000
2026-09-11 21:31:28.625,1789142488,R_10,4837.8110,0.0000,0.000
2026-09-11 21:31:30.495,1789142490,R_10,4837.8780,0.0000,0.000
2026-09-11 21:31:32.627,1789142492,R_10,4837.9030,0.0000,0.000
2026-09-11 21:31:34.574,1789142494,R_10,4838.0760,0.0000,0.000
2026-09-11 21:31:36.511,1789142496,R_10,4838.0620,0.0000,0.000
2026-09-11 21:31:38.690,1789142498,R_10,4837.9810,0.0000,0.000
2026-09-11 21:31:40.629,1789142500,R_10,4838.1400,0.0000,0.000
2026-09-11 21:31:42.655,1789142502,R_10,4838.1290,0.0000,0.000
2026-09-11 21:31:44.601,1789142504,R_10,4838.1790,0.0000,0.000
2026-09-11 21:31:46.552,1789142506,R_10,4838.2830,0.0000,0.000
2026-09-11 21:31:48.602,1789142508,R_10,4838.1420,0.0000,0.000
2026-09-11 21:31:50.546,1789142510,R_10,4838.0520,0.0000,0.000
2026-09-11 21:31:52.595,1789142512,R_10,4837.9700,0.0000,0.000
2026-09-11 21:31:54.530,1789142514,R_10,4838.0770,0.0000,0.000
2026-09-11 21:31:56.579,1789142516,R_10,4838.1100,0.0000,0.000
2026-09-11 21:31:58.534,1789142518,R_10,4837.9500,0.0000,0.000
2026-09-11 21:32:00.582,1789142520,R_10,4837.8170,0.0000,0.000
2026-09-11 21:32:02.620,1789142522,R_10,4837.7960,0.0000,0.000
2026-09-11 21:32:04.566,1789142524,R_10,4837.8610,0.0000,0.000
2026-09-11 21:32:06.622,1789142526,R_10,4837.8360,0.0000,0.000
2026-09-11 21:32:08.705,1789142528,R_10,4837.8580,0.0000,0.000
2026-09-11 21:32:10.627,1789142530,R_10,4837.4760,0.0000,0.000
2026-09-11 21:32:12.565,1789142532,R_10,4837.4790,0.0000,0.000
2026-09-11 21:32:14.608,1789142534,R_10,4837.3830,0.0000,0.000
2026-09-11 21:32:16.546,1789142536,R_10,4837.3390,0.0000,0.000
2026-09-11 21:32:18.603,1789142538,R_10,4837.3400,0.0000,0.000
2026-09-11 21:32:20.549,1789142540,R_10,4837.4330,0.0000,0.000
2026-09-11 21:32:22.598,1789142542,R_10,4837.5230,0.0000,0.000
2026-09-11 21:32:24.533,1789142544,R_10,4837.4830,0.0000,0.000
2026-09-11 21:32:26.583,1789142546,R_10,4837.6260,0.0000,0.000
2026-09-11 21:32:28.630,1789142548,R_10,4837.5830,0.0000,0.000
2026-09-11 21:32:30.576,1789142550,R_10,4837.5790,0.0000,0.000
2026-09-11 21:32:32.521,1789142552,R_10,4837.3320,0.0000,0.000
2026-09-11 21:32:34.579,1789142554,R_10,4837.2850,0.0000,0.000
2026-09-11 21:32:36.524,1789142556,R_10,4837.5170,0.0000,0.000
2026-09-11 21:32:38.681,1789142558,R_10,4837.4530,0.0000,0.000
2026-09-11 21:32:40.622,1789142560,R_10,4837.4830,0.0000,0.000
2026-09-11 21:32:42.561,1789142562,R_10,4837.6120,0.0000,0.000
2026-09-11 21:32:44.475,1789142564,R_10,4837.5410,0.0000,0.000
2026-09-11 21:32:46.560,1789142566,R_10,4837.4900,0.0000,0.000
2026-09-11 21:32:48.506,1789142568,R_10,4837.2920,0.0000,0.000
2026-09-11 21:32:50.539,1789142570,R_10,4837.3480,0.0000,0.000
2026-09-11 21:32:52.595,1789142572,R_10,4837.0150,0.0000,0.000
2026-09-11 21:32:54.537,1789142574,R_10,4837.1000,0.0000,0.000
2026-09-11 21:32:56.482,1789142576,R_10,4837.0280,0.0000,0.000
2026-09-11 21:32:58.531,1789142578,R_10,4837.0080,0.0000,0.000
2026-09-11 21:33:00.589,1789142580,R_10,4837.0430,0.0000,0.000
2026-09-11 21:33:02.534,1789142582,R_10,4837.1030,0.0000,0.000
2026-09-11 21:33:04.705,1789142584,R_10,4837.1160,0.0000,0.000
2026-09-11 21:33:06.527,1789142586,R_10,4837.1100,0.0000,0.000
2026-09-11 21:33:08.687,1789142588,R_10,4837.0570,0.0000,0.000
2026-09-11 21:33:10.625,1789142590,R_10,4836.9130,0.0000,0.000
2026-09-11 21:33:12.565,1789142592,R_10,4836.9600,0.0000,0.000
2026-09-11 21:33:14.506,1789142594,R_10,4837.1170,0.0000,0.000
2026-09-11 21:33:16.563,1789142596,R_10,4836.7740,0.0000,0.000
2026-09-11 21:33:18.610,1789142598,R_10,4836.8010,0.0000,0.000
2026-09-11 21:33:20.556,1789142600,R_10,4836.6840,0.0000,0.000
2026-09-11 21:33:22.502,1789142602,R_10,4836.6900,0.0000,0.000
2026-09-11 21:33:24.540,1789142604,R_10,4836.5500,0.0000,0.000
2026-09-11 21:33:26.487,1789142606,R_10,4836.5620,0.0000,0.000
2026-09-11 21:33:28.534,1789142608,R_10,4836.5280,0.0000,0.000
2026-09-11 21:33:30.585,1789142610,R_10,4836.5380,0.0000,0.000
2026-09-11 21:33:32.640,1789142612,R_10,4836.5110,0.0000,0.000
2026-09-11 21:33:34.483,1789142614,R_10,4836.5760,0.0000,0.000
2026-09-11 21:33:36.524,1789142616,R_10,4836.4410,0.0000,0.000
2026-09-11 21:33:38.691,1789142618,R_10,4836.4890,0.0000,0.000
2026-09-11 21:33:40.629,1789142620,R_10,4836.5150,0.0000,0.000
2026-09-11 21:33:42.569,1789142622,R_10,4836.4440,0.0000,0.000
2026-09-11 21:33:44.517,1789142624,R_10,4836.2800,0.0000,0.000
2026-09-11 21:33:46.566,1789142626,R_10,4836.2120,0.0000,0.000
2026-09-11 21:33:48.511,1789142628,R_10,4836.1990,0.0000,0.000
2026-09-11 21:33:50.552,1789142630,R_10,4836.1410,0.0000,0.000
2026-09-11 21:33:52.608,1789142632,R_10,4836.0640,0.0000,0.000
2026-09-11 21:33:54.543,1789142634,R_10,4835.7640,0.0000,0.000
2026-09-11 21:33:56.492,1789142636,R_10,4835.6290,0.0000,0.000
2026-09-11 21:33:58.546,1789142638,R_10,4835.6920,0.0000,0.000
2026-09-11 21:34:00.594,1789142640,R_10,4835.6420,0.0000,0.000
2026-09-11 21:34:02.660,1789142642,R_10,4835.6110,0.0000,0.000
2026-09-11 21:34:04.579,1789142644,R_10,4835.5890,0.0000,0.000
2026-09-11 21:34:06.534,1789142646,R_10,4835.6670,0.0000,0.000
2026-09-11 21:34:08.689,1789142648,R_10,4835.6510,0.0000,0.000
2026-09-11 21:34:22.808,1789142650,R_10,4835.6400,0.0000,0.000
2026-09-11 21:34:22.909,1789142652,R_10,4835.5230,0.0000,0.000
2026-09-11 21:34:22.921,1789142654,R_10,4835.4680,0.0000,0.000
2026-09-11 21:34:22.935,1789142656,R_10,4835.5450,0.0000,0.000
2026-09-11 21:34:22.948,1789142658,R_10,4835.4980,0.0000,0.000
2026-09-11 21:34:22.960,1789142660,R_10,4835.5320,0.0000,0.000
2026-09-11 21:34:22.970,1789142662,R_10,4835.3370,0.0000,0.000
2026-09-11 21:34:24.547,1789142664,R_10,4835.3570,0.0000,0.000
2026-09-11 21:34:26.493,1789142666,R_10,4835.2910,0.0000,0.000
2026-09-11 21:34:28.541,1789142668,R_10,4835.2100,0.0000,0.000
2026-09-11 21:34:30.487,1789142670,R_10,4835.1780,0.0000,0.000
2026-09-11 21:34:32.545,1789142672,R_10,4835.1020,0.0000,0.000
2026-09-11 21:34:34.590,1789142674,R_10,4835.2240,0.0000,0.000
2026-09-11 21:34:36.538,1789142676,R_10,4835.1680,0.0000,0.000
2026-09-11 21:34:38.777,1789142678,R_10,4835.2600,0.0000,0.000
2026-09-11 21:34:40.621,1789142680,R_10,4835.3850,0.0000,0.000
2026-09-11 21:34:42.562,1789142682,R_10,4835.4750,0.0000,0.000
2026-09-11 21:34:44.516,1789142684,R_10,4835.6430,0.0000,0.000
2026-09-11 21:34:46.571,1789142686,R_10,4835.7200,0.0000,0.000
2026-09-11 21:34:48.517,1789142688,R_10,4835.7030,0.0000,0.000
2026-09-11 21:34:50.567,1789142690,R_10,4835.8280,0.0000,0.000
2026-09-11 21:34:52.511,1789142692,R_10,4835.7700,0.0000,0.000
2026-09-11 21:34:54.461,1789142694,R_10,4835.6880,0.0000,0.000
2026-09-11 21:34:56.498,1789142696,R_10,4835.8060,0.0000,0.000
2026-09-11 21:34:58.546,1789142698,R_10,4835.6790,0.0000,0.000
2026-09-11 21:35:00.491,1789142700,R_10,4835.6580,0.0000,0.000
2026-09-11 21:35:02.542,1789142702,R_10,4835.4440,0.0000,0.000
2026-09-11 21:35:04.595,1789142704,R_10,4835.5150,0.0000,0.000
2026-09-11 21:35:06.541,1789142706,R_10,4835.4020,0.0000,0.000
2026-09-11 21:35:08.685,1789142708,R_10,4835.3930,0.0000,0.000
2026-09-11 21:35:10.629,1789142710,R_10,4835.4380,0.0000,0.000
2026-09-11 21:35:12.573,1789142712,R_10,4835.4080,0.0000,0.000
2026-09-11 21:35:14.528,1789142714,R_10,4835.6060,0.0000,0.000
2026-09-11 21:35:16.474,1789142716,R_10,4835.7310,0.0000,0.000
2026-09-11 21:35:18.514,1789142718,R_10,4835.7340,0.0000,0.000
2026-09-11 21:35:20.569,1789142720,R_10,4835.7020,0.0000,0.000
2026-09-11 21:35:22.514,1789142722,R_10,4835.7060,0.0000,0.000
2026-09-11 21:35:24.552,1789142724,R_10,4835.4180,0.0000,0.000
2026-09-11 21:35:26.604,1789142726,R_10,4835.3130,0.0000,0.000
2026-09-11 21:35:28.549,1789142728,R_10,4835.1620,0.0000,0.000
2026-09-11 21:35:30.605,1789142730,R_10,4835.2180,0.0000,0.000
2026-09-11 21:35:32.653,1789142732,R_10,4835.0600,0.0000,0.000
2026-09-11 21:35:34.598,1789142734,R_10,4835.0560,0.0000,0.000
2026-09-11 21:35:36.544,1789142736,R_10,4835.2380,0.0000,0.000
2026-09-11 21:35:38.702,1789142738,R_10,4835.2690,0.0000,0.000
2026-09-11 21:35:40.629,1789142740,R_10,4835.3020,0.0000,0.000
2026-09-11 21:35:42.575,1789142742,R_10,4835.3420,0.0000,0.000
2026-09-11 21:35:44.623,1789142744,R_10,4835.3670,0.0000,0.000
2026-09-11 21:35:46.569,1789142746,R_10,4835.4130,0.0000,0.000
2026-09-11 21:35:48.618,1789142748,R_10,4835.4890,0.0000,0.000
2026-09-11 21:35:50.509,1789142750,R_10,4835.4300,0.0000,0.000
2026-09-11 21:35:52.508,1789142752,R_10,4835.5670,0.0000,0.000
2026-09-11 21:35:54.556,1789142754,R_10,4835.4670,0.0000,0.000
2026-09-11 21:35:56.793,1789142756,R_10,4835.4380,0.0000,0.000
2026-09-11 21:35:58.550,1789142758,R_10,4835.3760,0.0000,0.000
2026-09-11 21:36:00.597,1789142760,R_10,4835.1950,0.0000,0.000
2026-09-11 21:36:02.548,1789142762,R_10,4835.2320,0.0000,0.000
2026-09-11 21:36:04.594,1789142764,R_10,4835.3540,0.0000,0.000
2026-09-11 21:36:06.541,1789142766,R_10,4835.3640,0.0000,0.000
2026-09-11 21:36:09.073,1789142768,R_10,4835.3490,0.0000,0.000
2026-09-11 21:36:10.625,1789142770,R_10,4835.3810,0.0000,0.000
2026-09-11 21:36:12.565,1789142772,R_10,4835.5480,0.0000,0.000
2026-09-11 21:36:14.526,1789142774,R_10,4835.4310,0.0000,0.000
2026-09-11 21:36:16.574,1789142776,R_10,4835.1780,0.0000,0.000
2026-09-11 21:36:18.622,1789142778,R_10,4835.2570,0.0000,0.000
2026-09-11 21:36:20.566,1789142780,R_10,4835.4380,0.0000,0.000
2026-09-11 21:36:22.617,1789142782,R_10,4835.6070,0.0000,0.000
2026-09-11 21:36:24.534,1789142784,R_10,4835.6330,0.0000,0.000
2026-09-11 21:36:26.527,1789142786,R_10,4835.4790,0.0000,0.000
2026-09-11 21:36:28.658,1789142788,R_10,4835.5170,0.0000,0.000
2026-09-11 21:36:30.603,1789142790,R_10,4835.4850,0.0000,0.000
2026-09-11 21:36:32.651,1789142792,R_10,4835.5510,0.0000,0.000
2026-09-11 21:36:34.525,1789142794,R_10,4835.4560,0.0000,0.000
2026-09-11 21:36:36.550,1789142796,R_10,4835.4020,0.0000,0.000
2026-09-11 21:36:38.795,1789142798,R_10,4835.6120,0.0000,0.000
2026-09-11 21:36:40.637,1789142800,R_10,4835.6380,0.0000,0.000
2026-09-11 21:36:42.564,1789142802,R_10,4835.7320,0.0000,0.000
2026-09-11 21:36:44.528,1789142804,R_10,4835.5690,0.0000,0.000
2026-09-11 21:36:46.585,1789142806,R_10,4835.6210,0.0000,0.000
2026-09-11 21:36:48.635,1789142808,R_10,4835.5030,0.0000,0.000
2026-09-11 21:36:50.476,1789142810,R_10,4835.3270,0.0000,0.000
2026-09-11 21:36:52.617,1789142812,R_10,4835.5340,0.0000,0.000
2026-09-11 21:36:54.494,1789142814,R_10,4835.7160,0.0000,0.000
2026-09-11 21:36:56.508,1789142816,R_10,4835.7820,0.0000,0.000
2026-09-11 21:36:58.557,1789142818,R_10,4835.8060,0.0000,0.000
2026-09-11 21:37:00.614,1789142820,R_10,4835.6400,0.0000,0.000
2026-09-11 21:37:02.560,1789142822,R_10,4835.6920,0.0000,0.000
2026-09-11 21:37:04.600,1789142824,R_10,4835.5800,0.0000,0.000
2026-09-11 21:37:06.552,1789142826,R_10,4835.6720,0.0000,0.000
2026-09-11 21:37:08.693,1789142828,R_10,4835.6660,0.0000,0.000
2026-09-11 21:37:10.635,1789142830,R_10,4835.5730,0.0000,0.000
2026-09-11 21:37:12.585,1789142832,R_10,4835.5490,0.0000,0.000
2026-09-11 21:37:14.529,1789142834,R_10,4835.3710,0.0000,0.000
2026-09-11 21:37:16.586,1789142836,R_10,4835.6880,0.0000,0.000
2026-09-11 21:37:18.534,1789142838,R_10,4835.5320,0.0000,0.000
2026-09-11 21:37:20.472,1789142840,R_10,4835.4910,0.0000,0.000
2026-09-11 21:37:22.528,1789142842,R_10,4835.5170,0.0000,0.000
2026-09-11 21:37:24.473,1789142844,R_10,4835.7130,0.0000,0.000
2026-09-11 21:37:26.512,1789142846,R_10,4835.8500,0.0000,0.000
2026-09-11 21:37:28.562,1789142848,R_10,4835.7700,0.0000,0.000
2026-09-11 21:37:30.512,1789142850,R_10,4835.9000,0.0000,0.000
2026-09-11 21:37:32.664,1789142852,R_10,4835.8360,0.0000,0.000
2026-09-11 21:37:34.611,1789142854,R_10,4835.7900,0.0000,0.000
2026-09-11 21:37:36.659,1789142856,R_10,4835.7800,0.0000,0.000
2026-09-11 21:37:39.072,1789142858,R_10,4835.7820,0.0000,0.000
2026-09-11 21:37:40.629,1789142860,R_10,4835.8530,0.0000,0.000
2026-09-11 21:37:42.589,1789142862,R_10,4835.8260,0.0000,0.000
2026-09-11 21:37:44.543,1789142864,R_10,4835.7170,0.0000,0.000
2026-09-11 21:37:46.591,1789142866,R_10,4835.6180,0.0000,0.000
2026-09-11 21:37:48.537,1789142868,R_10,4835.4150,0.0000,0.000
2026-09-11 21:37:50.543,1789142870,R_10,4835.3390,0.0000,0.000
2026-09-11 21:37:53.693,1789142872,R_10,4835.5270,0.0000,0.000
2026-09-11 21:37:54.569,1789142874,R_10,4835.4730,0.0000,0.000
2026-09-11 21:37:56.515,1789142876,R_10,4835.5780,0.0000,0.000
2026-09-11 21:37:58.571,1789142878,R_10,4835.4500,0.0000,0.000
2026-09-11 21:38:00.517,1789142880,R_10,4835.3720,0.0000,0.000
2026-09-11 21:38:02.564,1789142882,R_10,4835.4960,0.0000,0.000
2026-09-11 21:38:04.512,1789142884,R_10,4835.5280,0.0000,0.000
2026-09-11 21:38:06.447,1789142886,R_10,4835.4890,0.0000,0.000
2026-09-11 21:38:08.800,1789142888,R_10,4835.4070,0.0000,0.000
2026-09-11 21:38:10.624,1789142890,R_10,4835.3360,0.0000,0.000
2026-09-11 21:38:12.569,1789142892,R_10,4835.5090,0.0000,0.000
2026-09-11 21:38:14.538,1789142894,R_10,4835.4360,0.0000,0.000
2026-09-11 21:38:16.594,1789142896,R_10,4835.4100,0.0000,0.000
2026-09-11 21:38:18.540,1789142898,R_10,4835.3040,0.0000,0.000
2026-09-11 21:38:20.479,1789142900,R_10,4835.3560,0.0000,0.000
2026-09-11 21:38:22.535,1789142902,R_10,4835.3130,0.0000,0.000
2026-09-11 21:38:24.572,1789142904,R_10,4835.5220,0.0000,0.000
2026-09-11 21:38:26.444,1789142906,R_10,4835.5830,0.0000,0.000
2026-09-11 21:38:28.468,1789142908,R_10,4835.5520,0.0000,0.000
2026-09-11 21:38:30.615,1789142910,R_10,4835.3880,0.0000,0.000
2026-09-11 21:38:32.560,1789142912,R_10,4835.3590,0.0000,0.000
2026-09-11 21:38:34.608,1789142914,R_10,4835.3940,0.0000,0.000
2026-09-11 21:38:36.658,1789142916,R_10,4835.3020,0.0000,0.000
2026-09-11 21:38:38.690,1789142918,R_10,4835.2700,0.0000,0.000
2026-09-11 21:38:40.750,1789142920,R_10,4835.1610,0.0000,0.000
2026-09-11 21:38:42.573,1789142922,R_10,4835.1100,0.0000,0.000
2026-09-11 21:38:44.543,1789142924,R_10,4835.1050,0.0000,0.000
2026-09-11 21:38:46.590,1789142926,R_10,4835.0250,0.0000,0.000
2026-09-11 21:38:48.537,1789142928,R_10,4834.8930,0.0000,0.000
2026-09-11 21:38:50.594,1789142930,R_10,4834.8910,0.0000,0.000
2026-09-11 21:38:52.640,1789142932,R_10,4834.8970,0.0000,0.000
2026-09-11 21:38:54.576,1789142934,R_10,4835.0110,0.0000,0.000
2026-09-11 21:38:56.796,1789142936,R_10,4834.9940,0.0000,0.000
2026-09-11 21:38:58.476,1789142938,R_10,4834.8200,0.0000,0.000
2026-09-11 21:39:00.627,1789142940,R_10,4834.6970,0.0000,0.000
2026-09-11 21:39:02.574,1789142942,R_10,4834.8240,0.0000,0.000
2026-09-11 21:39:04.519,1789142944,R_10,4834.8180,0.0000,0.000
2026-09-11 21:39:06.566,1789142946,R_10,4834.8300,0.0000,0.000
2026-09-11 21:39:08.689,1789142948,R_10,4834.9280,0.0000,0.000
2026-09-11 21:39:10.629,1789142950,R_10,4834.9050,0.0000,0.000
2026-09-11 21:39:12.598,1789142952,R_10,4835.1130,0.0000,0.000
2026-09-11 21:39:14.655,1789142954,R_10,4835.2370,0.0000,0.000
2026-09-11 21:39:16.500,1789142956,R_10,4835.2590,0.0000,0.000
2026-09-11 21:39:18.440,1789142958,R_10,4835.4190,0.0000,0.000
2026-09-11 21:39:20.588,1789142960,R_10,4835.4050,0.0000,0.000
2026-09-11 21:39:22.643,1789142962,R_10,4835.4740,0.0000,0.000
2026-09-11 21:39:24.476,1789142964,R_10,4835.4700,0.0000,0.000
2026-09-11 21:39:26.793,1789142966,R_10,4835.5680,0.0000,0.000
2026-09-11 21:39:28.572,1789142968,R_10,4835.5640,0.0000,0.000
2026-09-11 21:39:30.621,1789142970,R_10,4835.5910,0.0000,0.000
2026-09-11 21:39:32.575,1789142972,R_10,4835.6530,0.0000,0.000
2026-09-11 21:39:34.520,1789142974,R_10,4835.7780,0.0000,0.000
2026-09-11 21:39:36.570,1789142976,R_10,4836.0140,0.0000,0.000
2026-09-11 21:39:38.697,1789142978,R_10,4836.0550,0.0000,0.000
2026-09-11 21:39:40.637,1789142980,R_10,4835.9470,0.0000,0.000
2026-09-11 21:39:42.577,1789142982,R_10,4836.0760,0.0000,0.000
2026-09-11 21:39:44.547,1789142984,R_10,4836.1430,0.0000,0.000
2026-09-11 21:39:46.502,1789142986,R_10,4836.3170,0.0000,0.000
2026-09-11 21:39:48.551,1789142988,R_10,4836.4720,0.0000,0.000
2026-09-11 21:39:50.588,1789142990,R_10,4836.4760,0.0000,0.000
2026-09-11 21:39:52.648,1789142992,R_10,4836.5240,0.0000,0.000
2026-09-11 21:39:54.479,1789142994,R_10,4836.5610,0.0000,0.000
2026-09-11 21:39:56.527,1789142996,R_10,4836.5460,0.0000,0.000
2026-09-11 21:39:58.586,1789142998,R_10,4836.3620,0.0000,0.000
2026-09-11 21:40:00.532,1789143000,R_10,4836.2020,0.0000,0.000
2026-09-11 21:40:02.579,1789143002,R_10,4836.1210,0.0000,0.000
2026-09-11 21:40:04.525,1789143004,R_10,4836.2810,0.0000,0.000
2026-09-11 21:40:06.572,1789143006,R_10,4836.3920,0.0000,0.000
2026-09-11 21:40:08.684,1789143008,R_10,4836.4770,0.0000,0.000
2026-09-11 21:40:10.625,1789143010,R_10,4836.6110,0.0000,0.000
2026-09-11 21:40:12.564,1789143012,R_10,4836.6880,0.0000,0.000
2026-09-11 21:40:14.560,1789143014,R_10,4836.7520,0.0000,0.000
2026-09-11 21:40:16.599,1789143016,R_10,4836.6280,0.0000,0.000
2026-09-11 21:40:18.544,1789143018,R_10,4836.4220,0.0000,0.000
2026-09-11 21:40:20.591,1789143020,R_10,4836.1070,0.0000,0.000
2026-09-11 21:40:22.540,1789143022,R_10,4835.9780,0.0000,0.000
2026-09-11 21:40:24.482,1789143024,R_10,4836.0550,0.0000,0.000
2026-09-11 21:40:26.455,1789143026,R_10,4836.0330,0.0000,0.000
2026-09-11 21:40:28.588,1789143028,R_10,4836.1310,0.0000,0.000
2026-09-11 21:40:30.525,1789143030,R_10,4836.2990,0.0000,0.000
2026-09-11 21:40:32.686,1789143032,R_10,4836.2700,0.0000,0.000
2026-09-11 21:40:34.528,1789143034,R_10,4836.3750,0.0000,0.000
2026-09-11 21:40:36.873,1789143036,R_10,4836.2860,0.0000,0.000
2026-09-11 21:40:38.717,1789143038,R_10,4836.2240,0.0000,0.000
2026-09-11 21:40:40.633,1789143040,R_10,4836.3050,0.0000,0.000
2026-09-11 21:40:42.572,1789143042,R_10,4836.1610,0.0000,0.000
2026-09-11 21:40:44.563,1789143044,R_10,4836.3240,0.0000,0.000
2026-09-11 21:40:46.601,1789143046,R_10,4836.3140,0.0000,0.000
2026-09-11 21:40:48.489,1789143048,R_10,4836.2670,0.0000,0.000
2026-09-11 21:40:50.604,1789143050,R_10,4836.2900,0.0000,0.000
2026-09-11 21:40:52.520,1789143052,R_10,4836.3010,0.0000,0.000
2026-09-11 21:40:54.848,1789143054,R_10,4836.4820,0.0000,0.000
2026-09-11 21:40:56.510,1789143056,R_10,4836.4980,0.0000,0.000
2026-09-11 21:40:58.585,1789143058,R_10,4836.5600,0.0000,0.000
2026-09-11 21:41:00.537,1789143060,R_10,4836.5510,0.0000,0.000
2026-09-11 21:41:02.570,1789143062,R_10,4836.6640,0.0000,0.000
2026-09-11 21:41:04.635,1789143064,R_10,4836.7320,0.0000,0.000
2026-09-11 21:41:06.553,1789143066,R_10,4836.5960,0.0000,0.000
2026-09-11 21:41:08.685,1789143068,R_10,4836.6270,0.0000,0.000
2026-09-11 21:41:10.625,1789143070,R_10,4836.5030,0.0000,0.000
2026-09-11 21:41:12.573,1789143072,R_10,4836.3190,0.0000,0.000
2026-09-11 21:41:14.567,1789143074,R_10,4836.1310,0.0000,0.000
2026-09-11 21:41:16.717,1789143076,R_10,4835.9910,0.0000,0.000
2026-09-11 21:41:18.563,1789143078,R_10,4835.9290,0.0000,0.000
2026-09-11 21:41:20.608,1789143080,R_10,4835.8170,0.0000,0.000
2026-09-11 21:41:22.647,1789143082,R_10,4835.6110,0.0000,0.000
2026-09-11 21:41:24.489,1789143084,R_10,4835.6800,0.0000,0.000
2026-09-11 21:41:26.539,1789143086,R_10,4835.8290,0.0000,0.000
2026-09-11 21:41:28.688,1789143088,R_10,4835.7140,0.0000,0.000
2026-09-11 21:41:30.531,1789143090,R_10,4835.7000,0.0000,0.000
2026-09-11 21:41:32.485,1789143092,R_10,4835.6400,0.0000,0.000
2026-09-11 21:41:34.535,1789143094,R_10,4835.4780,0.0000,0.000
2026-09-11 21:41:36.582,1789143096,R_10,4835.5950,0.0000,0.000
2026-09-11 21:41:38.681,1789143098,R_10,4835.5030,0.0000,0.000
2026-09-11 21:41:40.621,1789143100,R_10,4835.5490,0.0000,0.000
2026-09-11 21:41:42.614,1789143102,R_10,4835.6600,0.0000,0.000
2026-09-11 21:41:44.569,1789143104,R_10,4835.8710,0.0000,0.000
2026-09-11 21:41:46.619,1789143106,R_10,4835.8330,0.0000,0.000
2026-09-11 21:41:48.558,1789143108,R_10,4835.8700,0.0000,0.000
2026-09-11 21:41:50.611,1789143110,R_10,4835.7950,0.0000,0.000
2026-09-11 21:41:52.557,1789143112,R_10,4836.0040,0.0000,0.000
2026-09-11 21:41:54.594,1789143114,R_10,4835.9400,0.0000,0.000
2026-09-11 21:41:56.543,1789143116,R_10,4835.8000,0.0000,0.000
2026-09-11 21:41:58.589,1789143118,R_10,4835.9730,0.0000,0.000
2026-09-11 21:42:00.533,1789143120,R_10,4836.0110,0.0000,0.000
2026-09-11 21:42:02.585,1789143122,R_10,4835.8750,0.0000,0.000
2026-09-11 21:42:04.530,1789143124,R_10,4835.8640,0.0000,0.000
2026-09-11 21:42:06.579,1789143126,R_10,4835.8010,0.0000,0.000
2026-09-11 21:42:08.685,1789143128,R_10,4835.9740,0.0000,0.000
2026-09-11 21:42:10.624,1789143130,R_10,4835.7880,0.0000,0.000
2026-09-11 21:42:12.565,1789143132,R_10,4835.9250,0.0000,0.000
2026-09-11 21:42:14.502,1789143134,R_10,4835.8710,0.0000,0.000
2026-09-11 21:42:16.625,1789143136,R_10,4835.8550,0.0000,0.000
2026-09-11 21:42:18.770,1789143138,R_10,4835.9050,0.0000,0.000
2026-09-11 21:42:20.520,1789143140,R_10,4835.9780,0.0000,0.000
2026-09-11 21:42:22.545,1789143142,R_10,4835.9720,0.0000,0.000
2026-09-11 21:42:24.598,1789143144,R_10,4836.0710,0.0000,0.000
2026-09-11 21:42:26.793,1789143146,R_10,4836.1210,0.0000,0.000
2026-09-11 21:42:28.469,1789143148,R_10,4836.0640,0.0000,0.000
2026-09-11 21:42:30.642,1789143150,R_10,4836.1820,0.0000,0.000
2026-09-11 21:42:32.493,1789143152,R_10,4836.0180,0.0000,0.000
2026-09-11 21:42:34.541,1789143154,R_10,4836.0780,0.0000,0.000
2026-09-11 21:42:36.588,1789143156,R_10,4835.9300,0.0000,0.000
2026-09-11 21:42:38.681,1789143158,R_10,4835.9560,0.0000,0.000
2026-09-11 21:42:40.625,1789143160,R_10,4835.9740,0.0000,0.000
2026-09-11 21:42:42.723,1789143162,R_10,4835.8820,0.0000,0.000
2026-09-11 21:42:44.567,1789143164,R_10,4835.9570,0.0000,0.000
2026-09-11 21:42:46.521,1789143166,R_10,4835.8750,0.0000,0.000
2026-09-11 21:42:48.570,1789143168,R_10,4835.7880,0.0000,0.000
2026-09-11 21:42:50.450,1789143170,R_10,4835.7270,0.0000,0.000
2026-09-11 21:42:52.563,1789143172,R_10,4835.9440,0.0000,0.000
2026-09-11 21:42:54.602,1789143174,R_10,4835.8800,0.0000,0.000
2026-09-11 21:42:56.488,1789143176,R_10,4835.8950,0.0000,0.000
2026-09-11 21:42:58.597,1789143178,R_10,4835.8640,0.0000,0.000
2026-09-11 21:43:00.543,1789143180,R_10,4835.9370,0.0000,0.000
2026-09-11 21:43:02.591,1789143182,R_10,4835.7950,0.0000,0.000
2026-09-11 21:43:04.540,1789143184,R_10,4836.0040,0.0000,0.000
2026-09-11 21:43:06.585,1789143186,R_10,4835.9760,0.0000,0.000
2026-09-11 21:43:08.677,1789143188,R_10,4835.9690,0.0000,0.000
2026-09-11 21:43:10.621,1789143190,R_10,4836.0410,0.0000,0.000
2026-09-11 21:43:12.561,1789143192,R_10,4835.9240,0.0000,0.000
2026-09-11 21:43:14.542,1789143194,R_10,4835.9700,0.0000,0.000
2026-09-11 21:43:16.619,1789143196,R_10,4836.1120,0.0000,0.000
2026-09-11 21:43:18.566,1789143198,R_10,4836.0500,0.0000,0.000
2026-09-11 21:43:20.614,1789143200,R_10,4836.0800,0.0000,0.000
2026-09-11 21:43:22.566,1789143202,R_10,4835.9660,0.0000,0.000
2026-09-11 21:43:24.607,1789143204,R_10,4835.9980,0.0000,0.000
2026-09-11 21:43:26.506,1789143206,R_10,4836.1240,0.0000,0.000
2026-09-11 21:43:28.506,1789143208,R_10,4836.1350,0.0000,0.000
2026-09-11 21:43:30.547,1789143210,R_10,4836.1730,0.0000,0.000
2026-09-11 21:43:32.499,1789143212,R_10,4836.1620,0.0000,0.000
2026-09-11 21:43:34.490,1789143214,R_10,4836.1380,0.0000,0.000
2026-09-11 21:43:36.595,1789143216,R_10,4836.1510,0.0000,0.000
2026-09-11 21:43:38.689,1789143218,R_10,4836.2760,0.0000,0.000
2026-09-11 21:43:40.629,1789143220,R_10,4836.3300,0.0000,0.000
2026-09-11 21:43:42.573,1789143222,R_10,4836.1280,0.0000,0.000
2026-09-11 21:43:44.585,1789143224,R_10,4835.7810,0.0000,0.000
2026-09-11 21:43:46.528,1789143226,R_10,4835.8050,0.0000,0.000
2026-09-11 21:43:48.577,1789143228,R_10,4835.7110,0.0000,0.000
2026-09-11 21:43:50.512,1789143230,R_10,4835.6380,0.0000,0.000
2026-09-11 21:43:52.570,1789143232,R_10,4835.5820,0.0000,0.000
2026-09-11 21:43:54.610,1789143234,R_10,4835.5450,0.0000,0.000
2026-09-11 21:43:56.556,1789143236,R_10,4835.5900,0.0000,0.000
2026-09-11 21:43:58.611,1789143238,R_10,4835.7890,0.0000,0.000
2026-09-11 21:44:00.557,1789143240,R_10,4835.6430,0.0000,0.000
2026-09-11 21:44:02.606,1789143242,R_10,4835.6530,0.0000,0.000
2026-09-11 21:44:04.551,1789143244,R_10,4835.7020,0.0000,0.000
2026-09-11 21:44:06.599,1789143246,R_10,4835.6390,0.0000,0.000
2026-09-11 21:44:08.689,1789143248,R_10,4835.6280,0.0000,0.000
2026-09-11 21:44:10.629,1789143250,R_10,4835.6420,0.0000,0.000
2026-09-11 21:44:12.631,1789143252,R_10,4835.4860,0.0000,0.000
2026-09-11 21:44:14.585,1789143254,R_10,4835.4000,0.0000,0.000
2026-09-11 21:44:16.532,1789143256,R_10,4835.2680,0.0000,0.000
2026-09-11 21:44:18.583,1789143258,R_10,4835.2280,0.0000,0.000
2026-09-11 21:44:20.516,1789143260,R_10,4835.2580,0.0000,0.000
2026-09-11 21:44:22.573,1789143262,R_10,4835.3980,0.0000,0.000
2026-09-11 21:44:24.613,1789143264,R_10,4835.4340,0.0000,0.000
2026-09-11 21:44:26.557,1789143266,R_10,4835.2920,0.0000,0.000
2026-09-11 21:44:28.615,1789143268,R_10,4835.3180,0.0000,0.000
2026-09-11 21:44:30.560,1789143270,R_10,4835.4720,0.0000,0.000
2026-09-11 21:44:32.610,1789143272,R_10,4835.2770,0.0000,0.000
2026-09-11 21:44:34.554,1789143274,R_10,4835.0870,0.0000,0.000
2026-09-11 21:44:36.500,1789143276,R_10,4835.4270,0.0000,0.000
2026-09-11 21:44:38.680,1789143278,R_10,4835.2650,0.0000,0.000
2026-09-11 21:44:40.626,1789143280,R_10,4835.3890,0.0000,0.000
2026-09-11 21:44:42.576,1789143282,R_10,4835.3490,0.0000,0.000
2026-09-11 21:44:44.589,1789143284,R_10,4835.5270,0.0000,0.000
2026-09-11 21:44:46.534,1789143286,R_10,4835.5510,0.0000,0.000
2026-09-11 21:44:48.575,1789143288,R_10,4835.4990,0.0000,0.000
2026-09-11 21:44:50.530,1789143290,R_10,4835.6570,0.0000,0.000
2026-09-11 21:44:52.672,1789143292,R_10,4835.7900,0.0000,0.000
2026-09-11 21:44:54.617,1789143294,R_10,4835.8990,0.0000,0.000
2026-09-11 21:44:56.458,1789143296,R_10,4836.0800,0.0000,0.000
2026-09-11 21:44:58.508,1789143298,R_10,4836.3840,0.0000,0.000
2026-09-11 21:45:00.554,1789143300,R_10,4836.5150,0.0000,0.000
2026-09-11 21:45:02.501,1789143302,R_10,4836.5520,0.0000,0.000
2026-09-11 21:45:04.476,1789143304,R_10,4836.6040,0.0000,0.000
2026-09-11 21:45:06.606,1789143306,R_10,4836.5610,0.0000,0.000
2026-09-11 21:45:08.689,1789143308,R_10,4836.6020,0.0000,0.000
2026-09-11 21:45:10.630,1789143310,R_10,4836.6340,0.0000,0.000
2026-09-11 21:45:12.568,1789143312,R_10,4836.6690,0.0000,0.000
2026-09-11 21:45:14.591,1789143314,R_10,4836.6510,0.0000,0.000
2026-09-11 21:45:16.512,1789143316,R_10,4836.7100,0.0000,0.000
2026-09-11 21:45:18.587,1789143318,R_10,4836.4930,0.0000,0.000
2026-09-11 21:45:20.635,1789143320,R_10,4836.5350,0.0000,0.000
2026-09-11 21:45:22.682,1789143322,R_10,4836.4140,0.0000,0.000
2026-09-11 21:45:24.461,1789143324,R_10,4836.4290,0.0000,0.000
2026-09-11 21:45:26.566,1789143326,R_10,4836.4790,0.0000,0.000
2026-09-11 21:45:28.518,1789143328,R_10,4836.3900,0.0000,0.000
2026-09-11 21:45:30.768,1789143330,R_10,4836.4180,0.0000,0.000
2026-09-11 21:45:32.608,1789143332,R_10,4836.5770,0.0000,0.000
2026-09-11 21:45:34.561,1789143334,R_10,4836.5910,0.0000,0.000
2026-09-11 21:45:36.609,1789143336,R_10,4836.6940,0.0000,0.000
2026-09-11 21:45:38.691,1789143338,R_10,4836.7160,0.0000,0.000
2026-09-11 21:45:40.628,1789143340,R_10,4836.7650,0.0000,0.000
2026-09-11 21:45:42.568,1789143342,R_10,4836.8020,0.0000,0.000
2026-09-11 21:45:44.598,1789143344,R_10,4836.7250,0.0000,0.000
2026-09-11 21:45:46.543,1789143346,R_10,4836.3890,0.0000,0.000
2026-09-11 21:45:48.588,1789143348,R_10,4836.5270,0.0000,0.000
2026-09-11 21:45:50.638,1789143350,R_10,4836.5830,0.0000,0.000
2026-09-11 21:45:52.519,1789143352,R_10,4836.5060,0.0000,0.000
2026-09-11 21:45:54.621,1789143354,R_10,4836.6640,0.0000,0.000
2026-09-11 21:45:56.566,1789143356,R_10,4836.3810,0.0000,0.000
2026-09-11 21:45:58.513,1789143358,R_10,4836.5140,0.0000,0.000
2026-09-11 21:46:00.570,1789143360,R_10,4836.6170,0.0000,0.000
2026-09-11 21:46:02.618,1789143362,R_10,4836.3770,0.0000,0.000
2026-09-11 21:46:04.554,1789143364,R_10,4836.3850,0.0000,0.000
2026-09-11 21:46:06.510,1789143366,R_10,4836.5300,0.0000,0.000
2026-09-11 21:46:08.689,1789143368,R_10,4836.6570,0.0000,0.000
2026-09-11 21:46:10.638,1789143370,R_10,4836.7330,0.0000,0.000
2026-09-11 21:46:12.568,1789143372,R_10,4836.7340,0.0000,0.000
2026-09-11 21:46:14.590,1789143374,R_10,4836.7020,0.0000,0.000
2026-09-11 21:46:16.545,1789143376,R_10,4836.7320,0.0000,0.000
2026-09-11 21:46:18.591,1789143378,R_10,4836.8260,0.0000,0.000
2026-09-11 21:46:20.519,1789143380,R_10,4836.7370,0.0000,0.000
2026-09-11 21:46:22.592,1789143382,R_10,4836.8590,0.0000,0.000
2026-09-11 21:46:24.627,1789143384,R_10,4836.7600,0.0000,0.000
2026-09-11 21:46:26.498,1789143386,R_10,4836.6600,0.0000,0.000
2026-09-11 21:46:28.526,1789143388,R_10,4836.5640,0.0000,0.000
2026-09-11 21:46:30.574,1789143390,R_10,4836.5320,0.0000,0.000
2026-09-11 21:46:32.725,1789143392,R_10,4836.5290,0.0000,0.000
2026-09-11 21:46:34.567,1789143394,R_10,4836.9030,0.0000,0.000
2026-09-11 21:46:36.514,1789143396,R_10,4836.9380,0.0000,0.000
2026-09-11 21:46:38.693,1789143398,R_10,4836.9840,0.0000,0.000
2026-09-11 21:46:40.637,1789143400,R_10,4836.9430,0.0000,0.000
2026-09-11 21:46:42.581,1789143402,R_10,4836.9580,0.0000,0.000
2026-09-11 21:46:44.593,1789143404,R_10,4837.1530,0.0000,0.000
2026-09-11 21:46:46.549,1789143406,R_10,4837.0390,0.0000,0.000
2026-09-11 21:46:48.698,1789143408,R_10,4837.0440,0.0000,0.000
2026-09-11 21:46:50.532,1789143410,R_10,4837.0740,0.0000,0.000
2026-09-11 21:46:52.590,1789143412,R_10,4837.2700,0.0000,0.000
2026-09-11 21:46:54.528,1789143414,R_10,4836.9870,0.0000,0.000
2026-09-11 21:46:56.471,1789143416,R_10,4837.0090,0.0000,0.000
2026-09-11 21:46:58.456,1789143418,R_10,4837.0210,0.0000,0.000
2026-09-11 21:47:00.571,1789143420,R_10,4836.8440,0.0000,0.000
2026-09-11 21:47:02.515,1789143422,R_10,4837.0590,0.0000,0.000
2026-09-11 21:47:04.673,1789143424,R_10,4837.2410,0.0000,0.000
2026-09-11 21:47:06.619,1789143426,R_10,4837.2790,0.0000,0.000
2026-09-11 21:47:08.689,1789143428,R_10,4837.2670,0.0000,0.000
2026-09-11 21:47:10.629,1789143430,R_10,4837.3370,0.0000,0.000
2026-09-11 21:47:12.652,1789143432,R_10,4837.3250,0.0000,0.000
2026-09-11 21:47:14.598,1789143434,R_10,4837.2870,0.0000,0.000
2026-09-11 21:47:16.550,1789143436,R_10,4837.3770,0.0000,0.000
2026-09-11 21:47:18.600,1789143438,R_10,4837.3730,0.0000,0.000
2026-09-11 21:47:20.647,1789143440,R_10,4837.2040,0.0000,0.000
2026-09-11 21:47:22.583,1789143442,R_10,4837.2660,0.0000,0.000
2026-09-11 21:47:24.529,1789143444,R_10,4837.1980,0.0000,0.000
2026-09-11 21:47:26.578,1789143446,R_10,4837.1140,0.0000,0.000
2026-09-11 21:47:28.524,1789143448,R_10,4836.7740,0.0000,0.000
2026-09-11 21:47:30.580,1789143450,R_10,4836.9370,0.0000,0.000
2026-09-11 21:47:32.517,1789143452,R_10,4837.1280,0.0000,0.000
2026-09-11 21:47:34.574,1789143454,R_10,4837.1920,0.0000,0.000
2026-09-11 21:47:36.611,1789143456,R_10,4837.1930,0.0000,0.000
2026-09-11 21:47:38.681,1789143458,R_10,4837.2890,0.0000,0.000
2026-09-11 21:47:40.621,1789143460,R_10,4837.1320,0.0000,0.000
2026-09-11 21:47:42.567,1789143462,R_10,4837.1890,0.0000,0.000
2026-09-11 21:47:44.501,1789143464,R_10,4837.2890,0.0000,0.000
2026-09-11 21:47:46.547,1789143466,R_10,4837.2050,0.0000,0.000
2026-09-11 21:47:48.604,1789143468,R_10,4836.9760,0.0000,0.000
2026-09-11 21:47:50.549,1789143470,R_10,4837.3980,0.0000,0.000
2026-09-11 21:47:52.587,1789143472,R_10,4837.2620,0.0000,0.000
2026-09-11 21:47:54.536,1789143474,R_10,4837.2280,0.0000,0.000
2026-09-11 21:47:56.789,1789143476,R_10,4837.1080,0.0000,0.000
2026-09-11 21:47:58.629,1789143478,R_10,4837.0290,0.0000,0.000
2026-09-11 21:48:00.584,1789143480,R_10,4836.9560,0.0000,0.000
2026-09-11 21:48:02.621,1789143482,R_10,4836.7960,0.0000,0.000
2026-09-11 21:48:04.578,1789143484,R_10,4836.9250,0.0000,0.000
2026-09-11 21:48:06.522,1789143486,R_10,4836.8000,0.0000,0.000
2026-09-11 21:48:08.685,1789143488,R_10,4836.9860,0.0000,0.000
2026-09-11 21:48:10.647,1789143490,R_10,4837.0330,0.0000,0.000
2026-09-11 21:48:12.564,1789143492,R_10,4836.8870,0.0000,0.000
2026-09-11 21:48:14.612,1789143494,R_10,4836.9010,0.0000,0.000
2026-09-11 21:48:16.558,1789143496,R_10,4837.1370,0.0000,0.000
2026-09-11 21:48:18.607,1789143498,R_10,4837.2450,0.0000,0.000
2026-09-11 21:48:20.654,1789143500,R_10,4837.2310,0.0000,0.000
2026-09-11 21:48:22.600,1789143502,R_10,4837.3070,0.0000,0.000
2026-09-11 21:48:24.535,1789143504,R_10,4837.2950,0.0000,0.000
2026-09-11 21:48:26.587,1789143506,R_10,4837.4720,0.0000,0.000
2026-09-11 21:48:28.529,1789143508,R_10,4837.4650,0.0000,0.000
2026-09-11 21:48:30.586,1789143510,R_10,4837.4090,0.0000,0.000
2026-09-11 21:48:32.635,1789143512,R_10,4837.4310,0.0000,0.000
2026-09-11 21:48:34.673,1789143514,R_10,4837.4880,0.0000,0.000
2026-09-11 21:48:36.628,1789143516,R_10,4837.1590,0.0000,0.000
2026-09-11 21:48:38.688,1789143518,R_10,4837.2760,0.0000,0.000
2026-09-11 21:48:40.629,1789143520,R_10,4837.2020,0.0000,0.000
2026-09-11 21:48:42.573,1789143522,R_10,4837.3900,0.0000,0.000
2026-09-11 21:48:44.512,1789143524,R_10,4837.3890,0.0000,0.000
2026-09-11 21:48:46.561,1789143526,R_10,4837.2840,0.0000,0.000
2026-09-11 21:48:48.610,1789143528,R_10,4837.3960,0.0000,0.000
2026-09-11 21:48:50.555,1789143530,R_10,4837.6160,0.0000,0.000
2026-09-11 21:48:52.604,1789143532,R_10,4837.5580,0.0000,0.000
2026-09-11 21:48:54.537,1789143534,R_10,4837.5120,0.0000,0.000
2026-09-11 21:48:56.589,1789143536,R_10,4837.5030,0.0000,0.000
2026-09-11 21:48:58.536,1789143538,R_10,4837.3600,0.0000,0.000
2026-09-11 21:49:00.581,1789143540,R_10,4837.1920,0.0000,0.000
2026-09-11 21:49:02.535,1789143542,R_10,4837.3480,0.0000,0.000
2026-09-11 21:49:04.578,1789143544,R_10,4837.3640,0.0000,0.000
2026-09-11 21:49:06.530,1789143546,R_10,4837.4060,0.0000,0.000
2026-09-11 21:49:08.685,1789143548,R_10,4837.2560,0.0000,0.000
2026-09-11 21:49:10.631,1789143550,R_10,4837.0960,0.0000,0.000
2026-09-11 21:49:12.763,1789143552,R_10,4837.1850,0.0000,0.000
2026-09-11 21:49:14.470,1789143554,R_10,4837.1920,0.0000,0.000
2026-09-11 21:49:16.564,1789143556,R_10,4837.0970,0.0000,0.000
2026-09-11 21:49:18.484,1789143558,R_10,4837.0070,0.0000,0.000
2026-09-11 21:49:20.549,1789143560,R_10,4837.0530,0.0000,0.000
2026-09-11 21:49:22.605,1789143562,R_10,4837.1810,0.0000,0.000
2026-09-11 21:49:24.545,1789143564,R_10,4837.2670,0.0000,0.000
2026-09-11 21:49:26.590,1789143566,R_10,4837.1140,0.0000,0.000
2026-09-11 21:49:28.537,1789143568,R_10,4836.9600,0.0000,0.000
2026-09-11 21:49:30.593,1789143570,R_10,4837.0080,0.0000,0.000
2026-09-11 21:49:32.539,1789143572,R_10,4837.0060,0.0000,0.000
2026-09-11 21:49:34.524,1789143574,R_10,4837.0120,0.0000,0.000
2026-09-11 21:49:36.525,1789143576,R_10,4836.8600,0.0000,0.000
2026-09-11 21:49:38.470,1789143578,R_10,4837.0900,0.0000,0.000
2026-09-11 21:49:40.625,1789143580,R_10,4837.2400,0.0000,0.000
2026-09-11 21:49:42.579,1789143582,R_10,4837.2710,0.0000,0.000
2026-09-11 21:49:44.520,1789143584,R_10,4837.2840,0.0000,0.000
2026-09-11 21:49:46.579,1789143586,R_10,4837.4430,0.0000,0.000
2026-09-11 21:49:48.616,1789143588,R_10,4837.1730,0.0000,0.000
2026-09-11 21:49:50.664,1789143590,R_10,4837.2570,0.0000,0.000
2026-09-11 21:49:52.508,1789143592,R_10,4837.1530,0.0000,0.000
2026-09-11 21:49:54.548,1789143594,R_10,4837.2430,0.0000,0.000
2026-09-11 21:49:56.491,1789143596,R_10,4837.2900,0.0000,0.000
2026-09-11 21:49:58.539,1789143598,R_10,4837.2790,0.0000,0.000
2026-09-11 21:50:00.596,1789143600,R_10,4837.3140,0.0000,0.000
2026-09-11 21:50:02.569,1789143602,R_10,4837.4240,0.0000,0.000
2026-09-11 21:50:04.581,1789143604,R_10,4837.4560,0.0000,0.000
2026-09-11 21:50:06.639,1789143606,R_10,4837.2870,0.0000,0.000
2026-09-11 21:50:08.693,1789143608,R_10,4837.3370,0.0000,0.000
2026-09-11 21:50:10.633,1789143610,R_10,4837.3120,0.0000,0.000
2026-09-11 21:50:12.572,1789143612,R_10,4837.2060,0.0000,0.000
2026-09-11 21:50:14.523,1789143614,R_10,4837.0950,0.0000,0.000
2026-09-11 21:50:16.561,1789143616,R_10,4836.8930,0.0000,0.000
2026-09-11 21:50:18.610,1789143618,R_10,4836.9460,0.0000,0.000
2026-09-11 21:50:20.564,1789143620,R_10,4837.0860,0.0000,0.000
2026-09-11 21:50:22.500,1789143622,R_10,4837.1600,0.0000,0.000
2026-09-11 21:50:24.472,1789143624,R_10,4837.2420,0.0000,0.000
2026-09-11 21:50:26.526,1789143626,R_10,4837.4150,0.0000,0.000
2026-09-11 21:50:28.552,1789143628,R_10,4837.5830,0.0000,0.000
2026-09-11 21:50:30.489,1789143630,R_10,4837.7140,0.0000,0.000
2026-09-11 21:50:32.546,1789143632,R_10,4837.6190,0.0000,0.000
2026-09-11 21:50:34.481,1789143634,R_10,4837.6710,0.0000,0.000
2026-09-11 21:50:36.540,1789143636,R_10,4837.9080,0.0000,0.000
2026-09-11 21:50:38.681,1789143638,R_10,4838.0500,0.0000,0.000
2026-09-11 21:50:40.625,1789143640,R_10,4838.0360,0.0000,0.000
2026-09-11 21:50:42.572,1789143642,R_10,4837.9630,0.0000,0.000
2026-09-11 21:50:44.527,1789143644,R_10,4837.8050,0.0000,0.000
2026-09-11 21:50:46.465,1789143646,R_10,4837.8470,0.0000,0.000
2026-09-11 21:50:48.615,1789143648,R_10,4837.9600,0.0000,0.000
2026-09-11 21:50:50.569,1789143650,R_10,4837.7610,0.0000,0.000
2026-09-11 21:50:52.504,1789143652,R_10,4837.8250,0.0000,0.000
2026-09-11 21:50:54.554,1789143654,R_10,4837.9090,0.0000,0.000
2026-09-11 21:50:56.600,1789143656,R_10,4837.8680,0.0000,0.000
2026-09-11 21:50:58.556,1789143658,R_10,4837.7590,0.0000,0.000
2026-09-11 21:51:00.596,1789143660,R_10,4837.7280,0.0000,0.000
2026-09-11 21:51:02.539,1789143662,R_10,4837.7110,0.0000,0.000
2026-09-11 21:51:04.598,1789143664,R_10,4837.6730,0.0000,0.000
2026-09-11 21:51:06.639,1789143666,R_10,4837.8570,0.0000,0.000
2026-09-11 21:51:08.681,1789143668,R_10,4837.9850,0.0000,0.000
2026-09-11 21:51:10.624,1789143670,R_10,4838.0030,0.0000,0.000
2026-09-11 21:51:12.575,1789143672,R_10,4837.9730,0.0000,0.000
2026-09-11 21:51:14.632,1789143674,R_10,4838.0000,0.0000,0.000
2026-09-11 21:51:16.579,1789143676,R_10,4837.9430,0.0000,0.000
2026-09-11 21:51:18.523,1789143678,R_10,4837.6960,0.0000,0.000
2026-09-11 21:51:20.773,1789143680,R_10,4837.4950,0.0000,0.000
2026-09-11 21:51:22.509,1789143682,R_10,4837.5350,0.0000,0.000
2026-09-11 21:51:24.474,1789143684,R_10,4837.6040,0.0000,0.000
2026-09-11 21:51:26.504,1789143686,R_10,4837.6010,0.0000,0.000
2026-09-11 21:51:28.558,1789143688,R_10,4837.5600,0.0000,0.000
2026-09-11 21:51:30.808,1789143690,R_10,4837.5060,0.0000,0.000
2026-09-11 21:51:32.553,1789143692,R_10,4837.3860,0.0000,0.000
2026-09-11 21:51:34.600,1789143694,R_10,4837.3030,0.0000,0.000
2026-09-11 21:51:36.545,1789143696,R_10,4837.4970,0.0000,0.000
2026-09-11 21:51:38.685,1789143698,R_10,4837.4300,0.0000,0.000
2026-09-11 21:51:40.627,1789143700,R_10,4837.4390,0.0000,0.000
2026-09-11 21:51:42.966,1789143702,R_10,4837.3400,0.0000,0.000
2026-09-11 21:51:44.534,1789143704,R_10,4837.2570,0.0000,0.000
2026-09-11 21:51:46.571,1789143706,R_10,4837.2470,0.0000,0.000
2026-09-11 21:51:48.460,1789143708,R_10,4837.2550,0.0000,0.000
2026-09-11 21:51:50.575,1789143710,R_10,4837.2920,0.0000,0.000
2026-09-11 21:51:52.513,1789143712,R_10,4837.4620,0.0000,0.000
2026-09-11 21:51:54.558,1789143714,R_10,4837.2350,0.0000,0.000
2026-09-11 21:51:56.504,1789143716,R_10,4837.1270,0.0000,0.000
2026-09-11 21:51:58.555,1789143718,R_10,4837.0510,0.0000,0.000
2026-09-11 21:52:00.611,1789143720,R_10,4836.9970,0.0000,0.000
2026-09-11 21:52:02.546,1789143722,R_10,4836.8910,0.0000,0.000
2026-09-11 21:52:04.502,1789143724,R_10,4836.7990,0.0000,0.000
2026-09-11 21:52:06.549,1789143726,R_10,4836.6320,0.0000,0.000
2026-09-11 21:52:08.693,1789143728,R_10,4836.6370,0.0000,0.000
2026-09-11 21:52:10.633,1789143730,R_10,4836.6200,0.0000,0.000
2026-09-11 21:52:12.582,1789143732,R_10,4836.5180,0.0000,0.000
2026-09-11 21:52:14.537,1789143734,R_10,4836.5020,0.0000,0.000
2026-09-11 21:52:16.584,1789143736,R_10,4836.5710,0.0000,0.000
2026-09-11 21:52:18.739,1789143738,R_10,4836.6540,0.0000,0.000
2026-09-11 21:52:20.578,1789143740,R_10,4836.6650,0.0000,0.000
2026-09-11 21:52:22.523,1789143742,R_10,4836.5390,0.0000,0.000
2026-09-11 21:52:24.563,1789143744,R_10,4836.6320,0.0000,0.000
2026-09-11 21:52:26.507,1789143746,R_10,4836.4860,0.0000,0.000
2026-09-11 21:52:28.656,1789143748,R_10,4836.6130,0.0000,0.000
2026-09-11 21:52:30.613,1789143750,R_10,4836.6170,0.0000,0.000
2026-09-11 21:52:32.563,1789143752,R_10,4836.6520,0.0000,0.000
2026-09-11 21:52:34.607,1789143754,R_10,4836.5890,0.0000,0.000
2026-09-11 21:52:36.552,1789143756,R_10,4836.6650,0.0000,0.000
2026-09-11 21:52:38.686,1789143758,R_10,4836.7940,0.0000,0.000
2026-09-11 21:52:40.625,1789143760,R_10,4836.6750,0.0000,0.000
2026-09-11 21:52:42.584,1789143762,R_10,4836.7380,0.0000,0.000
2026-09-11 21:52:44.642,1789143764,R_10,4836.7420,0.0000,0.000
2026-09-11 21:52:46.588,1789143766,R_10,4836.7360,0.0000,0.000
2026-09-11 21:52:48.505,1789143768,R_10,4836.7430,0.0000,0.000
2026-09-11 21:52:50.507,1789143770,R_10,4836.9270,0.0000,0.000
2026-09-11 21:52:52.503,1789143772,R_10,4837.0110,0.0000,0.000
2026-09-11 21:52:54.565,1789143774,R_10,4837.0330,0.0000,0.000
2026-09-11 21:52:56.514,1789143776,R_10,4836.7960,0.0000,0.000
2026-09-11 21:52:58.559,1789143778,R_10,4836.6880,0.0000,0.000
2026-09-11 21:53:00.505,1789143780,R_10,4836.6180,0.0000,0.000
2026-09-11 21:53:02.664,1789143782,R_10,4836.5880,0.0000,0.000
2026-09-11 21:53:04.610,1789143784,R_10,4836.5290,0.0000,0.000
2026-09-11 21:53:06.554,1789143786,R_10,4836.6270,0.0000,0.000
2026-09-11 21:53:08.493,1789143788,R_10,4836.7540,0.0000,0.000
2026-09-11 21:53:10.634,1789143790,R_10,4836.7830,0.0000,0.000
2026-09-11 21:53:12.588,1789143792,R_10,4836.6970,0.0000,0.000
2026-09-11 21:53:14.533,1789143794,R_10,4836.7680,0.0000,0.000
2026-09-11 21:53:16.479,1789143796,R_10,4836.8020,0.0000,0.000
2026-09-11 21:53:18.531,1789143798,R_10,4836.9360,0.0000,0.000
2026-09-11 21:53:20.585,1789143800,R_10,4836.9910,0.0000,0.000
2026-09-11 21:53:22.623,1789143802,R_10,4837.0860,0.0000,0.000
2026-09-11 21:53:24.861,1789143804,R_10,4836.9100,0.0000,0.000
2026-09-11 21:53:26.514,1789143806,R_10,4836.8350,0.0000,0.000
2026-09-11 21:53:28.563,1789143808,R_10,4836.9630,0.0000,0.000
2026-09-11 21:53:30.611,1789143810,R_10,4837.0960,0.0000,0.000
2026-09-11 21:53:32.565,1789143812,R_10,4836.9690,0.0000,0.000
2026-09-11 21:53:34.604,1789143814,R_10,4837.0880,0.0000,0.000
2026-09-11 21:53:36.558,1789143816,R_10,4836.9610,0.0000,0.000
2026-09-11 21:53:38.685,1789143818,R_10,4836.8700,0.0000,0.000
2026-09-11 21:53:40.624,1789143820,R_10,4836.7860,0.0000,0.000
2026-09-11 21:53:42.568,1789143822,R_10,4836.7360,0.0000,0.000
2026-09-11 21:53:44.537,1789143824,R_10,4836.8390,0.0000,0.000
2026-09-11 21:53:46.593,1789143826,R_10,4836.7750,0.0000,0.000
2026-09-11 21:53:48.643,1789143828,R_10,4836.7930,0.0000,0.000
2026-09-11 21:53:50.485,1789143830,R_10,4837.0490,0.0000,0.000
2026-09-11 21:53:52.537,1789143832,R_10,4836.9720,0.0000,0.000
2026-09-11 21:53:54.469,1789143834,R_10,4837.0510,0.0000,0.000
2026-09-11 21:53:56.518,1789143836,R_10,4837.0390,0.0000,0.000
2026-09-11 21:53:58.678,1789143838,R_10,4836.9780,0.0000,0.000
2026-09-11 21:54:00.520,1789143840,R_10,4837.2370,0.0000,0.000
2026-09-11 21:54:02.569,1789143842,R_10,4837.4860,0.0000,0.000
2026-09-11 21:54:04.507,1789143844,R_10,4837.5740,0.0000,0.000
2026-09-11 21:54:06.553,1789143846,R_10,4837.2940,0.0000,0.000
2026-09-11 21:54:08.684,1789143848,R_10,4837.3710,0.0000,0.000
2026-09-11 21:54:10.627,1789143850,R_10,4837.3750,0.0000,0.000
2026-09-11 21:54:12.565,1789143852,R_10,4837.3220,0.0000,0.000
2026-09-11 21:54:14.553,1789143854,R_10,4837.2980,0.0000,0.000
2026-09-11 21:54:16.496,1789143856,R_10,4837.3180,0.0000,0.000
2026-09-11 21:54:18.543,1789143858,R_10,4837.3370,0.0000,0.000
2026-09-11 21:54:20.591,1789143860,R_10,4837.3560,0.0000,0.000
2026-09-11 21:54:22.536,1789143862,R_10,4837.2430,0.0000,0.000
2026-09-11 21:54:24.576,1789143864,R_10,4837.2240,0.0000,0.000
2026-09-11 21:54:26.490,1789143866,R_10,4837.2530,0.0000,0.000
2026-09-11 21:54:28.579,1789143868,R_10,4837.2480,0.0000,0.000
2026-09-11 21:54:30.627,1789143870,R_10,4837.3100,0.0000,0.000
2026-09-11 21:54:32.664,1789143872,R_10,4837.1920,0.0000,0.000
2026-09-11 21:54:34.624,1789143874,R_10,4837.2010,0.0000,0.000
2026-09-11 21:54:36.566,1789143876,R_10,4837.2860,0.0000,0.000
2026-09-11 21:54:38.689,1789143878,R_10,4837.3750,0.0000,0.000
2026-09-11 21:54:40.630,1789143880,R_10,4837.4760,0.0000,0.000
2026-09-11 21:54:42.576,1789143882,R_10,4837.4050,0.0000,0.000
2026-09-11 21:54:44.553,1789143884,R_10,4837.3360,0.0000,0.000
2026-09-11 21:54:46.489,1789143886,R_10,4837.1660,0.0000,0.000
2026-09-11 21:54:48.547,1789143888,R_10,4837.0900,0.0000,0.000
2026-09-11 21:54:50.594,1789143890,R_10,4837.0840,0.0000,0.000
2026-09-11 21:54:52.541,1789143892,R_10,4836.8120,0.0000,0.000
2026-09-11 21:54:54.531,1789143894,R_10,4836.8580,0.0000,0.000
2026-09-11 21:54:56.801,1789143896,R_10,4836.8920,0.0000,0.000
2026-09-11 21:54:58.577,1789143898,R_10,4836.8170,0.0000,0.000
2026-09-11 21:55:00.527,1789143900,R_10,4836.7810,0.0000,0.000
2026-09-11 21:55:02.576,1789143902,R_10,4836.8710,0.0000,0.000
2026-09-11 21:55:04.482,1789143904,R_10,4836.9080,0.0000,0.000
2026-09-11 21:55:06.570,1789143906,R_10,4836.9040,0.0000,0.000
2026-09-11 21:55:08.689,1789143908,R_10,4836.9470,0.0000,0.000
2026-09-11 21:55:10.647,1789143910,R_10,4836.9560,0.0000,0.000
2026-09-11 21:55:12.580,1789143912,R_10,4836.8510,0.0000,0.000
2026-09-11 21:55:14.550,1789143914,R_10,4836.6460,0.0000,0.000
2026-09-11 21:55:16.707,1789143916,R_10,4836.8570,0.0000,0.000
2026-09-11 21:55:18.550,1789143918,R_10,4836.8180,0.0000,0.000
2026-09-11 21:55:20.598,1789143920,R_10,4836.6900,0.0000,0.000
2026-09-11 21:55:22.543,1789143922,R_10,4836.6820,0.0000,0.000
2026-09-11 21:55:24.582,1789143924,R_10,4836.5500,0.0000,0.000
2026-09-11 21:55:26.528,1789143926,R_10,4836.6750,0.0000,0.000
2026-09-11 21:55:28.579,1789143928,R_10,4836.6460,0.0000,0.000
2026-09-11 21:55:30.531,1789143930,R_10,4836.6850,0.0000,0.000
2026-09-11 21:55:32.579,1789143932,R_10,4836.7930,0.0000,0.000
2026-09-11 21:55:34.627,1789143934,R_10,4836.7730,0.0000,0.000
2026-09-11 21:55:36.461,1789143936,R_10,4836.8180,0.0000,0.000
2026-09-11 21:55:38.692,1789143938,R_10,4836.7410,0.0000,0.000
2026-09-11 21:55:40.629,1789143940,R_10,4836.7660,0.0000,0.000
2026-09-11 21:55:42.574,1789143942,R_10,4836.5360,0.0000,0.000
2026-09-11 21:55:44.550,1789143944,R_10,4836.5920,0.0000,0.000
2026-09-11 21:55:46.608,1789143946,R_10,4836.4540,0.0000,0.000
2026-09-11 21:55:48.557,1789143948,R_10,4836.5260,0.0000,0.000
2026-09-11 21:55:50.908,1789143950,R_10,4836.3340,0.0000,0.000
2026-09-11 21:55:52.546,1789143952,R_10,4836.3250,0.0000,0.000
2026-09-11 21:55:54.585,1789143954,R_10,4836.5510,0.0000,0.000
2026-09-11 21:55:56.534,1789143956,R_10,4836.5790,0.0000,0.000
2026-09-11 21:55:58.581,1789143958,R_10,4836.6160,0.0000,0.000
2026-09-11 21:56:00.525,1789143960,R_10,4836.5120,0.0000,0.000
2026-09-11 21:56:02.585,1789143962,R_10,4836.5610,0.0000,0.000
2026-09-11 21:56:04.483,1789143964,R_10,4836.5920,0.0000,0.000
2026-09-11 21:56:06.487,1789143966,R_10,4836.7520,0.0000,0.000
2026-09-11 21:56:08.681,1789143968,R_10,4836.6530,0.0000,0.000
2026-09-11 21:56:10.625,1789143970,R_10,4836.7230,0.0000,0.000
2026-09-11 21:56:12.609,1789143972,R_10,4836.6450,0.0000,0.000
2026-09-11 21:56:14.537,1789143974,R_10,4836.5560,0.0000,0.000
2026-09-11 21:56:16.614,1789143976,R_10,4836.8060,0.0000,0.000
2026-09-11 21:56:18.550,1789143978,R_10,4836.8460,0.0000,0.000
2026-09-11 21:56:20.608,1789143980,R_10,4836.7390,0.0000,0.000
2026-09-11 21:56:22.550,1789143982,R_10,4836.5160,0.0000,0.000
2026-09-11 21:56:24.486,1789143984,R_10,4836.4260,0.0000,0.000
2026-09-11 21:56:26.536,1789143986,R_10,4836.6560,0.0000,0.000
2026-09-11 21:56:28.592,1789143988,R_10,4836.8030,0.0000,0.000
2026-09-11 21:56:30.506,1789143990,R_10,4836.7450,0.0000,0.000
2026-09-11 21:56:32.585,1789143992,R_10,4836.4570,0.0000,0.000
2026-09-11 21:56:34.457,1789143994,R_10,4836.5590,0.0000,0.000
2026-09-11 21:56:36.470,1789143996,R_10,4836.7070,0.0000,0.000
2026-09-11 21:56:38.680,1789143998,R_10,4836.5900,0.0000,0.000
2026-09-11 21:56:40.621,1789144000,R_10,4836.5340,0.0000,0.000
2026-09-11 21:56:42.565,1789144002,R_10,4836.6330,0.0000,0.000
2026-09-11 21:56:44.567,1789144004,R_10,4836.5860,0.0000,0.000
2026-09-11 21:56:46.512,1789144006,R_10,4836.5570,0.0000,0.000
2026-09-11 21:56:48.662,1789144008,R_10,4836.6730,0.0000,0.000
2026-09-11 21:56:50.509,1789144010,R_10,4836.7510,0.0000,0.000
2026-09-11 21:56:52.509,1789144012,R_10,4836.7060,0.0000,0.000
2026-09-11 21:56:54.489,1789144014,R_10,4836.5800,0.0000,0.000
2026-09-11 21:56:56.797,1789144016,R_10,4836.6940,0.0000,0.000
2026-09-11 21:56:58.598,1789144018,R_10,4836.5960,0.0000,0.000
2026-09-11 21:57:00.541,1789144020,R_10,4836.5370,0.0000,0.000
2026-09-11 21:57:02.900,1789144022,R_10,4836.5650,0.0000,0.000
2026-09-11 21:57:04.538,1789144024,R_10,4836.4550,0.0000,0.000
2026-09-11 21:57:06.582,1789144026,R_10,4836.5540,0.0000,0.000
2026-09-11 21:57:08.685,1789144028,R_10,4836.6450,0.0000,0.000
2026-09-11 21:57:10.625,1789144030,R_10,4836.7620,0.0000,0.000
2026-09-11 21:57:12.573,1789144032,R_10,4836.8350,0.0000,0.000
2026-09-11 21:57:14.563,1789144034,R_10,4836.8160,0.0000,0.000
2026-09-11 21:57:16.506,1789144036,R_10,4837.0610,0.0000,0.000
2026-09-11 21:57:18.498,1789144038,R_10,4837.0560,0.0000,0.000
2026-09-11 21:57:20.460,1789144040,R_10,4837.2280,0.0000,0.000
2026-09-11 21:57:22.503,1789144042,R_10,4837.3250,0.0000,0.000
2026-09-11 21:57:24.489,1789144044,R_10,4837.3750,0.0000,0.000
2026-09-11 21:57:26.483,1789144046,R_10,4837.5480,0.0000,0.000
2026-09-11 21:57:28.967,1789144048,R_10,4837.4040,0.0000,0.000
2026-09-11 21:57:30.586,1789144050,R_10,4837.5860,0.0000,0.000
2026-09-11 21:57:32.583,1789144052,R_10,4837.4630,0.0000,0.000
2026-09-11 21:57:34.494,1789144054,R_10,4837.7400,0.0000,0.000
2026-09-11 21:57:36.576,1789144056,R_10,4837.5600,0.0000,0.000
2026-09-11 21:57:38.691,1789144058,R_10,4837.6100,0.0000,0.000
2026-09-11 21:57:40.640,1789144060,R_10,4837.5090,0.0000,0.000
2026-09-11 21:57:42.584,1789144062,R_10,4837.5300,0.0000,0.000
2026-09-11 21:57:44.565,1789144064,R_10,4837.5600,0.0000,0.000
2026-09-11 21:57:46.509,1789144066,R_10,4837.7260,0.0000,0.000
2026-09-11 21:57:48.817,1789144068,R_10,4837.5770,0.0000,0.000
2026-09-11 21:57:50.500,1789144070,R_10,4837.4740,0.0000,0.000
2026-09-11 21:57:52.552,1789144072,R_10,4837.5300,0.0000,0.000
2026-09-11 21:57:54.599,1789144074,R_10,4837.5460,0.0000,0.000
2026-09-11 21:57:56.547,1789144076,R_10,4837.2320,0.0000,0.000
2026-09-11 21:57:58.645,1789144078,R_10,4837.2870,0.0000,0.000
2026-09-11 21:58:00.539,1789144080,R_10,4837.2410,0.0000,0.000
2026-09-11 21:58:02.586,1789144082,R_10,4837.3530,0.0000,0.000
2026-09-11 21:58:04.636,1789144084,R_10,4837.5600,0.0000,0.000
2026-09-11 21:58:06.589,1789144086,R_10,4837.4600,0.0000,0.000
2026-09-11 21:58:08.693,1789144088,R_10,4837.4200,0.0000,0.000
2026-09-11 21:58:10.632,1789144090,R_10,4837.4400,0.0000,0.000
2026-09-11 21:58:12.622,1789144092,R_10,4837.3920,0.0000,0.000
2026-09-11 21:58:14.568,1789144094,R_10,4837.3870,0.0000,0.000
2026-09-11 21:58:16.522,1789144096,R_10,4837.2310,0.0000,0.000
2026-09-11 21:58:18.562,1789144098,R_10,4837.3050,0.0000,0.000
2026-09-11 21:58:20.516,1789144100,R_10,4837.1900,0.0000,0.000
2026-09-11 21:58:22.567,1789144102,R_10,4837.1390,0.0000,0.000
2026-09-11 21:58:24.500,1789144104,R_10,4837.2280,0.0000,0.000
2026-09-11 21:58:26.548,1789144106,R_10,4837.3040,0.0000,0.000
2026-09-11 21:58:28.606,1789144108,R_10,4837.2730,0.0000,0.000
2026-09-11 21:58:30.554,1789144110,R_10,4837.5510,0.0000,0.000
2026-09-11 21:58:32.602,1789144112,R_10,4837.4770,0.0000,0.000
2026-09-11 21:58:34.548,1789144114,R_10,4837.5070,0.0000,0.000
2026-09-11 21:58:36.596,1789144116,R_10,4837.3070,0.0000,0.000
2026-09-11 21:58:38.689,1789144118,R_10,4837.1150,0.0000,0.000
2026-09-11 21:58:40.680,1789144120,R_10,4837.2610,0.0000,0.000
2026-09-11 21:58:42.573,1789144122,R_10,4837.2070,0.0000,0.000
2026-09-11 21:58:44.607,1789144124,R_10,4837.3210,0.0000,0.000
2026-09-11 21:58:46.632,1789144126,R_10,4837.5520,0.0000,0.000
2026-09-11 21:58:48.557,1789144128,R_10,4837.4210,0.0000,0.000
2026-09-11 21:58:50.824,1789144130,R_10,4837.4610,0.0000,0.000
2026-09-11 21:58:52.571,1789144132,R_10,4837.5990,0.0000,0.000
2026-09-11 21:58:54.607,1789144134,R_10,4837.5330,0.0000,0.000
2026-09-11 21:58:56.553,1789144136,R_10,4837.6830,0.0000,0.000
2026-09-11 21:58:58.613,1789144138,R_10,4837.7860,0.0000,0.000
2026-09-11 21:59:00.865,1789144140,R_10,4837.8520,0.0000,0.000
2026-09-11 21:59:02.602,1789144142,R_10,4837.7300,0.0000,0.000
2026-09-11 21:59:04.540,1789144144,R_10,4837.6470,0.0000,0.000
2026-09-11 21:59:06.899,1789144146,R_10,4837.6910,0.0000,0.000
2026-09-11 21:59:08.684,1789144148,R_10,4837.9260,0.0000,0.000
2026-09-11 21:59:11.093,1789144150,R_10,4837.9980,0.0000,0.000
2026-09-11 21:59:12.568,1789144152,R_10,4838.1880,0.0000,0.000
2026-09-11 21:59:14.585,1789144154,R_10,4838.3700,0.0000,0.000
2026-09-11 21:59:16.635,1789144156,R_10,4838.4290,0.0000,0.000
2026-09-11 21:59:18.581,1789144158,R_10,4838.3350,0.0000,0.000
2026-09-11 21:59:20.680,1789144160,R_10,4838.3460,0.0000,0.000
2026-09-11 21:59:22.575,1789144162,R_10,4838.6410,0.0000,0.000
2026-09-11 21:59:24.612,1789144164,R_10,4838.7490,0.0000,0.000
2026-09-11 21:59:26.557,1789144166,R_10,4838.8530,0.0000,0.000
2026-09-11 21:59:28.616,1789144168,R_10,4838.7760,0.0000,0.000
2026-09-11 21:59:30.708,1789144170,R_10,4838.7940,0.0000,0.000
2026-09-11 21:59:32.610,1789144172,R_10,4838.7980,0.0000,0.000
2026-09-11 21:59:34.556,1789144174,R_10,4838.6740,0.0000,0.000
2026-09-11 21:59:36.595,1789144176,R_10,4838.7970,0.0000,0.000
2026-09-11 21:59:38.689,1789144178,R_10,4838.7900,0.0000,0.000
2026-09-11 21:59:40.633,1789144180,R_10,4838.8810,0.0000,0.000
2026-09-11 21:59:42.634,1789144182,R_10,4839.0530,0.0000,0.000
2026-09-11 21:59:44.694,1789144184,R_10,4838.8620,0.0000,0.000
2026-09-11 21:59:46.537,1789144186,R_10,4838.8360,0.0000,0.000
2026-09-11 21:59:48.498,1789144188,R_10,4838.9420,0.0000,0.000
2026-09-11 21:59:50.539,1789144190,R_10,4839.0180,0.0000,0.000
2026-09-11 21:59:52.579,1789144192,R_10,4838.7130,0.0000,0.000
2026-09-11 21:59:54.614,1789144194,R_10,4838.7250,0.0000,0.000
2026-09-11 21:59:56.546,1789144196,R_10,4838.5990,0.0000,0.000
2026-09-11 21:59:58.620,1789144198,R_10,4838.6100,0.0000,0.000
2026-09-11 22:00:00.567,1789144200,R_10,4838.3510,0.0000,0.000
2026-09-11 22:00:02.614,1789144202,R_10,4838.4390,0.0000,0.000
2026-09-11 22:00:04.560,1789144204,R_10,4838.4020,0.0000,0.000
2026-09-11 22:00:06.605,1789144206,R_10,4838.2570,0.0000,0.000
2026-09-11 22:00:08.688,1789144208,R_10,4838.0860,0.0000,0.000
2026-09-11 22:00:10.629,1789144210,R_10,4838.0340,0.0000,0.000
2026-09-11 22:00:12.569,1789144212,R_10,4838.0050,0.0000,0.000
2026-09-11 22:00:14.584,1789144214,R_10,4837.8170,0.0000,0.000
2026-09-11 22:00:16.643,1789144216,R_10,4837.7200,0.0000,0.000
2026-09-11 22:00:18.589,1789144218,R_10,4837.7170,0.0000,0.000
2026-09-11 22:00:20.625,1789144220,R_10,4837.7280,0.0000,0.000
2026-09-11 22:00:22.784,1789144222,R_10,4837.3330,0.0000,0.000
2026-09-11 22:00:24.496,1789144224,R_10,4837.2450,0.0000,0.000
2026-09-11 22:00:26.462,1789144226,R_10,4837.3940,0.0000,0.000
2026-09-11 22:00:28.613,1789144228,R_10,4837.4680,0.0000,0.000
2026-09-11 22:00:30.557,1789144230,R_10,4837.4440,0.0000,0.000
2026-09-11 22:00:33.029,1789144232,R_10,4837.3910,0.0000,0.000
2026-09-11 22:00:34.487,1789144234,R_10,4837.5240,0.0000,0.000
2026-09-11 22:00:36.498,1789144236,R_10,4837.6270,0.0000,0.000
2026-09-11 22:00:38.689,1789144238,R_10,4837.5770,0.0000,0.000
2026-09-11 22:00:40.633,1789144240,R_10,4837.6570,0.0000,0.000
2026-09-11 22:00:43.090,1789144242,R_10,4837.6800,0.0000,0.000
2026-09-11 22:00:44.497,1789144244,R_10,4837.6170,0.0000,0.000
2026-09-11 22:00:46.647,1789144246,R_10,4837.4570,0.0000,0.000
2026-09-11 22:00:48.592,1789144248,R_10,4837.4520,0.0000,0.000
2026-09-11 22:00:50.526,1789144250,R_10,4837.4460,0.0000,0.000
2026-09-11 22:00:52.630,1789144252,R_10,4837.4540,0.0000,0.000
2026-09-11 22:00:54.491,1789144254,R_10,4837.3340,0.0000,0.000
2026-09-11 22:00:56.568,1789144256,R_10,4837.4410,0.0000,0.000
2026-09-11 22:01:00.217,1789144258,R_10,4837.4790,0.0000,0.000
2026-09-11 22:01:00.529,1789144260,R_10,4837.4920,0.0000,0.000
2026-09-11 22:01:02.611,1789144262,R_10,4837.3610,0.0000,0.000
2026-09-11 22:01:04.567,1789144264,R_10,4837.2610,0.0000,0.000
2026-09-11 22:01:06.615,1789144266,R_10,4837.3450,0.0000,0.000
2026-09-11 22:01:08.681,1789144268,R_10,4837.1980,0.0000,0.000
2026-09-11 22:01:10.621,1789144270,R_10,4837.3510,0.0000,0.000
2026-09-11 22:01:12.573,1789144272,R_10,4837.2780,0.0000,0.000
2026-09-11 22:01:14.500,1789144274,R_10,4837.1120,0.0000,0.000
2026-09-11 22:01:16.548,1789144276,R_10,4837.1370,0.0000,0.000
2026-09-11 22:01:18.587,1789144278,R_10,4837.0350,0.0000,0.000
2026-09-11 22:01:20.644,1789144280,R_10,4836.9970,0.0000,0.000
2026-09-11 22:01:22.579,1789144282,R_10,4837.0090,0.0000,0.000
2026-09-11 22:01:24.525,1789144284,R_10,4837.1420,0.0000,0.000
2026-09-11 22:01:26.573,1789144286,R_10,4837.0500,0.0000,0.000
2026-09-11 22:01:28.529,1789144288,R_10,4837.1690,0.0000,0.000
2026-09-11 22:01:30.574,1789144290,R_10,4837.0590,0.0000,0.000
2026-09-11 22:01:32.625,1789144292,R_10,4837.0850,0.0000,0.000
2026-09-11 22:01:34.571,1789144294,R_10,4836.9610,0.0000,0.000
2026-09-11 22:01:36.619,1789144296,R_10,4836.9580,0.0000,0.000
2026-09-11 22:01:38.681,1789144298,R_10,4837.1640,0.0000,0.000
2026-09-11 22:01:40.621,1789144300,R_10,4837.1550,0.0000,0.000
2026-09-11 22:01:42.560,1789144302,R_10,4837.1160,0.0000,0.000
2026-09-11 22:01:44.910,1789144304,R_10,4837.1710,0.0000,0.000
2026-09-11 22:01:46.654,1789144306,R_10,4837.3840,0.0000,0.000
2026-09-11 22:01:48.497,1789144308,R_10,4837.3480,0.0000,0.000
2026-09-11 22:01:50.536,1789144310,R_10,4837.4460,0.0000,0.000
2026-09-11 22:01:52.593,1789144312,R_10,4837.4730,0.0000,0.000
2026-09-11 22:01:54.939,1789144314,R_10,4837.3740,0.0000,0.000
2026-09-11 22:01:56.532,1789144316,R_10,4837.3880,0.0000,0.000
2026-09-11 22:01:58.533,1789144318,R_10,4837.3690,0.0000,0.000
2026-09-11 22:02:00.581,1789144320,R_10,4837.3420,0.0000,0.000
2026-09-11 22:02:02.731,1789144322,R_10,4837.1650,0.0000,0.000
2026-09-11 22:02:04.624,1789144324,R_10,4837.3190,0.0000,0.000
2026-09-11 22:02:06.541,1789144326,R_10,4837.2360,0.0000,0.000
2026-09-11 22:02:08.689,1789144328,R_10,4837.3360,0.0000,0.000
2026-09-11 22:02:10.629,1789144330,R_10,4837.5230,0.0000,0.000
2026-09-11 22:02:12.569,1789144332,R_10,4837.6300,0.0000,0.000
2026-09-11 22:02:14.651,1789144334,R_10,4837.5250,0.0000,0.000
2026-09-11 22:02:16.543,1789144336,R_10,4837.5500,0.0000,0.000
2026-09-11 22:02:18.603,1789144338,R_10,4837.5270,0.0000,0.000
2026-09-11 22:02:20.549,1789144340,R_10,4837.5330,0.0000,0.000
2026-09-11 22:02:22.597,1789144342,R_10,4837.4010,0.0000,0.000
2026-09-11 22:02:24.532,1789144344,R_10,4837.4520,0.0000,0.000
2026-09-11 22:02:26.789,1789144346,R_10,4837.6690,0.0000,0.000
2026-09-11 22:02:28.629,1789144348,R_10,4837.8890,0.0000,0.000
2026-09-11 22:02:30.585,1789144350,R_10,4838.0810,0.0000,0.000
2026-09-11 22:02:32.530,1789144352,R_10,4838.0510,0.0000,0.000
2026-09-11 22:02:34.567,1789144354,R_10,4837.9510,0.0000,0.000
2026-09-11 22:02:36.515,1789144356,R_10,4837.8910,0.0000,0.000
2026-09-11 22:02:38.458,1789144358,R_10,4837.8460,0.0000,0.000
2026-09-11 22:02:40.621,1789144360,R_10,4837.8930,0.0000,0.000
2026-09-11 22:02:42.565,1789144362,R_10,4837.7900,0.0000,0.000
2026-09-11 22:02:44.511,1789144364,R_10,4837.8450,0.0000,0.000
2026-09-11 22:02:46.559,1789144366,R_10,4837.9910,0.0000,0.000
2026-09-11 22:02:48.710,1789144368,R_10,4838.0280,0.0000,0.000
2026-09-11 22:02:50.450,1789144370,R_10,4838.1390,0.0000,0.000
2026-09-11 22:02:52.703,1789144372,R_10,4838.1710,0.0000,0.000
2026-09-11 22:02:54.536,1789144374,R_10,4838.0970,0.0000,0.000
2026-09-11 22:02:56.481,1789144376,R_10,4838.1510,0.0000,0.000
2026-09-11 22:02:58.530,1789144378,R_10,4838.1720,0.0000,0.000
2026-09-11 22:03:00.577,1789144380,R_10,4838.1650,0.0000,0.000
2026-09-11 22:03:02.633,1789144382,R_10,4838.1360,0.0000,0.000
2026-09-11 22:03:04.582,1789144384,R_10,4838.0970,0.0000,0.000
2026-09-11 22:03:06.630,1789144386,R_10,4837.9400,0.0000,0.000
2026-09-11 22:03:08.685,1789144388,R_10,4837.9310,0.0000,0.000
2026-09-11 22:03:10.625,1789144390,R_10,4837.8890,0.0000,0.000
2026-09-11 22:03:12.565,1789144392,R_10,4837.9070,0.0000,0.000
2026-09-11 22:03:14.617,1789144394,R_10,4837.9820,0.0000,0.000
2026-09-11 22:03:16.908,1789144396,R_10,4837.9990,0.0000,0.000
2026-09-11 22:03:18.532,1789144398,R_10,4838.1280,0.0000,0.000
2026-09-11 22:03:20.556,1789144400,R_10,4837.9830,0.0000,0.000
2026-09-11 22:03:22.604,1789144402,R_10,4837.9230,0.0000,0.000
2026-09-11 22:03:24.538,1789144404,R_10,4837.9260,0.0000,0.000
2026-09-11 22:03:27.181,1789144406,R_10,4837.6960,0.0000,0.000
2026-09-11 22:03:28.535,1789144408,R_10,4837.8300,0.0000,0.000
2026-09-11 22:03:30.592,1789144410,R_10,4837.6830,0.0000,0.000
2026-09-11 22:03:32.738,1789144412,R_10,4837.4850,0.0000,0.000
2026-09-11 22:03:34.575,1789144414,R_10,4837.6090,0.0000,0.000
2026-09-11 22:03:36.573,1789144416,R_10,4837.8570,0.0000,0.000
2026-09-11 22:03:38.693,1789144418,R_10,4837.7530,0.0000,0.000
2026-09-11 22:03:40.636,1789144420,R_10,4837.9310,0.0000,0.000
2026-09-11 22:03:42.573,1789144422,R_10,4837.9530,0.0000,0.000
2026-09-11 22:03:44.480,1789144424,R_10,4838.1060,0.0000,0.000
2026-09-11 22:03:46.659,1789144426,R_10,4838.0190,0.0000,0.000
2026-09-11 22:03:48.717,1789144428,R_10,4838.2530,0.0000,0.000
2026-09-11 22:03:50.766,1789144430,R_10,4838.3030,0.0000,0.000
2026-09-11 22:03:52.608,1789144432,R_10,4838.2450,0.0000,0.000
2026-09-11 22:03:54.544,1789144434,R_10,4838.4980,0.0000,0.000
2026-09-11 22:03:56.455,1789144436,R_10,4838.4610,0.0000,0.000
2026-09-11 22:03:58.539,1789144438,R_10,4838.4380,0.0000,0.000
2026-09-11 22:04:00.502,1789144440,R_10,4838.5970,0.0000,0.000
2026-09-11 22:04:02.644,1789144442,R_10,4838.7030,0.0000,0.000
2026-09-11 22:04:04.578,1789144444,R_10,4838.6170,0.0000,0.000
2026-09-11 22:04:06.503,1789144446,R_10,4838.5040,0.0000,0.000
2026-09-11 22:04:08.681,1789144448,R_10,4838.5620,0.0000,0.000
2026-09-11 22:04:10.625,1789144450,R_10,4838.4600,0.0000,0.000
2026-09-11 22:04:12.576,1789144452,R_10,4838.2820,0.0000,0.000
2026-09-11 22:04:14.439,1789144454,R_10,4838.2170,0.0000,0.000
2026-09-11 22:04:16.570,1789144456,R_10,4838.3950,0.0000,0.000
2026-09-11 22:04:18.543,1789144458,R_10,4838.4490,0.0000,0.000
2026-09-11 22:04:20.553,1789144460,R_10,4838.4690,0.0000,0.000
2026-09-11 22:04:22.509,1789144462,R_10,4838.3360,0.0000,0.000
2026-09-11 22:04:24.546,1789144464,R_10,4838.4910,0.0000,0.000
2026-09-11 22:04:26.594,1789144466,R_10,4838.6630,0.0000,0.000
2026-09-11 22:04:28.551,1789144468,R_10,4838.6230,0.0000,0.000
2026-09-11 22:04:30.587,1789144470,R_10,4838.5270,0.0000,0.000
2026-09-11 22:04:32.546,1789144472,R_10,4838.3380,0.0000,0.000
2026-09-11 22:04:34.585,1789144474,R_10,4838.1070,0.0000,0.000
2026-09-11 22:04:36.632,1789144476,R_10,4838.0930,0.0000,0.000
2026-09-11 22:04:38.733,1789144478,R_10,4838.2300,0.0000,0.000
2026-09-11 22:04:40.648,1789144480,R_10,4838.3770,0.0000,0.000
2026-09-11 22:04:42.585,1789144482,R_10,4838.3580,0.0000,0.000
2026-09-11 22:04:44.628,1789144484,R_10,4838.3550,0.0000,0.000
2026-09-11 22:04:46.577,1789144486,R_10,4838.3950,0.0000,0.000
2026-09-11 22:04:49.031,1789144488,R_10,4838.3150,0.0000,0.000
2026-09-11 22:04:50.559,1789144490,R_10,4838.2910,0.0000,0.000
2026-09-11 22:04:52.615,1789144492,R_10,4838.3360,0.0000,0.000
2026-09-11 22:04:54.653,1789144494,R_10,4838.4350,0.0000,0.000
2026-09-11 22:04:56.785,1789144496,R_10,4838.2640,0.0000,0.000
2026-09-11 22:04:58.700,1789144498,R_10,4838.3850,0.0000,0.000
2026-09-11 22:05:00.528,1789144500,R_10,4838.4470,0.0000,0.000
2026-09-11 22:05:02.651,1789144502,R_10,4838.3020,0.0000,0.000
2026-09-11 22:05:04.596,1789144504,R_10,4838.2480,0.0000,0.000
2026-09-11 22:05:06.748,1789144506,R_10,4838.1140,0.0000,0.000
2026-09-11 22:05:08.581,1789144508,R_10,4838.0370,0.0000,0.000
2026-09-11 22:05:10.622,1789144510,R_10,4838.2450,0.0000,0.000
2026-09-11 22:05:12.574,1789144512,R_10,4838.3860,0.0000,0.000
2026-09-11 22:05:14.529,1789144514,R_10,4838.2150,0.0000,0.000
2026-09-11 22:05:16.577,1789144516,R_10,4838.1750,0.0000,0.000
2026-09-11 22:05:18.515,1789144518,R_10,4838.0710,0.0000,0.000
2026-09-11 22:05:20.561,1789144520,R_10,4838.1740,0.0000,0.000
2026-09-11 22:05:22.517,1789144522,R_10,4838.3510,0.0000,0.000
2026-09-11 22:05:24.553,1789144524,R_10,4838.4180,0.0000,0.000
2026-09-11 22:05:26.502,1789144526,R_10,4838.3570,0.0000,0.000
2026-09-11 22:05:28.458,1789144528,R_10,4838.2490,0.0000,0.000
2026-09-11 22:05:30.607,1789144530,R_10,4838.2900,0.0000,0.000
2026-09-11 22:05:32.553,1789144532,R_10,4838.3260,0.0000,0.000
2026-09-11 22:05:34.600,1789144534,R_10,4838.2950,0.0000,0.000
2026-09-11 22:05:36.534,1789144536,R_10,4838.3290,0.0000,0.000
2026-09-11 22:05:38.681,1789144538,R_10,4838.3940,0.0000,0.000
2026-09-11 22:05:40.621,1789144540,R_10,4838.5460,0.0000,0.000
2026-09-11 22:05:42.577,1789144542,R_10,4838.6310,0.0000,0.000
2026-09-11 22:05:44.533,1789144544,R_10,4838.6540,0.0000,0.000
2026-09-11 22:05:46.581,1789144546,R_10,4838.9230,0.0000,0.000
2026-09-11 22:05:48.526,1789144548,R_10,4838.6210,0.0000,0.000
2026-09-11 22:05:50.574,1789144550,R_10,4838.3450,0.0000,0.000
2026-09-11 22:05:52.520,1789144552,R_10,4838.4400,0.0000,0.000
2026-09-11 22:05:54.499,1789144554,R_10,4838.4820,0.0000,0.000
2026-09-11 22:05:56.796,1789144556,R_10,4838.4260,0.0000,0.000
2026-09-11 22:05:58.554,1789144558,R_10,4838.5780,0.0000,0.000
2026-09-11 22:06:00.712,1789144560,R_10,4838.3320,0.0000,0.000
2026-09-11 22:06:02.453,1789144562,R_10,4838.2700,0.0000,0.000
2026-09-11 22:06:04.604,1789144564,R_10,4837.9980,0.0000,0.000
2026-09-11 22:06:06.744,1789144566,R_10,4838.0300,0.0000,0.000
2026-09-11 22:06:08.685,1789144568,R_10,4838.0310,0.0000,0.000
2026-09-11 22:06:10.688,1789144570,R_10,4838.0060,0.0000,0.000
2026-09-11 22:06:12.579,1789144572,R_10,4838.1450,0.0000,0.000
2026-09-11 22:06:14.639,1789144574,R_10,4838.3130,0.0000,0.000
2026-09-11 22:06:16.584,1789144576,R_10,4838.1020,0.0000,0.000
2026-09-11 22:06:18.632,1789144578,R_10,4837.8270,0.0000,0.000
2026-09-11 22:06:21.192,1789144580,R_10,4837.6590,0.0000,0.000
2026-09-11 22:06:22.498,1789144582,R_10,4837.6710,0.0000,0.000
2026-09-11 22:06:24.562,1789144584,R_10,4837.6580,0.0000,0.000
2026-09-11 22:06:26.494,1789144586,R_10,4837.5440,0.0000,0.000
2026-09-11 22:06:28.557,1789144588,R_10,4837.5420,0.0000,0.000
2026-09-11 22:06:30.655,1789144590,R_10,4837.3380,0.0000,0.000
2026-09-11 22:06:32.661,1789144592,R_10,4837.3480,0.0000,0.000
2026-09-11 22:06:34.607,1789144594,R_10,4837.2700,0.0000,0.000
2026-09-11 22:06:36.754,1789144596,R_10,4837.3590,0.0000,0.000
2026-09-11 22:06:38.685,1789144598,R_10,4837.2020,0.0000,0.000
2026-09-11 22:06:40.712,1789144600,R_10,4837.0980,0.0000,0.000
2026-09-11 22:06:42.585,1789144602,R_10,4837.0920,0.0000,0.000
2026-09-11 22:06:44.633,1789144604,R_10,4837.0500,0.0000,0.000
2026-09-11 22:06:46.588,1789144606,R_10,4836.9310,0.0000,0.000
2026-09-11 22:06:48.636,1789144608,R_10,4836.9850,0.0000,0.000
2026-09-11 22:06:50.571,1789144610,R_10,4836.8800,0.0000,0.000
2026-09-11 22:06:52.629,1789144612,R_10,4836.7590,0.0000,0.000
2026-09-11 22:06:54.560,1789144614,R_10,4836.7740,0.0000,0.000
2026-09-11 22:06:56.793,1789144616,R_10,4836.7310,0.0000,0.000
2026-09-11 22:06:58.672,1789144618,R_10,4836.8720,0.0000,0.000
2026-09-11 22:07:00.581,1789144620,R_10,4836.8480,0.0000,0.000
2026-09-11 22:07:02.462,1789144622,R_10,4837.0570,0.0000,0.000
2026-09-11 22:07:04.610,1789144624,R_10,4837.2810,0.0000,0.000
2026-09-11 22:07:06.863,1789144626,R_10,4837.2650,0.0000,0.000
2026-09-11 22:07:08.696,1789144628,R_10,4837.4080,0.0000,0.000
2026-09-11 22:07:10.625,1789144630,R_10,4837.2080,0.0000,0.000
2026-09-11 22:07:12.565,1789144632,R_10,4837.1420,0.0000,0.000
2026-09-11 22:07:14.544,1789144634,R_10,4837.1110,0.0000,0.000
2026-09-11 22:07:16.591,1789144636,R_10,4837.1540,0.0000,0.000
2026-09-11 22:07:18.629,1789144638,R_10,4837.2540,0.0000,0.000
2026-09-11 22:07:20.585,1789144640,R_10,4837.1410,0.0000,0.000
2026-09-11 22:07:22.736,1789144642,R_10,4836.9050,0.0000,0.000
2026-09-11 22:07:24.570,1789144644,R_10,4836.8140,0.0000,0.000
2026-09-11 22:07:26.528,1789144646,R_10,4836.9050,0.0000,0.000
2026-09-11 22:07:28.564,1789144648,R_10,4837.0590,0.0000,0.000
2026-09-11 22:07:30.621,1789144650,R_10,4837.0990,0.0000,0.000
2026-09-11 22:07:32.873,1789144652,R_10,4836.9610,0.0000,0.000
2026-09-11 22:07:34.614,1789144654,R_10,4836.8110,0.0000,0.000
2026-09-11 22:07:36.765,1789144656,R_10,4836.7080,0.0000,0.000
2026-09-11 22:07:38.689,1789144658,R_10,4836.6880,0.0000,0.000
2026-09-11 22:07:40.644,1789144660,R_10,4836.6080,0.0000,0.000
2026-09-11 22:07:42.638,1789144662,R_10,4836.6980,0.0000,0.000
2026-09-11 22:07:44.641,1789144664,R_10,4836.6590,0.0000,0.000
2026-09-11 22:07:46.520,1789144666,R_10,4836.5840,0.0000,0.000
2026-09-11 22:07:48.643,1789144668,R_10,4836.8550,0.0000,0.000
2026-09-11 22:07:50.590,1789144670,R_10,4837.0430,0.0000,0.000
2026-09-11 22:07:52.777,1789144672,R_10,4837.1920,0.0000,0.000
2026-09-11 22:07:54.572,1789144674,R_10,4837.1840,0.0000,0.000
2026-09-11 22:07:56.784,1789144676,R_10,4837.1740,0.0000,0.000
2026-09-11 22:07:58.576,1789144678,R_10,4837.2500,0.0000,0.000
2026-09-11 22:08:00.627,1789144680,R_10,4837.1960,0.0000,0.000
2026-09-11 22:08:02.663,1789144682,R_10,4837.3580,0.0000,0.000
2026-09-11 22:08:04.547,1789144684,R_10,4837.5540,0.0000,0.000
2026-09-11 22:08:06.763,1789144686,R_10,4837.5910,0.0000,0.000
2026-09-11 22:08:08.680,1789144688,R_10,4837.4630,0.0000,0.000
2026-09-11 22:08:10.620,1789144690,R_10,4837.3920,0.0000,0.000
2026-09-11 22:08:12.575,1789144692,R_10,4837.2430,0.0000,0.000
2026-09-11 22:08:14.544,1789144694,R_10,4837.5030,0.0000,0.000
2026-09-11 22:08:16.601,1789144696,R_10,4837.6590,0.0000,0.000
2026-09-11 22:08:18.544,1789144698,R_10,4837.8200,0.0000,0.000
2026-09-11 22:08:20.593,1789144700,R_10,4837.8050,0.0000,0.000
2026-09-11 22:08:22.640,1789144702,R_10,4837.5490,0.0000,0.000
2026-09-11 22:08:24.575,1789144704,R_10,4837.2870,0.0000,0.000
2026-09-11 22:08:26.793,1789144706,R_10,4837.2530,0.0000,0.000
2026-09-11 22:08:28.571,1789144708,R_10,4837.2880,0.0000,0.000
2026-09-11 22:08:30.618,1789144710,R_10,4837.1290,0.0000,0.000
2026-09-11 22:08:32.574,1789144712,R_10,4837.1110,0.0000,0.000
2026-09-11 22:08:34.509,1789144714,R_10,4837.2490,0.0000,0.000
2026-09-11 22:08:36.670,1789144716,R_10,4837.3890,0.0000,0.000
2026-09-11 22:08:38.685,1789144718,R_10,4837.6140,0.0000,0.000
2026-09-11 22:08:40.629,1789144720,R_10,4837.7250,0.0000,0.000
2026-09-11 22:08:42.599,1789144722,R_10,4837.6890,0.0000,0.000
2026-09-11 22:08:44.547,1789144724,R_10,4837.7490,0.0000,0.000
2026-09-11 22:08:46.592,1789144726,R_10,4837.8460,0.0000,0.000
2026-09-11 22:08:48.650,1789144728,R_10,4837.8700,0.0000,0.000
2026-09-11 22:08:50.800,1789144730,R_10,4837.8350,0.0000,0.000
2026-09-11 22:08:52.541,1789144732,R_10,4838.0120,0.0000,0.000
2026-09-11 22:08:54.633,1789144734,R_10,4838.0050,0.0000,0.000
2026-09-11 22:08:56.525,1789144736,R_10,4837.9630,0.0000,0.000
2026-09-11 22:08:58.587,1789144738,R_10,4837.9540,0.0000,0.000
2026-09-11 22:09:00.632,1789144740,R_10,4838.1210,0.0000,0.000
2026-09-11 22:09:02.679,1789144742,R_10,4838.1000,0.0000,0.000
2026-09-11 22:09:04.858,1789144744,R_10,4838.0900,0.0000,0.000
2026-09-11 22:09:06.562,1789144746,R_10,4838.1900,0.0000,0.000
2026-09-11 22:09:08.681,1789144748,R_10,4838.1130,0.0000,0.000
2026-09-11 22:09:11.585,1789144750,R_10,4838.1380,0.0000,0.000
2026-09-11 22:09:12.604,1789144752,R_10,4838.0340,0.0000,0.000
2026-09-11 22:09:14.613,1789144754,R_10,4837.9400,0.0000,0.000
2026-09-11 22:09:16.505,1789144756,R_10,4837.8960,0.0000,0.000
2026-09-11 22:09:18.655,1789144758,R_10,4838.0900,0.0000,0.000
2026-09-11 22:09:20.601,1789144760,R_10,4838.0670,0.0000,0.000
2026-09-11 22:09:22.641,1789144762,R_10,4837.8550,0.0000,0.000
2026-09-11 22:09:24.639,1789144764,R_10,4837.9830,0.0000,0.000
2026-09-11 22:09:26.789,1789144766,R_10,4837.8760,0.0000,0.000
2026-09-11 22:09:28.590,1789144768,R_10,4837.8720,0.0000,0.000
2026-09-11 22:09:30.524,1789144770,R_10,4837.7650,0.0000,0.000
2026-09-11 22:09:32.580,1789144772,R_10,4837.8740,0.0000,0.000
2026-09-11 22:09:34.629,1789144774,R_10,4837.8400,0.0000,0.000
2026-09-11 22:09:36.573,1789144776,R_10,4837.9990,0.0000,0.000
2026-09-11 22:09:38.685,1789144778,R_10,4837.9140,0.0000,0.000
2026-09-11 22:09:40.625,1789144780,R_10,4837.9860,0.0000,0.000
2026-09-11 22:09:42.605,1789144782,R_10,4838.2540,0.0000,0.000
2026-09-11 22:09:44.581,1789144784,R_10,4838.3500,0.0000,0.000
2026-09-11 22:09:46.499,1789144786,R_10,4838.4010,0.0000,0.000
2026-09-11 22:09:48.556,1789144788,R_10,4838.5330,0.0000,0.000
2026-09-11 22:09:50.603,1789144790,R_10,4838.5440,0.0000,0.000
2026-09-11 22:09:52.652,1789144792,R_10,4838.5640,0.0000,0.000
2026-09-11 22:09:54.587,1789144794,R_10,4838.5120,0.0000,0.000
2026-09-11 22:09:56.789,1789144796,R_10,4838.3980,0.0000,0.000
2026-09-11 22:09:58.494,1789144798,R_10,4838.1920,0.0000,0.000
2026-09-11 22:10:00.535,1789144800,R_10,4838.1780,0.0000,0.000
2026-09-11 22:10:02.789,1789144802,R_10,4838.2700,0.0000,0.000
2026-09-11 22:10:04.734,1789144804,R_10,4838.0660,0.0000,0.000
2026-09-11 22:10:06.580,1789144806,R_10,4838.0760,0.0000,0.000
2026-09-11 22:10:08.689,1789144808,R_10,4838.0660,0.0000,0.000
2026-09-11 22:10:10.637,1789144810,R_10,4838.1430,0.0000,0.000
2026-09-11 22:10:12.586,1789144812,R_10,4838.3620,0.0000,0.000
2026-09-11 22:10:14.658,1789144814,R_10,4838.2780,0.0000,0.000
2026-09-11 22:10:16.715,1789144816,R_10,4838.2510,0.0000,0.000
2026-09-11 22:10:18.550,1789144818,R_10,4838.0800,0.0000,0.000
2026-09-11 22:10:20.596,1789144820,R_10,4838.0500,0.0000,0.000
2026-09-11 22:10:22.655,1789144822,R_10,4837.9630,0.0000,0.000
2026-09-11 22:10:24.591,1789144824,R_10,4838.0280,0.0000,0.000
2026-09-11 22:10:26.946,1789144826,R_10,4838.0450,0.0000,0.000
2026-09-11 22:10:28.588,1789144828,R_10,4838.0230,0.0000,0.000
2026-09-11 22:10:30.540,1789144830,R_10,4837.8360,0.0000,0.000
2026-09-11 22:10:32.549,1789144832,R_10,4837.6840,0.0000,0.000
2026-09-11 22:10:34.635,1789144834,R_10,4837.4930,0.0000,0.000
2026-09-11 22:10:36.637,1789144836,R_10,4837.3600,0.0000,0.000
2026-09-11 22:10:38.680,1789144838,R_10,4837.4460,0.0000,0.000
2026-09-11 22:10:40.621,1789144840,R_10,4837.6120,0.0000,0.000
2026-09-11 22:10:42.612,1789144842,R_10,4837.6220,0.0000,0.000
2026-09-11 22:10:44.560,1789144844,R_10,4837.5520,0.0000,0.000
2026-09-11 22:10:46.599,1789144846,R_10,4837.5090,0.0000,0.000
2026-09-11 22:10:48.555,1789144848,R_10,4837.5060,0.0000,0.000
2026-09-11 22:10:50.600,1789144850,R_10,4837.4290,0.0000,0.000
2026-09-11 22:10:52.657,1789144852,R_10,4837.5840,0.0000,0.000
2026-09-11 22:10:54.593,1789144854,R_10,4837.2930,0.0000,0.000
2026-09-11 22:10:56.800,1789144856,R_10,4837.1800,0.0000,0.000
2026-09-11 22:10:58.587,1789144858,R_10,4837.4690,0.0000,0.000
2026-09-11 22:11:00.645,1789144860,R_10,4837.7110,0.0000,0.000
2026-09-11 22:11:02.599,1789144862,R_10,4837.8350,0.0000,0.000
2026-09-11 22:11:04.557,1789144864,R_10,4837.8510,0.0000,0.000
2026-09-11 22:11:06.585,1789144866,R_10,4837.9250,0.0000,0.000
2026-09-11 22:11:08.685,1789144868,R_10,4837.8930,0.0000,0.000
2026-09-11 22:11:10.625,1789144870,R_10,4837.8860,0.0000,0.000
2026-09-11 22:11:12.565,1789144872,R_10,4837.8410,0.0000,0.000
2026-09-11 22:11:14.572,1789144874,R_10,4837.8250,0.0000,0.000
2026-09-11 22:11:16.619,1789144876,R_10,4838.1000,0.0000,0.000
2026-09-11 22:11:18.769,1789144878,R_10,4838.2210,0.0000,0.000
2026-09-11 22:11:20.614,1789144880,R_10,4838.2210,0.0000,0.000
2026-09-11 22:11:22.551,1789144882,R_10,4838.0970,0.0000,0.000
2026-09-11 22:11:24.494,1789144884,R_10,4837.9950,0.0000,0.000
2026-09-11 22:11:26.544,1789144886,R_10,4838.2540,0.0000,0.000
2026-09-11 22:11:28.593,1789144888,R_10,4838.4080,0.0000,0.000
2026-09-11 22:11:30.548,1789144890,R_10,4838.6310,0.0000,0.000
2026-09-11 22:11:32.596,1789144892,R_10,4838.8070,0.0000,0.000
2026-09-11 22:11:34.644,1789144894,R_10,4839.0530,0.0000,0.000
2026-09-11 22:11:36.588,1789144896,R_10,4839.0440,0.0000,0.000
2026-09-11 22:11:38.685,1789144898,R_10,4839.0240,0.0000,0.000
2026-09-11 22:11:40.625,1789144900,R_10,4839.1000,0.0000,0.000
2026-09-11 22:11:42.622,1789144902,R_10,4839.0870,0.0000,0.000
2026-09-11 22:11:44.577,1789144904,R_10,4839.1650,0.0000,0.000
2026-09-11 22:11:46.624,1789144906,R_10,4839.1930,0.0000,0.000
2026-09-11 22:11:48.775,1789144908,R_10,4839.0150,0.0000,0.000
2026-09-11 22:11:50.616,1789144910,R_10,4839.0070,0.0000,0.000
2026-09-11 22:11:52.551,1789144912,R_10,4839.0190,0.0000,0.000
2026-09-11 22:11:54.600,1789144914,R_10,4839.0670,0.0000,0.000
2026-09-11 22:11:56.548,1789144916,R_10,4839.0370,0.0000,0.000
2026-09-11 22:11:59.312,1789144918,R_10,4839.0050,0.0000,0.000
2026-09-11 22:12:00.512,1789144920,R_10,4839.0390,0.0000,0.000
2026-09-11 22:12:02.588,1789144922,R_10,4839.0890,0.0000,0.000
2026-09-11 22:12:04.850,1789144924,R_10,4839.1000,0.0000,0.000
2026-09-11 22:12:06.582,1789144926,R_10,4839.0050,0.0000,0.000
2026-09-11 22:12:08.685,1789144928,R_10,4838.8810,0.0000,0.000
2026-09-11 22:12:10.780,1789144930,R_10,4838.9760,0.0000,0.000
2026-09-11 22:12:12.565,1789144932,R_10,4838.9110,0.0000,0.000
2026-09-11 22:12:14.578,1789144934,R_10,4838.8070,0.0000,0.000
2026-09-11 22:12:16.730,1789144936,R_10,4838.7930,0.0000,0.000
2026-09-11 22:12:18.666,1789144938,R_10,4838.8010,0.0000,0.000
2026-09-11 22:12:20.620,1789144940,R_10,4838.6930,0.0000,0.000
2026-09-11 22:12:22.566,1789144942,R_10,4838.6050,0.0000,0.000
2026-09-11 22:12:24.604,1789144944,R_10,4838.4750,0.0000,0.000
2026-09-11 22:12:26.551,1789144946,R_10,4838.4430,0.0000,0.000
2026-09-11 22:12:28.608,1789144948,R_10,4838.3170,0.0000,0.000
2026-09-11 22:12:30.545,1789144950,R_10,4838.5200,0.0000,0.000
2026-09-11 22:12:32.593,1789144952,R_10,4838.1830,0.0000,0.000
2026-09-11 22:12:34.651,1789144954,R_10,4838.2860,0.0000,0.000
2026-09-11 22:12:36.597,1789144956,R_10,4838.1320,0.0000,0.000
2026-09-11 22:12:38.681,1789144958,R_10,4838.0600,0.0000,0.000
2026-09-11 22:12:40.621,1789144960,R_10,4838.0590,0.0000,0.000
2026-09-11 22:12:42.627,1789144962,R_10,4838.1810,0.0000,0.000
2026-09-11 22:12:44.518,1789144964,R_10,4838.2980,0.0000,0.000
2026-09-11 22:12:46.623,1789144966,R_10,4838.3510,0.0000,0.000
2026-09-11 22:12:48.669,1789144968,R_10,4838.3130,0.0000,0.000
2026-09-11 22:12:50.516,1789144970,R_10,4838.1480,0.0000,0.000
2026-09-11 22:12:52.675,1789144972,R_10,4838.0310,0.0000,0.000
2026-09-11 22:12:54.610,1789144974,R_10,4837.9560,0.0000,0.000
2026-09-11 22:12:56.532,1789144976,R_10,4837.9460,0.0000,0.000
2026-09-11 22:12:58.547,1789144978,R_10,4838.1410,0.0000,0.000
2026-09-11 22:13:00.561,1789144980,R_10,4838.2230,0.0000,0.000
2026-09-11 22:13:02.540,1789144982,R_10,4838.2190,0.0000,0.000
2026-09-11 22:13:04.653,1789144984,R_10,4838.2400,0.0000,0.000
2026-09-11 22:13:06.599,1789144986,R_10,4838.1270,0.0000,0.000
2026-09-11 22:13:08.684,1789144988,R_10,4838.0540,0.0000,0.000
2026-09-11 22:13:10.633,1789144990,R_10,4838.0880,0.0000,0.000
2026-09-11 22:13:12.633,1789144992,R_10,4838.0910,0.0000,0.000
2026-09-11 22:13:14.586,1789144994,R_10,4838.3180,0.0000,0.000
2026-09-11 22:13:16.634,1789144996,R_10,4838.4350,0.0000,0.000
2026-09-11 22:13:18.580,1789144998,R_10,4838.3230,0.0000,0.000
2026-09-11 22:13:20.621,1789145000,R_10,4838.4950,0.0000,0.000
2026-09-11 22:13:22.670,1789145002,R_10,4838.5200,0.0000,0.000
2026-09-11 22:13:24.572,1789145004,R_10,4838.7530,0.0000,0.000
2026-09-11 22:13:26.788,1789145006,R_10,4839.0450,0.0000,0.000
2026-09-11 22:13:28.558,1789145008,R_10,4839.1180,0.0000,0.000
2026-09-11 22:13:30.550,1789145010,R_10,4839.0550,0.0000,0.000
2026-09-11 22:13:32.533,1789145012,R_10,4838.9660,0.0000,0.000
2026-09-11 22:13:34.548,1789145014,R_10,4839.1280,0.0000,0.000
2026-09-11 22:13:36.697,1789145016,R_10,4839.2150,0.0000,0.000
2026-09-11 22:13:38.689,1789145018,R_10,4839.1390,0.0000,0.000
2026-09-11 22:13:40.629,1789145020,R_10,4838.9860,0.0000,0.000
2026-09-11 22:13:42.633,1789145022,R_10,4839.0520,0.0000,0.000
2026-09-11 22:13:44.551,1789145024,R_10,4838.8990,0.0000,0.000
2026-09-11 22:13:46.536,1789145026,R_10,4838.9370,0.0000,0.000
2026-09-11 22:13:48.584,1789145028,R_10,4838.7720,0.0000,0.000
2026-09-11 22:13:50.631,1789145030,R_10,4838.8190,0.0000,0.000
2026-09-11 22:13:52.576,1789145032,R_10,4838.9290,0.0000,0.000
2026-09-11 22:13:54.638,1789145034,R_10,4838.9340,0.0000,0.000
2026-09-11 22:13:56.564,1789145036,R_10,4839.1850,0.0000,0.000
2026-09-11 22:13:58.610,1789145038,R_10,4839.0140,0.0000,0.000
2026-09-11 22:14:00.557,1789145040,R_10,4838.9400,0.0000,0.000
2026-09-11 22:14:02.605,1789145042,R_10,4838.9360,0.0000,0.000
2026-09-11 22:14:04.567,1789145044,R_10,4838.8750,0.0000,0.000
2026-09-11 22:14:06.604,1789145046,R_10,4838.8700,0.0000,0.000
2026-09-11 22:14:08.727,1789145048,R_10,4838.6610,0.0000,0.000
2026-09-11 22:14:10.621,1789145050,R_10,4838.6910,0.0000,0.000
2026-09-11 22:14:12.636,1789145052,R_10,4838.7120,0.0000,0.000
2026-09-11 22:14:14.509,1789145054,R_10,4838.6030,0.0000,0.000
2026-09-11 22:14:16.557,1789145056,R_10,4838.4190,0.0000,0.000
2026-09-11 22:14:18.588,1789145058,R_10,4838.2420,0.0000,0.000
2026-09-11 22:14:20.624,1789145060,R_10,4838.2440,0.0000,0.000
2026-09-11 22:14:22.495,1789145062,R_10,4838.0760,0.0000,0.000
2026-09-11 22:14:24.516,1789145064,R_10,4838.2220,0.0000,0.000
2026-09-11 22:14:26.597,1789145066,R_10,4838.2740,0.0000,0.000
2026-09-11 22:14:28.513,1789145068,R_10,4838.1130,0.0000,0.000
2026-09-11 22:14:30.559,1789145070,R_10,4838.0500,0.0000,0.000
2026-09-11 22:14:32.514,1789145072,R_10,4838.2100,0.0000,0.000
2026-09-11 22:14:34.553,1789145074,R_10,4838.1570,0.0000,0.000
2026-09-11 22:14:36.509,1789145076,R_10,4838.1330,0.0000,0.000
2026-09-11 22:14:38.680,1789145078,R_10,4838.1330,0.0000,0.000
2026-09-11 22:14:40.628,1789145080,R_10,4837.9730,0.0000,0.000
2026-09-11 22:14:42.577,1789145082,R_10,4838.2530,0.0000,0.000
2026-09-11 22:14:44.803,1789145084,R_10,4838.2370,0.0000,0.000
2026-09-11 22:14:46.710,1789145086,R_10,4838.3320,0.0000,0.000
2026-09-11 22:14:48.904,1789145088,R_10,4838.4210,0.0000,0.000
2026-09-11 22:14:50.521,1789145090,R_10,4838.6410,0.0000,0.000
2026-09-11 22:14:52.675,1789145092,R_10,4838.8840,0.0000,0.000
2026-09-11 22:14:54.473,1789145094,R_10,4838.8950,0.0000,0.000
2026-09-11 22:14:56.485,1789145096,R_10,4839.1160,0.0000,0.000
2026-09-11 22:14:58.543,1789145098,R_10,4839.0710,0.0000,0.000
2026-09-11 22:15:00.684,1789145100,R_10,4838.7740,0.0000,0.000
2026-09-11 22:15:02.618,1789145102,R_10,4838.5760,0.0000,0.000
2026-09-11 22:15:04.768,1789145104,R_10,4838.5310,0.0000,0.000
2026-09-11 22:15:06.612,1789145106,R_10,4838.4280,0.0000,0.000
2026-09-11 22:15:09.072,1789145108,R_10,4838.2430,0.0000,0.000
2026-09-11 22:15:10.631,1789145110,R_10,4838.3020,0.0000,0.000
2026-09-11 22:15:12.586,1789145112,R_10,4838.1140,0.0000,0.000
2026-09-11 22:15:14.600,1789145114,R_10,4838.0630,0.0000,0.000
2026-09-11 22:15:16.538,1789145116,R_10,4837.9860,0.0000,0.000
2026-09-11 22:15:18.558,1789145118,R_10,4837.8540,0.0000,0.000
2026-09-11 22:15:20.753,1789145120,R_10,4837.9290,0.0000,0.000
2026-09-11 22:15:22.586,1789145122,R_10,4837.9110,0.0000,0.000
2026-09-11 22:15:24.554,1789145124,R_10,4838.0580,0.0000,0.000
2026-09-11 22:15:26.572,1789145126,R_10,4838.2380,0.0000,0.000
2026-09-11 22:15:28.629,1789145128,R_10,4838.3220,0.0000,0.000
2026-09-11 22:15:30.576,1789145130,R_10,4838.4890,0.0000,0.000
2026-09-11 22:15:32.624,1789145132,R_10,4838.4400,0.0000,0.000
2026-09-11 22:15:34.568,1789145134,R_10,4838.5260,0.0000,0.000
2026-09-11 22:15:36.617,1789145136,R_10,4838.5240,0.0000,0.000
2026-09-11 22:15:38.688,1789145138,R_10,4838.3570,0.0000,0.000
2026-09-11 22:15:40.639,1789145140,R_10,4838.2790,0.0000,0.000
2026-09-11 22:15:42.638,1789145142,R_10,4838.2180,0.0000,0.000
2026-09-11 22:15:44.630,1789145144,R_10,4838.3300,0.0000,0.000
2026-09-11 22:15:46.638,1789145146,R_10,4838.2380,0.0000,0.000
2026-09-11 22:15:48.597,1789145148,R_10,4838.1240,0.0000,0.000
2026-09-11 22:15:50.541,1789145150,R_10,4838.0070,0.0000,0.000
2026-09-11 22:15:52.581,1789145152,R_10,4837.9920,0.0000,0.000
2026-09-11 22:15:54.495,1789145154,R_10,4837.8730,0.0000,0.000
2026-09-11 22:15:56.447,1789145156,R_10,4838.0250,0.0000,0.000
2026-09-11 22:15:58.661,1789145158,R_10,4838.0500,0.0000,0.000
2026-09-11 22:16:00.578,1789145160,R_10,4838.2070,0.0000,0.000
2026-09-11 22:16:02.577,1789145162,R_10,4838.2390,0.0000,0.000
2026-09-11 22:16:04.726,1789145164,R_10,4837.8920,0.0000,0.000
2026-09-11 22:16:06.567,1789145166,R_10,4837.9790,0.0000,0.000
2026-09-11 22:16:08.682,1789145168,R_10,4838.0750,0.0000,0.000
2026-09-11 22:16:10.633,1789145170,R_10,4837.9390,0.0000,0.000
2026-09-11 22:16:12.585,1789145172,R_10,4838.1580,0.0000,0.000
2026-09-11 22:16:14.608,1789145174,R_10,4838.1750,0.0000,0.000
2026-09-11 22:16:16.628,1789145176,R_10,4838.1660,0.0000,0.000
2026-09-11 22:16:18.499,1789145178,R_10,4837.9150,0.0000,0.000
2026-09-11 22:16:20.539,1789145180,R_10,4838.0760,0.0000,0.000
2026-09-11 22:16:22.492,1789145182,R_10,4838.1260,0.0000,0.000
2026-09-11 22:16:24.531,1789145184,R_10,4838.0790,0.0000,0.000
2026-09-11 22:16:26.579,1789145186,R_10,4838.2220,0.0000,0.000
2026-09-11 22:16:28.559,1789145188,R_10,4838.2280,0.0000,0.000
2026-09-11 22:16:30.592,1789145190,R_10,4838.2840,0.0000,0.000
2026-09-11 22:16:32.632,1789145192,R_10,4838.3170,0.0000,0.000
2026-09-11 22:16:34.772,1789145194,R_10,4838.4530,0.0000,0.000
2026-09-11 22:16:36.624,1789145196,R_10,4838.5000,0.0000,0.000
2026-09-11 22:16:38.680,1789145198,R_10,4838.5270,0.0000,0.000
2026-09-11 22:16:40.633,1789145200,R_10,4838.7000,0.0000,0.000
2026-09-11 22:16:42.581,1789145202,R_10,4838.8000,0.0000,0.000
2026-09-11 22:16:44.481,1789145204,R_10,4838.5950,0.0000,0.000
2026-09-11 22:16:46.559,1789145206,R_10,4838.7600,0.0000,0.000
2026-09-11 22:16:48.603,1789145208,R_10,4838.9610,0.0000,0.000
2026-09-11 22:16:50.560,1789145210,R_10,4838.8500,0.0000,0.000
2026-09-11 22:16:52.801,1789145212,R_10,4838.9790,0.0000,0.000
2026-09-11 22:16:54.637,1789145214,R_10,4839.1380,0.0000,0.000
2026-09-11 22:16:56.581,1789145216,R_10,4839.1800,0.0000,0.000
2026-09-11 22:16:58.641,1789145218,R_10,4839.3750,0.0000,0.000
2026-09-11 22:17:00.583,1789145220,R_10,4839.2820,0.0000,0.000
2026-09-11 22:17:02.631,1789145222,R_10,4839.1210,0.0000,0.000
2026-09-11 22:17:04.792,1789145224,R_10,4839.2500,0.0000,0.000
2026-09-11 22:17:06.535,1789145226,R_10,4839.1980,0.0000,0.000
2026-09-11 22:17:08.677,1789145228,R_10,4839.3590,0.0000,0.000
2026-09-11 22:17:10.625,1789145230,R_10,4839.4940,0.0000,0.000
2026-09-11 22:17:12.573,1789145232,R_10,4839.4890,0.0000,0.000
2026-09-11 22:17:14.613,1789145234,R_10,4839.4570,0.0000,0.000
2026-09-11 22:17:16.662,1789145236,R_10,4839.6530,0.0000,0.000
2026-09-11 22:17:18.607,1789145238,R_10,4839.7870,0.0000,0.000
2026-09-11 22:17:20.683,1789145240,R_10,4839.7650,0.0000,0.000
2026-09-11 22:17:22.540,1789145242,R_10,4839.7870,0.0000,0.000
2026-09-11 22:17:24.535,1789145244,R_10,4839.7840,0.0000,0.000
2026-09-11 22:17:26.586,1789145246,R_10,4839.7420,0.0000,0.000
2026-09-11 22:17:28.643,1789145248,R_10,4839.7490,0.0000,0.000
2026-09-11 22:17:30.588,1789145250,R_10,4839.7190,0.0000,0.000
2026-09-11 22:17:32.524,1789145252,R_10,4839.7350,0.0000,0.000
2026-09-11 22:17:34.584,1789145254,R_10,4839.9640,0.0000,0.000
2026-09-11 22:17:36.630,1789145256,R_10,4840.1690,0.0000,0.000
2026-09-11 22:17:38.746,1789145258,R_10,4840.2000,0.0000,0.000
2026-09-11 22:17:40.682,1789145260,R_10,4840.3840,0.0000,0.000
2026-09-11 22:17:42.577,1789145262,R_10,4840.3920,0.0000,0.000
2026-09-11 22:17:44.535,1789145264,R_10,4840.3060,0.0000,0.000
2026-09-11 22:17:46.630,1789145266,R_10,4840.4130,0.0000,0.000
2026-09-11 22:17:48.519,1789145268,R_10,4840.6850,0.0000,0.000
2026-09-11 22:17:51.081,1789145270,R_10,4840.5870,0.0000,0.000
2026-09-11 22:17:52.595,1789145272,R_10,4840.4360,0.0000,0.000
2026-09-11 22:17:54.544,1789145274,R_10,4840.0530,0.0000,0.000
2026-09-11 22:17:56.589,1789145276,R_10,4840.0790,0.0000,0.000
2026-09-11 22:17:58.630,1789145278,R_10,4840.1210,0.0000,0.000
2026-09-11 22:18:00.458,1789145280,R_10,4840.1070,0.0000,0.000
2026-09-11 22:18:02.633,1789145282,R_10,4840.0820,0.0000,0.000
2026-09-11 22:18:04.705,1789145284,R_10,4839.8870,0.0000,0.000
2026-09-11 22:18:06.523,1789145286,R_10,4840.0260,0.0000,0.000
2026-09-11 22:18:08.688,1789145288,R_10,4840.0160,0.0000,0.000
2026-09-11 22:18:10.517,1789145290,R_10,4840.0290,0.0000,0.000
2026-09-11 22:18:12.595,1789145292,R_10,4840.0650,0.0000,0.000
2026-09-11 22:18:14.630,1789145294,R_10,4840.0900,0.0000,0.000
2026-09-11 22:18:16.566,1789145296,R_10,4839.7730,0.0000,0.000
2026-09-11 22:18:18.504,1789145298,R_10,4839.8650,0.0000,0.000
2026-09-11 22:18:20.457,1789145300,R_10,4839.7870,0.0000,0.000
2026-09-11 22:18:22.507,1789145302,R_10,4839.8880,0.0000,0.000
2026-09-11 22:18:24.474,1789145304,R_10,4839.9980,0.0000,0.000
2026-09-11 22:18:26.592,1789145306,R_10,4839.8530,0.0000,0.000
2026-09-11 22:18:28.539,1789145308,R_10,4839.7730,0.0000,0.000
2026-09-11 22:18:30.485,1789145310,R_10,4839.8340,0.0000,0.000
2026-09-11 22:18:32.634,1789145312,R_10,4839.9190,0.0000,0.000
2026-09-11 22:18:34.792,1789145314,R_10,4839.8630,0.0000,0.000
2026-09-11 22:18:36.639,1789145316,R_10,4839.8970,0.0000,0.000
2026-09-11 22:18:38.683,1789145318,R_10,4839.7970,0.0000,0.000
2026-09-11 22:18:40.633,1789145320,R_10,4839.8340,0.0000,0.000
2026-09-11 22:18:42.500,1789145322,R_10,4839.8670,0.0000,0.000
2026-09-11 22:18:44.495,1789145324,R_10,4839.7880,0.0000,0.000
2026-09-11 22:18:46.572,1789145326,R_10,4839.6340,0.0000,0.000
2026-09-11 22:18:48.618,1789145328,R_10,4839.4010,0.0000,0.000
2026-09-11 22:18:50.565,1789145330,R_10,4839.4320,0.0000,0.000
2026-09-11 22:18:52.612,1789145332,R_10,4839.2890,0.0000,0.000
2026-09-11 22:18:54.483,1789145334,R_10,4839.2680,0.0000,0.000
2026-09-11 22:18:56.494,1789145336,R_10,4839.1850,0.0000,0.000
2026-09-11 22:18:58.502,1789145338,R_10,4839.3270,0.0000,0.000
2026-09-11 22:19:00.571,1789145340,R_10,4839.4250,0.0000,0.000
2026-09-11 22:19:02.544,1789145342,R_10,4839.0880,0.0000,0.000
2026-09-11 22:19:04.702,1789145344,R_10,4839.0440,0.0000,0.000
2026-09-11 22:19:06.530,1789145346,R_10,4839.1930,0.0000,0.000
2026-09-11 22:19:08.695,1789145348,R_10,4839.0240,0.0000,0.000
2026-09-11 22:19:10.725,1789145350,R_10,4839.1730,0.0000,0.000
2026-09-11 22:19:12.607,1789145352,R_10,4838.9810,0.0000,0.000
2026-09-11 22:19:14.473,1789145354,R_10,4839.1590,0.0000,0.000
2026-09-11 22:19:17.323,1789145356,R_10,4839.1270,0.0000,0.000
2026-09-11 22:19:18.525,1789145358,R_10,4839.2950,0.0000,0.000
2026-09-11 22:19:20.494,1789145360,R_10,4839.1360,0.0000,0.000
2026-09-11 22:19:22.630,1789145362,R_10,4839.2620,0.0000,0.000
2026-09-11 22:19:24.502,1789145364,R_10,4839.2370,0.0000,0.000
2026-09-11 22:19:26.485,1789145366,R_10,4839.3510,0.0000,0.000
2026-09-11 22:19:28.546,1789145368,R_10,4839.2120,0.0000,0.000
2026-09-11 22:19:30.517,1789145370,R_10,4839.1330,0.0000,0.000
2026-09-11 22:19:32.559,1789145372,R_10,4838.9110,0.0000,0.000
2026-09-11 22:19:34.596,1789145374,R_10,4838.7160,0.0000,0.000
2026-09-11 22:19:37.049,1789145376,R_10,4838.7040,0.0000,0.000
2026-09-11 22:19:38.460,1789145378,R_10,4838.4380,0.0000,0.000
2026-09-11 22:19:40.485,1789145380,R_10,4838.4570,0.0000,0.000
2026-09-11 22:19:42.609,1789145382,R_10,4838.2010,0.0000,0.000
2026-09-11 22:19:44.546,1789145384,R_10,4838.0910,0.0000,0.000
2026-09-11 22:19:46.487,1789145386,R_10,4838.1330,0.0000,0.000
2026-09-11 22:19:48.939,1789145388,R_10,4838.0840,0.0000,0.000
2026-09-11 22:19:50.581,1789145390,R_10,4838.2230,0.0000,0.000
2026-09-11 22:19:52.527,1789145392,R_10,4838.1220,0.0000,0.000
2026-09-11 22:19:54.556,1789145394,R_10,4837.9740,0.0000,0.000
2026-09-11 22:19:56.785,1789145396,R_10,4837.9520,0.0000,0.000
2026-09-11 22:19:58.549,1789145398,R_10,4837.9690,0.0000,0.000
2026-09-11 22:20:00.534,1789145400,R_10,4837.9530,0.0000,0.000
2026-09-11 22:20:02.651,1789145402,R_10,4837.7150,0.0000,0.000
2026-09-11 22:20:04.600,1789145404,R_10,4838.0300,0.0000,0.000
2026-09-11 22:20:06.639,1789145406,R_10,4838.0540,0.0000,0.000
2026-09-11 22:20:08.790,1789145408,R_10,4838.1190,0.0000,0.000
2026-09-11 22:20:10.645,1789145410,R_10,4838.0450,0.0000,0.000
2026-09-11 22:20:12.584,1789145412,R_10,4838.2220,0.0000,0.000
2026-09-11 22:20:14.531,1789145414,R_10,4838.2040,0.0000,0.000
2026-09-11 22:20:16.497,1789145416,R_10,4838.2550,0.0000,0.000
2026-09-11 22:20:18.550,1789145418,R_10,4838.5500,0.0000,0.000
2026-09-11 22:20:20.571,1789145420,R_10,4838.5350,0.0000,0.000
2026-09-11 22:20:22.469,1789145422,R_10,4838.4800,0.0000,0.000
2026-09-11 22:20:24.561,1789145424,R_10,4838.3940,0.0000,0.000
2026-09-11 22:20:26.479,1789145426,R_10,4838.2380,0.0000,0.000
2026-09-11 22:20:28.657,1789145428,R_10,4838.3060,0.0000,0.000
2026-09-11 22:20:30.453,1789145430,R_10,4838.3170,0.0000,0.000
2026-09-11 22:20:32.497,1789145432,R_10,4838.2720,0.0000,0.000
2026-09-11 22:20:34.457,1789145434,R_10,4838.2980,0.0000,0.000
2026-09-11 22:20:36.643,1789145436,R_10,4838.3100,0.0000,0.000
2026-09-11 22:20:38.488,1789145438,R_10,4838.3230,0.0000,0.000
2026-09-11 22:20:40.637,1789145440,R_10,4838.3030,0.0000,0.000
2026-09-11 22:20:42.583,1789145442,R_10,4838.3450,0.0000,0.000
2026-09-11 22:20:44.529,1789145444,R_10,4838.3320,0.0000,0.000
2026-09-11 22:20:46.577,1789145446,R_10,4838.2580,0.0000,0.000
2026-09-11 22:20:48.522,1789145448,R_10,4838.1500,0.0000,0.000
2026-09-11 22:20:50.529,1789145450,R_10,4838.3510,0.0000,0.000
2026-09-11 22:20:52.643,1789145452,R_10,4838.4120,0.0000,0.000
2026-09-11 22:20:54.520,1789145454,R_10,4838.4880,0.0000,0.000
2026-09-11 22:20:56.508,1789145456,R_10,4838.2830,0.0000,0.000
2026-09-11 22:20:58.557,1789145458,R_10,4838.1950,0.0000,0.000
2026-09-11 22:21:00.511,1789145460,R_10,4838.1940,0.0000,0.000
2026-09-11 22:21:02.555,1789145462,R_10,4838.1930,0.0000,0.000
2026-09-11 22:21:04.609,1789145464,R_10,4838.2480,0.0000,0.000
2026-09-11 22:21:06.656,1789145466,R_10,4838.2160,0.0000,0.000
2026-09-11 22:21:08.683,1789145468,R_10,4838.1650,0.0000,0.000
2026-09-11 22:21:10.638,1789145470,R_10,4838.0760,0.0000,0.000
2026-09-11 22:21:12.584,1789145472,R_10,4838.0630,0.0000,0.000
2026-09-11 22:21:14.540,1789145474,R_10,4837.9710,0.0000,0.000
2026-09-11 22:21:16.524,1789145476,R_10,4838.2810,0.0000,0.000
2026-09-11 22:21:18.523,1789145478,R_10,4838.2180,0.0000,0.000
2026-09-11 22:21:20.574,1789145480,R_10,4838.2440,0.0000,0.000
2026-09-11 22:21:22.518,1789145482,R_10,4838.3860,0.0000,0.000
2026-09-11 22:21:24.565,1789145484,R_10,4838.5800,0.0000,0.000
2026-09-11 22:21:26.510,1789145486,R_10,4838.7160,0.0000,0.000
2026-09-11 22:21:28.557,1789145488,R_10,4838.6110,0.0000,0.000
2026-09-11 22:21:30.632,1789145490,R_10,4838.5870,0.0000,0.000
2026-09-11 22:21:32.564,1789145492,R_10,4838.5570,0.0000,0.000
2026-09-11 22:21:34.508,1789145494,R_10,4838.7240,0.0000,0.000
2026-09-11 22:21:36.557,1789145496,R_10,4838.8000,0.0000,0.000
2026-09-11 22:21:38.681,1789145498,R_10,4838.8330,0.0000,0.000
2026-09-11 22:21:40.624,1789145500,R_10,4838.7910,0.0000,0.000
2026-09-11 22:21:42.590,1789145502,R_10,4838.8550,0.0000,0.000
2026-09-11 22:21:44.642,1789145504,R_10,4838.9050,0.0000,0.000
2026-09-11 22:21:46.488,1789145506,R_10,4838.9350,0.0000,0.000
2026-09-11 22:21:48.536,1789145508,R_10,4838.9840,0.0000,0.000
2026-09-11 22:21:50.687,1789145510,R_10,4839.1440,0.0000,0.000
2026-09-11 22:21:52.633,1789145512,R_10,4839.2390,0.0000,0.000
2026-09-11 22:21:54.568,1789145514,R_10,4839.3710,0.0000,0.000
2026-09-11 22:21:56.543,1789145516,R_10,4839.3780,0.0000,0.000
2026-09-11 22:21:58.572,1789145518,R_10,4839.3740,0.0000,0.000
2026-09-11 22:22:00.621,1789145520,R_10,4839.4170,0.0000,0.000
2026-09-11 22:22:02.577,1789145522,R_10,4839.4420,0.0000,0.000
2026-09-11 22:22:04.511,1789145524,R_10,4839.3810,0.0000,0.000
2026-09-11 22:22:06.464,1789145526,R_10,4839.3310,0.0000,0.000
2026-09-11 22:22:08.688,1789145528,R_10,4839.1140,0.0000,0.000
2026-09-11 22:22:10.646,1789145530,R_10,4839.0700,0.0000,0.000
2026-09-11 22:22:12.619,1789145532,R_10,4838.6540,0.0000,0.000
2026-09-11 22:22:14.546,1789145534,R_10,4838.6210,0.0000,0.000
2026-09-11 22:22:16.494,1789145536,R_10,4838.5580,0.0000,0.000
2026-09-11 22:22:18.539,1789145538,R_10,4838.4390,0.0000,0.000
2026-09-11 22:22:20.486,1789145540,R_10,4838.5570,0.0000,0.000
2026-09-11 22:22:22.534,1789145542,R_10,4838.6660,0.0000,0.000
2026-09-11 22:22:24.853,1789145544,R_10,4838.6770,0.0000,0.000
2026-09-11 22:22:26.517,1789145546,R_10,4838.6350,0.0000,0.000
2026-09-11 22:22:28.568,1789145548,R_10,4838.7040,0.0000,0.000
2026-09-11 22:22:30.522,1789145550,R_10,4838.6800,0.0000,0.000
2026-09-11 22:22:32.569,1789145552,R_10,4838.6950,0.0000,0.000
2026-09-11 22:22:34.721,1789145554,R_10,4838.8430,0.0000,0.000
2026-09-11 22:22:36.563,1789145556,R_10,4838.7990,0.0000,0.000
2026-09-11 22:22:38.681,1789145558,R_10,4838.9540,0.0000,0.000
2026-09-11 22:22:40.646,1789145560,R_10,4838.9490,0.0000,0.000
2026-09-11 22:22:42.569,1789145562,R_10,4838.8070,0.0000,0.000
2026-09-11 22:22:44.550,1789145564,R_10,4838.7150,0.0000,0.000
2026-09-11 22:22:46.600,1789145566,R_10,4838.6400,0.0000,0.000
2026-09-11 22:22:48.648,1789145568,R_10,4838.9110,0.0000,0.000
2026-09-11 22:22:50.589,1789145570,R_10,4839.0710,0.0000,0.000
2026-09-11 22:22:52.640,1789145572,R_10,4839.1660,0.0000,0.000
2026-09-11 22:22:54.575,1789145574,R_10,4839.2750,0.0000,0.000
2026-09-11 22:22:56.522,1789145576,R_10,4839.2930,0.0000,0.000
2026-09-11 22:22:59.047,1789145578,R_10,4839.1780,0.0000,0.000
2026-09-11 22:23:00.544,1789145580,R_10,4839.0020,0.0000,0.000
